CodMunicipioIbge,municipio,uf,NomRegiao,qtd_empreendimentos,potencia_total_kw,potencia_media_kw
5200050,Abadia de Goiás,GO,Centro Oeste,871,11782.95,13.53
3100104,Abadia dos Dourados,MG,Sudeste,250,2210.29,8.84
5200100,Abadiânia,GO,Centro Oeste,294,5866.26,19.95
3100203,Abaeté,MG,Sudeste,591,6473.49,10.95
1500107,Abaetetuba,PA,Norte,3397,36509.56,10.75
2300101,Abaiara,CE,Nordeste,94,3512.49,37.37
2900108,Abaíra,BA,Nordeste,155,1052.54,6.79
2900207,Abaré,BA,Nordeste,260,2214.47,8.52
4100103,Abatiá,PR,Sul,183,2848.03,15.56
4200051,Abdon Batista,SC,Sul,112,925.14,8.26
1500131,Abel Figueiredo,PA,Norte,122,1125.12,9.22
4200101,Abelardo Luz,SC,Sul,289,7604.6,26.31
3100302,Abre Campo,MG,Sudeste,437,5093.82,11.66
2600054,Abreu e Lima,PE,Nordeste,1179,9003.46,7.64
1700251,Abreulândia,TO,Norte,61,739.83,12.13
3100401,Acaiaca,MG,Sudeste,52,403.59,7.76
2100055,Açailândia,MA,Nordeste,4105,47336.98,11.53
2900306,Acajutiba,BA,Nordeste,170,1465.79,8.62
1500206,Acará,PA,Norte,180,2440.98,13.56
2300150,Acarape,CE,Nordeste,112,2063.42,18.42
2300200,Acaraú,CE,Nordeste,915,19065.58,20.84
2400109,Acari,RN,Nordeste,455,3489.53,7.67
2200053,Acauã,PI,Nordeste,164,1152.68,7.03
4300034,Aceguá,RS,Sul,131,1629.18,12.44
2300309,Acopiara,CE,Nordeste,879,8465.15,9.63
5100102,Acorizal,MT,Centro Oeste,400,4095.13,10.24
1200013,Acrelândia,AC,Norte,376,4228.63,11.25
5200134,Acreúna,GO,Centro Oeste,794,8568.78,10.79
3100500,Açucena,MG,Sudeste,85,758.89,8.93
3500105,Adamantina,SP,Sudeste,3423,28647.36,8.37
5200159,Adelândia,GO,Centro Oeste,66,916.3,13.88
3500204,Adolfo,SP,Sudeste,278,8264.37,29.73
4100202,Adrianópolis,PR,Sul,33,519.27,15.74
2900355,Adustina,BA,Nordeste,164,1210.99,7.38
2600104,Afogados da Ingazeira,PE,Nordeste,1755,13202.07,7.52
2400307,Afonso Bezerra,RN,Nordeste,239,1941.96,8.13
3200102,Afonso Cláudio,ES,Sudeste,1371,15691.75,11.45
2100105,Afonso Cunha,MA,Nordeste,23,861.98,37.48
2600203,Afrânio,PE,Nordeste,580,6076.66,10.48
1500305,Afuá,PA,Norte,51,799.77,15.68
2600302,Agrestina,PE,Nordeste,427,6296.68,14.75
2200103,Agricolândia,PI,Nordeste,80,772.51,9.66
4200200,Agrolândia,SC,Sul,346,4533.26,13.1
4200309,Agronômica,SC,Sul,268,2699.78,10.07
1500347,Água Azul do Norte,PA,Norte,292,3513.36,12.03
3100609,Água Boa,MG,Sudeste,146,1451.53,9.94
5100201,Água Boa,MT,Centro Oeste,1881,30457.8,16.19
2700102,Água Branca,AL,Nordeste,129,1000.85,7.76
2200202,Água Branca,PI,Nordeste,485,6071.13,12.52
2500106,Água Branca,PB,Nordeste,67,466.91,6.97
5000203,Água Clara,MS,Centro Oeste,968,10826.48,11.18
3100708,Água Comprida,MG,Sudeste,115,1095.36,9.52
4200408,Água Doce,SC,Sul,213,7666.59,35.99
2100154,Água Doce do Maranhão,MA,Nordeste,103,959.2,9.31
3200169,Água Doce do Norte,ES,Sudeste,455,4838.01,10.63
2900405,Água Fria,BA,Nordeste,126,2761.98,21.92
5200175,Água Fria de Goiás,GO,Centro Oeste,59,3129.51,53.04
5200209,Água Limpa,GO,Centro Oeste,73,863.94,11.83
2400406,Água Nova,RN,Nordeste,126,1048.35,8.32
2600401,Água Preta,PE,Nordeste,161,1771.2,11.0
4300059,Água Santa,RS,Sul,247,3205.03,12.98
3500303,Aguaí,SP,Sudeste,803,10434.45,12.99
3100807,Aguanil,MG,Sudeste,124,1388.44,11.2
2600500,Águas Belas,PE,Nordeste,480,4085.78,8.51
3500402,Águas da Prata,SP,Sudeste,164,1678.82,10.24
4200507,Águas de Chapecó,SC,Sul,218,5167.1,23.7
3500501,Águas de Lindóia,SP,Sudeste,453,4879.36,10.77
3500550,Águas de Santa Bárbara,SP,Sudeste,288,2167.71,7.53
3500600,Águas de São Pedro,SP,Sudeste,229,1388.98,6.07
3100906,Águas Formosas,MG,Sudeste,270,2168.5,8.03
4200556,Águas Frias,SC,Sul,189,2438.35,12.9
5200258,Águas Lindas de Goiás,GO,Centro Oeste,1019,11233.1,11.02
4200606,Águas Mornas,SC,Sul,316,2853.55,9.03
3101003,Águas Vermelhas,MG,Sudeste,83,1983.28,23.89
4300109,Agudo,RS,Sul,1276,10146.48,7.95
3500709,Agudos,SP,Sudeste,1023,7629.25,7.46
4100301,Agudos do Sul,PR,Sul,205,2897.9,14.14
3200136,Águia Branca,ES,Sudeste,607,7262.47,11.96
2500205,Aguiar,PB,Nordeste,65,1929.87,29.69
1700301,Aguiarnópolis,TO,Norte,93,1417.19,15.24
3101102,Aimorés,MG,Sudeste,1208,8032.77,6.65
2900603,Aiquara,BA,Nordeste,56,527.73,9.42
2300408,Aiuaba,CE,Nordeste,115,680.98,5.92
3101201,Aiuruoca,MG,Sudeste,83,967.67,11.66
4300208,Ajuricaba,RS,Sul,529,3771.78,7.13
3101300,Alagoa,MG,Sudeste,57,607.59,10.66
2500304,Alagoa Grande,PB,Nordeste,209,2288.21,10.95
2500403,Alagoa Nova,PB,Nordeste,105,1312.93,12.5
2500502,Alagoinha,PB,Nordeste,213,3682.03,17.29
2600609,Alagoinha,PE,Nordeste,62,507.02,8.18
2200251,Alagoinha do Piauí,PI,Nordeste,200,1226.23,6.13
2900702,Alagoinhas,BA,Nordeste,3292,29587.58,8.99
3500758,Alambari,SP,Sudeste,132,1174.34,8.9
3101409,Albertina,MG,Sudeste,68,365.81,5.38
2100204,Alcântara,MA,Nordeste,38,2341.23,61.61
2300507,Alcântaras,CE,Nordeste,104,890.57,8.56
2500536,Alcantil,PB,Nordeste,38,238.19,6.27
5000252,Alcinópolis,MS,Centro Oeste,285,3346.74,11.74
2900801,Alcobaça,BA,Nordeste,628,5692.13,9.06
2100303,Aldeias Altas,MA,Nordeste,145,1270.51,8.76
4300307,Alecrim,RS,Sul,408,2517.41,6.17
3200201,Alegre,ES,Sudeste,999,8571.7,8.58
4300406,Alegrete,RS,Sul,2702,35721.69,13.22
2200277,Alegrete do Piauí,PI,Nordeste,84,582.85,6.94
4300455,Alegria,RS,Sul,220,1728.04,7.85
3101508,Além Paraíba,MG,Sudeste,845,6670.29,7.89
1500404,Alenquer,PA,Norte,661,6016.02,9.1
2400505,Alexandria,RN,Nordeste,510,4432.24,8.69
5200308,Alexânia,GO,Centro Oeste,740,9177.65,12.4
3101607,Alfenas,MG,Sudeste,1749,17721.17,10.13
3200300,Alfredo Chaves,ES,Sudeste,636,6809.35,10.71
3500808,Alfredo Marcondes,SP,Sudeste,384,2640.05,6.88
3101631,Alfredo Vasconcelos,MG,Sudeste,111,1105.64,9.96
4200705,Alfredo Wagner,SC,Sul,394,3422.84,8.69
2500577,Algodão de Jandaíra,PB,Nordeste,15,187.07,12.47
2500601,Alhandra,PB,Nordeste,118,2845.63,24.12
2600708,Aliança,PE,Nordeste,277,2666.85,9.63
1700350,Aliança do Tocantins,TO,Norte,207,4217.25,20.37
2900900,Almadina,BA,Nordeste,42,333.58,7.94
1700400,Almas,TO,Norte,156,1671.8,10.72
1500503,Almeirim,PA,Norte,340,3039.71,8.94
3101706,Almenara,MG,Sudeste,980,7100.99,7.25
2400604,Almino Afonso,RN,Nordeste,190,1703.48,8.97
4100400,Almirante Tamandaré,PR,Sul,561,7941.03,14.16
4300471,Almirante Tamandaré do Sul,RS,Sul,280,2775.14,9.91
5200506,Aloândia,GO,Centro Oeste,123,4048.98,32.92
3101805,Alpercata,MG,Sudeste,357,3257.3,9.12
4300505,Alpestre,RS,Sul,293,3143.03,10.73
3101904,Alpinópolis,MG,Sudeste,767,9601.11,12.52
5100250,Alta Floresta,MT,Centro Oeste,4557,45963.8,10.09
1100015,Alta Floresta D'Oeste,RO,Norte,1381,15374.44,11.13
3500907,Altair,SP,Sudeste,114,8812.83,77.31
1500602,Altamira,PA,Norte,4430,53172.75,12.0
2100402,Altamira do Maranhão,MA,Nordeste,79,771.5,9.77
4100459,Altamira do Paraná,PR,Sul,111,1779.08,16.03
2300606,Altaneira,CE,Nordeste,30,479.76,15.99
3102001,Alterosa,MG,Sudeste,324,3041.33,9.39
2600807,Altinho,PE,Nordeste,265,2242.01,8.46
3501004,Altinópolis,SP,Sudeste,458,6620.86,14.46
3501103,Alto Alegre,SP,Sudeste,194,1311.23,6.76
4300554,Alto Alegre,RS,Sul,72,388.47,5.4
1400050,Alto Alegre,RR,Norte,68,1000.52,14.71
2100436,Alto Alegre do Maranhão,MA,Nordeste,368,4645.49,12.62
2100477,Alto Alegre do Pindaré,MA,Nordeste,217,1830.53,8.44
1100379,Alto Alegre dos Parecis,RO,Norte,344,3507.71,10.2
5100300,Alto Araguaia,MT,Centro Oeste,591,10332.19,17.48
4200754,Alto Bela Vista,SC,Sul,157,2562.2,16.32
5100359,Alto Boa Vista,MT,Centro Oeste,207,2527.45,12.21
3102050,Alto Caparaó,MG,Sudeste,265,1985.22,7.49
2400703,Alto do Rodrigues,RN,Nordeste,716,6890.47,9.62
4300570,Alto Feliz,RS,Sul,1043,8607.78,8.25
5100409,Alto Garças,MT,Centro Oeste,365,5134.74,14.07
5200555,Alto Horizonte,GO,Centro Oeste,395,3158.93,8.0
3153509,Alto Jequitibá,MG,Sudeste,453,15464.39,34.14
2200301,Alto Longá,PI,Nordeste,232,2677.32,11.54
5100508,Alto Paraguai,MT,Centro Oeste,252,4552.8,18.07
4128625,Alto Paraíso,PR,Sul,219,1942.37,8.87
1100403,Alto Paraíso,RO,Norte,570,6799.23,11.93
5200605,Alto Paraíso de Goiás,GO,Centro Oeste,165,1598.04,9.69
4100608,Alto Paraná,PR,Sul,651,36856.76,56.62
2100501,Alto Parnaíba,MA,Nordeste,151,3148.62,20.85
4100707,Alto Piquiri,PR,Sul,389,4220.51,10.85
3102100,Alto Rio Doce,MG,Sudeste,213,1748.0,8.21
3200359,Alto Rio Novo,ES,Sudeste,308,2909.11,9.45
2300705,Alto Santo,CE,Nordeste,276,3500.7,12.68
5100607,Alto Taquari,MT,Centro Oeste,355,4824.43,13.59
4100509,Altônia,PR,Sul,1550,16125.45,10.4
2200400,Altos,PI,Nordeste,1153,13730.45,11.91
3501152,Alumínio,SP,Sudeste,250,1572.05,6.29
1300029,Alvarães,AM,Norte,5,70.95,14.19
3102209,Alvarenga,MG,Sudeste,105,574.94,5.48
3501202,Álvares Florence,SP,Sudeste,303,3895.79,12.86
3501301,Álvares Machado,SP,Sudeste,2259,18778.8,8.31
3501400,Álvaro de Carvalho,SP,Sudeste,124,1087.39,8.77
3501509,Alvinlândia,SP,Sudeste,56,658.97,11.77
3102308,Alvinópolis,MG,Sudeste,205,2730.0,13.32
1700707,Alvorada,TO,Norte,488,10619.75,21.76
4300604,Alvorada,RS,Sul,2213,16712.91,7.55
3102407,Alvorada de Minas,MG,Sudeste,39,661.68,16.97
2200459,Alvorada do Gurguéia,PI,Nordeste,34,350.79,10.32
5200803,Alvorada do Norte,GO,Centro Oeste,170,5244.56,30.85
4100806,Alvorada do Sul,PR,Sul,689,6353.56,9.22
1100346,Alvorada D'Oeste,RO,Norte,640,6200.05,9.69
1400027,Amajari,RR,Norte,19,298.58,15.71
5000609,Amambai,MS,Centro Oeste,1786,16985.97,9.51
1600105,Amapá,AP,Norte,33,617.24,18.7
2100550,Amapá do Maranhão,MA,Nordeste,62,467.35,7.54
4100905,Amaporã,PR,Sul,261,3561.01,13.64
2600906,Amaraji,PE,Nordeste,170,1809.05,10.64
4300638,Amaral Ferrador,RS,Sul,95,691.65,7.28
5200829,Amaralina,GO,Centro Oeste,60,539.83,9.0
2200509,Amarante,PI,Nordeste,262,2412.24,9.21
2100600,Amarante do Maranhão,MA,Nordeste,744,6950.41,9.34
2901007,Amargosa,BA,Nordeste,742,7154.03,9.64
1300060,Amaturá,AM,,0,0.0,
2901106,Amélia Rodrigues,BA,Nordeste,279,2681.33,9.61
2901155,América Dourada,BA,Nordeste,256,8829.27,34.49
3501608,Americana,SP,Sudeste,6265,50617.61,8.08
5200852,Americano do Brasil,GO,Centro Oeste,201,3038.95,15.12
3501707,Américo Brasiliense,SP,Sudeste,931,7876.22,8.46
3501806,Américo de Campos,SP,Sudeste,468,9675.76,20.67
4300646,Ametista do Sul,RS,Sul,309,4781.74,15.47
2300754,Amontada,CE,Nordeste,479,19004.21,39.67
5200902,Amorinópolis,GO,Centro Oeste,114,1154.64,10.13
3501905,Amparo,SP,Sudeste,1372,15292.33,11.15
2500734,Amparo,PB,Nordeste,25,210.69,8.43
2800100,Amparo do São Francisco,SE,Nordeste,14,143.86,10.28
3102506,Amparo do Serra,MG,Sudeste,52,528.3,10.16
4101002,Ampére,PR,Sul,1347,18288.07,13.58
2700201,Anadia,AL,Nordeste,216,2469.55,11.43
2901205,Anagé,BA,Nordeste,555,5411.99,9.75
4101051,Anahy,PR,Sul,173,2524.71,14.59
1500701,Anajás,PA,Norte,41,624.26,15.23
2100709,Anajatuba,MA,Nordeste,153,1389.4,9.08
3502002,Analândia,SP,Sudeste,147,1382.49,9.4
1300086,Anamã,AM,Norte,10,223.0,22.3
1701002,Ananás,TO,Norte,241,2268.03,9.41
1500800,Ananindeua,PA,Norte,11390,97680.22,8.58
5201108,Anápolis,GO,Centro Oeste,9964,107894.26,10.83
1500859,Anapu,PA,Norte,413,4569.3,11.06
2100808,Anapurus,MA,Nordeste,358,3531.82,9.87
5000708,Anastácio,MS,Centro Oeste,1724,15428.43,8.95
5000807,Anaurilândia,MS,Centro Oeste,515,4601.12,8.93
4200804,Anchieta,SC,Sul,273,4977.49,18.23
3200409,Anchieta,ES,Sudeste,978,10141.8,10.37
2901304,Andaraí,BA,Nordeste,187,2306.02,12.33
4101101,Andirá,PR,Sul,762,12353.38,16.21
2901353,Andorinha,BA,Nordeste,321,1922.75,5.99
3102605,Andradas,MG,Sudeste,913,15457.25,16.93
3502101,Andradina,SP,Sudeste,4830,39335.9,8.14
4300661,André da Rocha,RS,Sul,46,834.66,18.14
3102803,Andrelândia,MG,Sudeste,56,714.61,12.76
3502200,Angatuba,SP,Sudeste,443,6518.79,14.72
3102852,Angelândia,MG,Sudeste,76,846.78,11.14
5000856,Angélica,MS,Centro Oeste,885,8565.87,9.68
2601003,Angelim,PE,Nordeste,125,1445.29,11.56
4200903,Angelina,SC,Sul,239,2099.62,8.79
2901403,Angical,BA,Nordeste,524,3725.59,7.11
2200608,Angical do Piauí,PI,Nordeste,163,1571.54,9.64
1701051,Angico,TO,Norte,44,776.83,17.66
2400802,Angicos,RN,Nordeste,500,4735.39,9.47
3300100,Angra dos Reis,RJ,Sudeste,1905,18138.3,9.52
2901502,Anguera,BA,Nordeste,107,4566.22,42.67
4101150,Ângulo,PR,Sul,226,3107.14,13.75
5201207,Anhanguera,GO,Centro Oeste,19,208.06,10.95
3502309,Anhembi,SP,Sudeste,189,2672.6,14.14
3502408,Anhumas,SP,Sudeste,263,1747.21,6.64
5201306,Anicuns,GO,Centro Oeste,480,7910.89,16.48
2200707,Anísio de Abreu,PI,Nordeste,118,914.43,7.75
4201000,Anita Garibaldi,SC,Sul,107,1982.5,18.53
4201109,Anitápolis,SC,Sul,107,1464.27,13.68
1300102,Anori,AM,Norte,24,225.87,9.41
4300703,Anta Gorda,RS,Sul,440,5509.16,12.52
2901601,Antas,BA,Nordeste,119,1157.97,9.73
4101200,Antonina,PR,Sul,139,1069.95,7.7
2300804,Antonina do Norte,CE,Nordeste,110,729.86,6.64
2200806,Antônio Almeida,PI,Nordeste,53,292.53,5.52
2901700,Antônio Cardoso,BA,Nordeste,98,1020.89,10.42
3102902,Antônio Carlos,MG,Sudeste,138,2763.48,20.03
4201208,Antônio Carlos,SC,Sul,416,4435.13,10.66
3103009,Antônio Dias,MG,Sudeste,218,3007.16,13.79
2901809,Antônio Gonçalves,BA,Nordeste,92,847.09,9.21
5000906,Antônio João,MS,Centro Oeste,349,4170.84,11.95
2400901,Antônio Martins,RN,Nordeste,187,1397.91,7.48
4101309,Antônio Olinto,PR,Sul,99,1257.29,12.7
4300802,Antônio Prado,RS,Sul,991,13839.31,13.96
3103108,Antônio Prado de Minas,MG,Sudeste,71,500.57,7.05
2500775,Aparecida,PB,Nordeste,228,4296.51,18.84
3502507,Aparecida,SP,Sudeste,479,10522.67,21.97
5201405,Aparecida de Goiânia,GO,Centro Oeste,11023,120754.14,10.95
5201454,Aparecida do Rio Doce,GO,Centro Oeste,81,1406.45,17.36
1701101,Aparecida do Rio Negro,TO,Norte,152,2213.57,14.56
5001003,Aparecida do Taboado,MS,Centro Oeste,2473,34531.51,13.96
3502606,Aparecida d'Oeste,SP,Sudeste,384,3113.99,8.11
3300159,Aperibé,RJ,Sudeste,635,4500.21,7.09
3200508,Apiacá,ES,Sudeste,222,1542.6,6.95
5100805,Apiacás,MT,Centro Oeste,283,3768.2,13.32
3502705,Apiaí,SP,Sudeste,83,1351.91,16.29
2100832,Apicum-Açu,MA,Nordeste,57,849.54,14.9
4201257,Apiúna,SC,Sul,399,3041.02,7.62
2401008,Apodi,RN,Nordeste,2916,23154.58,7.94
2901908,Aporá,BA,Nordeste,152,1104.44,7.27
5201504,Aporé,GO,Centro Oeste,116,6000.68,51.73
2901957,Apuarema,BA,Nordeste,83,676.42,8.15
4101408,Apucarana,PR,Sul,2790,47322.19,16.96
1300144,Apuí,AM,Norte,31,490.99,15.84
2300903,Apuiarés,CE,Nordeste,150,1629.26,10.86
2800209,Aquidabã,SE,Nordeste,91,941.79,10.35
5001102,Aquidauana,MS,Centro Oeste,2829,21992.27,7.77
2301000,Aquiraz,CE,Nordeste,2958,70092.06,23.7
4201273,Arabutã,SC,Sul,289,7191.79,24.89
2500809,Araçagi,PB,Nordeste,97,1125.17,11.6
3103207,Araçaí,MG,Sudeste,65,714.08,10.99
2800308,Aracaju,SE,Nordeste,10905,124082.89,11.38
3502754,Araçariguama,SP,Sudeste,280,2245.07,8.02
2902054,Araçás,BA,Nordeste,77,943.03,12.25
2301109,Aracati,CE,Nordeste,1636,23289.97,14.24
2902005,Aracatu,BA,Nordeste,454,3258.46,7.18
3502804,Araçatuba,SP,Sudeste,13749,100671.28,7.32
2902104,Araci,BA,Nordeste,649,7882.66,12.15
3103306,Aracitaba,MG,Sudeste,18,100.21,5.57
2301208,Aracoiaba,CE,Nordeste,301,3833.43,12.74
2601052,Araçoiaba,PE,Nordeste,53,514.05,9.7
3502903,Araçoiaba da Serra,SP,Sudeste,1315,15048.48,11.44
3200607,Aracruz,ES,Sudeste,3082,34371.99,11.15
5201603,Araçu,GO,Centro Oeste,87,1792.85,20.61
3103405,Araçuaí,MG,Sudeste,1229,27775.37,22.6
5201702,Aragarças,GO,Centro Oeste,864,6865.72,7.95
5201801,Aragoiânia,GO,Centro Oeste,411,7841.6,19.08
1701309,Aragominas,TO,Norte,64,529.22,8.27
1701903,Araguacema,TO,Norte,142,1387.25,9.77
1702000,Araguaçu,TO,Norte,440,3895.47,8.85
5101001,Araguaiana,MT,Centro Oeste,183,1677.29,9.17
1702109,Araguaína,TO,Norte,9015,86014.9,9.54
5101209,Araguainha,MT,Centro Oeste,50,407.67,8.15
1702158,Araguanã,TO,Norte,88,1217.36,13.83
2100873,Araguanã,MA,Nordeste,38,425.55,11.2
5202155,Araguapaz,GO,Centro Oeste,358,3727.25,10.41
3103504,Araguari,MG,Sudeste,4663,50653.69,10.86
1702208,Araguatins,TO,Norte,960,14383.74,14.98
2100907,Araioses,MA,Nordeste,314,4573.05,14.56
5001243,Aral Moreira,MS,Centro Oeste,407,5573.64,13.69
2902203,Aramari,BA,Nordeste,80,732.09,9.15
4300851,Arambaré,RS,Sul,152,1698.08,11.17
2100956,Arame,MA,Nordeste,296,3448.3,11.65
3503000,Aramina,SP,Sudeste,157,4244.15,27.03
3503109,Arandu,SP,Sudeste,156,2438.98,15.63
3103603,Arantina,MG,Sudeste,9,97.0,10.78
3503158,Arapeí,SP,Sudeste,13,206.22,15.86
2700300,Arapiraca,AL,Nordeste,6982,71605.29,10.26
1702307,Arapoema,TO,Norte,157,1802.48,11.48
3103702,Araponga,MG,Sudeste,174,5191.3,29.84
4101507,Arapongas,PR,Sul,3263,38362.09,11.76
3103751,Araporã,MG,Sudeste,650,3651.68,5.62
4101606,Arapoti,PR,Sul,374,6396.15,17.1
3103801,Arapuá,MG,Sudeste,67,561.25,8.38
4101655,Arapuã,PR,Sul,122,1048.09,8.59
5101258,Araputanga,MT,Centro Oeste,1710,24917.44,14.57
4201307,Araquari,SC,Sul,1044,13526.81,12.96
2500908,Arara,PB,Nordeste,67,689.09,10.28
4201406,Araranguá,SC,Sul,1595,22122.91,13.87
3503208,Araraquara,SP,Sudeste,8489,66100.98,7.79
3503307,Araras,SP,Sudeste,4170,31622.65,7.58
2301257,Ararendá,CE,Nordeste,203,6329.68,31.18
2101004,Arari,MA,Nordeste,604,7361.75,12.19
4300877,Araricá,RS,Sul,614,4854.24,7.91
2301307,Araripe,CE,Nordeste,135,1152.87,8.54
2601102,Araripina,PE,Nordeste,1813,17912.09,9.88
3300209,Araruama,RJ,Sudeste,4966,38170.6,7.69
4101705,Araruna,PR,Sul,901,12240.35,13.59
2501005,Araruna,PB,Nordeste,94,921.5,9.8
2902252,Arataca,BA,Nordeste,43,564.62,13.13
4300901,Aratiba,RS,Sul,536,8560.15,15.97
2301406,Aratuba,CE,Nordeste,64,600.45,9.38
2902302,Aratuípe,BA,Nordeste,72,703.15,9.77
2800407,Arauá,SE,Nordeste,37,338.04,9.14
4101804,Araucária,PR,Sul,1623,19974.59,12.31
3103900,Araújos,MG,Sudeste,297,3842.88,12.94
3104007,Araxá,MG,Sudeste,2555,35188.45,13.77
3104106,Arceburgo,MG,Sudeste,242,2150.73,8.89
3503356,Arco-Íris,SP,Sudeste,66,715.5,10.84
3104205,Arcos,MG,Sudeste,2110,33625.19,15.94
2601201,Arcoverde,PE,Nordeste,2046,15915.39,7.78
3104304,Areado,MG,Sudeste,370,4160.15,11.24
3300225,Areal,RJ,Sudeste,195,2613.1,13.4
3503406,Arealva,SP,Sudeste,416,5934.46,14.27
2501104,Areia,PB,Nordeste,170,2999.82,17.65
2401107,Areia Branca,RN,Nordeste,1316,9440.46,7.17
2800506,Areia Branca,SE,Nordeste,110,1168.07,10.62
2501153,Areia de Baraúnas,PB,Nordeste,11,66.5,6.05
2501203,Areial,PB,Nordeste,38,384.61,10.12
3503505,Areias,SP,Sudeste,38,351.28,9.24
3503604,Areiópolis,SP,Sudeste,202,1052.2,5.21
5101308,Arenápolis,MT,Centro Oeste,810,8409.57,10.38
5202353,Arenópolis,GO,Centro Oeste,113,1055.71,9.34
2401206,Arez,RN,Nordeste,226,2189.94,9.69
3104403,Argirita,MG,Sudeste,102,929.31,9.11
3104452,Aricanduva,MG,Sudeste,45,262.4,5.83
3104502,Arinos,MG,Sudeste,339,6519.04,19.23
5101407,Aripuanã,MT,Centro Oeste,1040,10245.25,9.85
1100023,Ariquemes,RO,Norte,5768,65434.53,11.34
3503703,Ariranha,SP,Sudeste,322,6903.6,21.44
4101853,Ariranha do Ivaí,PR,Sul,103,960.54,9.33
3300233,Armação dos Búzios,RJ,Sudeste,1990,18217.59,9.15
4201505,Armazém,SC,Sul,574,9089.59,15.84
2301505,Arneiroz,CE,Nordeste,53,663.26,12.51
2200905,Aroazes,PI,Nordeste,95,936.3,9.86
2501302,Aroeiras,PB,Nordeste,41,353.02,8.61
2200954,Aroeiras do Itaim,PI,Nordeste,14,89.0,6.36
2201002,Arraial,PI,Nordeste,58,380.58,6.56
3300258,Arraial do Cabo,RJ,Sudeste,849,5968.91,7.03
1702406,Arraias,TO,Norte,164,1961.01,11.96
4301008,Arroio do Meio,RS,Sul,2032,14997.51,7.38
4301073,Arroio do Padre,RS,Sul,121,1180.16,9.75
4301057,Arroio do Sal,RS,Sul,548,4084.42,7.45
4301206,Arroio do Tigre,RS,Sul,1063,6708.03,6.31
4301107,Arroio dos Ratos,RS,Sul,398,2800.14,7.04
4301305,Arroio Grande,RS,Sul,342,3617.42,10.58
4201604,Arroio Trinta,SC,Sul,139,2774.45,19.96
3503802,Artur Nogueira,SP,Sudeste,1646,14603.18,8.87
5202502,Aruanã,GO,Centro Oeste,501,6665.12,13.3
3503901,Arujá,SP,Sudeste,1162,10675.73,9.19
4201653,Arvoredo,SC,Sul,158,2431.89,15.39
4301404,Arvorezinha,RS,Sul,637,6156.03,9.66
4201703,Ascurra,SC,Sul,454,4390.51,9.67
3503950,Aspásia,SP,Sudeste,133,1534.65,11.54
4101903,Assaí,PR,Sul,552,7866.78,14.25
2301604,Assaré,CE,Nordeste,233,2035.88,8.74
3504008,Assis,SP,Sudeste,4185,32885.34,7.86
1200054,Assis Brasil,AC,Norte,72,736.66,10.23
4102000,Assis Chateaubriand,PR,Sul,3075,51611.8,16.78
2400208,Assú,RN,Nordeste,2780,23866.62,8.59
2501351,Assunção,PB,Nordeste,37,443.84,12.0
2201051,Assunção do Piauí,PI,Nordeste,85,527.62,6.21
3104601,Astolfo Dutra,MG,Sudeste,545,7377.41,13.54
4102109,Astorga,PR,Sul,1077,21982.0,20.41
4102208,Atalaia,PR,Sul,292,3607.62,12.35
2700409,Atalaia,AL,Nordeste,326,4035.69,12.38
1300201,Atalaia do Norte,AM,,0,0.0,
4201802,Atalanta,SC,Sul,188,1902.67,10.12
3104700,Ataléia,MG,Sudeste,211,2181.08,10.34
3504107,Atibaia,SP,Sudeste,5171,39886.2,7.71
3200706,Atílio Vivácqua,ES,Sudeste,325,3788.34,11.66
1702554,Augustinópolis,TO,Norte,701,6893.39,9.83
1500909,Augusto Corrêa,PA,Norte,101,1056.08,10.46
3104809,Augusto de Lima,MG,Sudeste,87,1548.28,17.8
4301503,Augusto Pestana,RS,Sul,505,3810.12,7.54
4301552,Áurea,RS,Sul,213,2651.56,12.45
2902401,Aurelino Leal,BA,Nordeste,76,763.37,10.04
3504206,Auriflama,SP,Sudeste,1264,9302.24,7.36
5202601,Aurilândia,GO,Centro Oeste,129,1026.49,7.96
4201901,Aurora,SC,Sul,372,4277.06,11.5
2301703,Aurora,CE,Nordeste,436,3488.01,8.0
1500958,Aurora do Pará,PA,Norte,134,1692.9,12.63
1702703,Aurora do Tocantins,TO,Norte,58,611.13,10.54
1300300,Autazes,AM,Norte,32,980.66,30.65
3504305,Avaí,SP,Sudeste,86,1200.81,13.96
3504404,Avanhandava,SP,Sudeste,398,5400.18,13.57
3504503,Avaré,SP,Sudeste,1343,13888.22,10.34
1501006,Aveiro,PA,Norte,52,471.87,9.07
2201101,Avelino Lopes,PI,Nordeste,83,701.86,8.46
5202809,Avelinópolis,GO,Centro Oeste,59,873.06,14.8
2101103,Axixá,MA,Nordeste,99,1220.66,12.33
1702901,Axixá do Tocantins,TO,Norte,184,1756.88,9.55
1703008,Babaçulândia,TO,Norte,219,1962.49,8.96
2101202,Bacabal,MA,Nordeste,5177,47687.54,9.21
2101251,Bacabeira,MA,Nordeste,198,2185.52,11.04
2101301,Bacuri,MA,Nordeste,64,540.64,8.45
2101350,Bacurituba,MA,Nordeste,17,133.63,7.86
3504602,Bady Bassitt,SP,Sudeste,1878,11440.37,6.09
3104908,Baependi,MG,Sudeste,176,7215.41,41.0
4301602,Bagé,RS,Sul,1751,14033.66,8.01
1501105,Bagre,PA,Norte,37,343.72,9.29
2501401,Baía da Traição,PB,Nordeste,88,843.41,9.58
2401404,Baía Formosa,RN,Nordeste,223,1924.83,8.63
2902500,Baianópolis,BA,Nordeste,314,2174.6,6.93
1501204,Baião,PA,Norte,187,1973.57,10.55
2902609,Baixa Grande,BA,Nordeste,187,1645.24,8.8
2201150,Baixa Grande do Ribeiro,PI,Nordeste,175,4558.02,26.05
2301802,Baixio,CE,Nordeste,133,1069.83,8.04
3200805,Baixo Guandu,ES,Sudeste,1351,12537.33,9.28
3504701,Balbinos,SP,Sudeste,28,197.21,7.04
3105004,Baldim,MG,Sudeste,209,8781.31,42.02
5203104,Baliza,GO,Centro Oeste,75,710.06,9.47
4201950,Balneário Arroio do Silva,SC,Sul,249,1959.43,7.87
4202057,Balneário Barra do Sul,SC,Sul,553,3729.9,6.74
4202008,Balneário Camboriú,SC,Sul,1592,15924.25,10.0
4202073,Balneário Gaivota,SC,Sul,575,4347.55,7.56
4212809,Balneário Piçarras,SC,Sul,722,4720.07,6.54
4301636,Balneário Pinhal,RS,Sul,202,1987.04,9.84
4220000,Balneário Rincão,SC,Sul,14,97.9,6.99
4102307,Balsa Nova,PR,Sul,206,3822.96,18.56
3504800,Bálsamo,SP,Sudeste,406,4354.4,10.73
2101400,Balsas,MA,Nordeste,5165,82278.05,15.93
3105103,Bambuí,MG,Sudeste,704,13625.85,19.35
2301851,Banabuiú,CE,Nordeste,330,2856.33,8.66
3504909,Bananal,SP,Sudeste,81,705.99,8.72
2501500,Bananeiras,PB,Nordeste,370,4101.13,11.08
3105202,Bandeira,MG,Sudeste,40,246.06,6.15
3105301,Bandeira do Sul,MG,Sudeste,110,865.34,7.87
4202081,Bandeirante,SC,Sul,156,3391.54,21.74
5001508,Bandeirantes,MS,Centro Oeste,419,7106.72,16.96
4102406,Bandeirantes,PR,Sul,952,13652.33,14.34
1703057,Bandeirantes do Tocantins,TO,Norte,97,1044.89,10.77
1501253,Bannach,PA,Norte,56,593.12,10.59
2902658,Banzaê,BA,Nordeste,157,1566.74,9.98
4301651,Barão,RS,Sul,273,3669.87,13.44
3505005,Barão de Antonina,SP,Sudeste,64,438.39,6.85
3105400,Barão de Cocais,MG,Sudeste,324,3954.98,12.21
4301701,Barão de Cotegipe,RS,Sul,590,9789.54,16.59
2101509,Barão de Grajaú,MA,Nordeste,923,7965.77,8.63
5101605,Barão de Melgaço,MT,Centro Oeste,374,2829.22,7.56
3105509,Barão do Monte Alto,MG,Sudeste,192,1496.25,7.79
4301750,Barão do Triunfo,RS,Sul,647,4097.54,6.33
2501534,Baraúna,PB,Nordeste,25,388.03,15.52
2401453,Baraúna,RN,Nordeste,955,12681.37,13.28
3105608,Barbacena,MG,Sudeste,1867,15233.98,8.16
2301901,Barbalha,CE,Nordeste,2077,21098.81,10.16
3505104,Barbosa,SP,Sudeste,258,6631.26,25.7
4102505,Barbosa Ferraz,PR,Sul,355,4184.2,11.79
1501303,Barcarena,PA,Norte,3136,34446.5,10.98
2401503,Barcelona,RN,Nordeste,107,929.71,8.69
1300409,Barcelos,AM,Norte,19,527.3,27.75
3505203,Bariri,SP,Sudeste,1343,12557.13,9.35
2902708,Barra,BA,Nordeste,845,6224.97,7.37
3505302,Barra Bonita,SP,Sudeste,1150,9341.82,8.12
4202099,Barra Bonita,SC,Sul,107,1525.64,14.26
2902807,Barra da Estiva,BA,Nordeste,691,8573.68,12.41
2201176,Barra D'Alcântara,PI,Nordeste,55,445.93,8.11
2601300,Barra de Guabiraba,PE,Nordeste,111,1316.63,11.86
2501609,Barra de Santa Rosa,PB,Nordeste,107,1119.29,10.46
2501575,Barra de Santana,PB,Nordeste,42,445.63,10.61
2700508,Barra de Santo Antônio,AL,Nordeste,361,4030.71,11.17
3200904,Barra de São Francisco,ES,Sudeste,1675,17776.33,10.61
2700607,Barra de São Miguel,AL,Nordeste,847,11704.92,13.82
2501708,Barra de São Miguel,PB,Nordeste,60,603.35,10.06
5101704,Barra do Bugres,MT,Centro Oeste,2044,19453.67,9.52
3505351,Barra do Chapéu,SP,Sudeste,45,46.77,1.04
2902906,Barra do Choça,BA,Nordeste,753,8686.57,11.54
2101608,Barra do Corda,MA,Nordeste,2123,22615.53,10.65
5101803,Barra do Garças,MT,Centro Oeste,5451,53622.7,9.84
4301859,Barra do Guarita,RS,Sul,161,1196.31,7.43
4102703,Barra do Jacaré,PR,Sul,116,1369.28,11.8
2903003,Barra do Mendes,BA,Nordeste,275,2661.49,9.68
1703073,Barra do Ouro,TO,Norte,49,443.16,9.04
3300308,Barra do Piraí,RJ,Sudeste,785,20518.14,26.14
4301875,Barra do Quaraí,RS,Sul,473,12881.29,27.23
4301909,Barra do Ribeiro,RS,Sul,367,4580.57,12.48
4301925,Barra do Rio Azul,RS,Sul,187,3577.67,19.13
2903102,Barra do Rocha,BA,Nordeste,69,684.18,9.92
3505401,Barra do Turvo,SP,Sudeste,33,418.75,12.69
2800605,Barra dos Coqueiros,SE,Nordeste,2035,15804.71,7.77
4301958,Barra Funda,RS,Sul,220,2425.91,11.03
3105707,Barra Longa,MG,Sudeste,122,924.2,7.58
3300407,Barra Mansa,RJ,Sudeste,1430,20278.28,14.18
4202107,Barra Velha,SC,Sul,1756,11267.18,6.42
4301800,Barracão,RS,Sul,298,2318.82,7.78
4102604,Barracão,PR,Sul,335,3743.48,11.17
2201200,Barras,PI,Nordeste,635,5076.91,8.0
2301950,Barreira,CE,Nordeste,183,2870.53,15.69
2903201,Barreiras,BA,Nordeste,11112,97757.92,8.8
2201309,Barreiras do Piauí,PI,Nordeste,35,279.13,7.98
1300508,Barreirinha,AM,Norte,16,714.48,44.66
2101707,Barreirinhas,MA,Nordeste,1165,20456.98,17.56
2601409,Barreiros,PE,Nordeste,168,1943.97,11.57
3505500,Barretos,SP,Sudeste,6403,64610.21,10.09
3505609,Barrinha,SP,Sudeste,710,6099.44,8.59
2302008,Barro,CE,Nordeste,419,3232.22,7.71
2903235,Barro Alto,BA,Nordeste,157,1542.9,9.83
5203203,Barro Alto,GO,Centro Oeste,266,2416.23,9.08
2201408,Barro Duro,PI,Nordeste,69,586.02,8.49
2903300,Barro Preto,BA,Nordeste,38,514.61,13.54
2903276,Barrocas,BA,Nordeste,370,2588.41,7.0
1703107,Barrolândia,TO,Norte,123,2979.15,24.22
2302057,Barroquinha,CE,Nordeste,176,1101.88,6.26
4302006,Barros Cassal,RS,Sul,394,3178.11,8.07
3105905,Barroso,MG,Sudeste,201,1477.12,7.35
3505708,Barueri,SP,Sudeste,1614,18009.24,11.16
3505807,Bastos,SP,Sudeste,1016,9984.82,9.83
5001904,Bataguassu,MS,Centro Oeste,2101,32246.91,15.35
2700706,Batalha,AL,Nordeste,499,7260.48,14.55
2201507,Batalha,PI,Nordeste,422,3006.05,7.12
3505906,Batatais,SP,Sudeste,1881,16387.91,8.71
5002001,Batayporã,MS,Centro Oeste,893,15234.64,17.06
2302107,Baturité,CE,Nordeste,315,5646.97,17.93
3506003,Bauru,SP,Sudeste,9935,79654.35,8.02
2501807,Bayeux,PB,Nordeste,704,7397.98,10.51
3506102,Bebedouro,SP,Sudeste,3832,38241.76,9.98
2302206,Beberibe,CE,Nordeste,1320,30774.89,23.31
2302305,Bela Cruz,CE,Nordeste,302,3164.7,10.48
5002100,Bela Vista,MS,Centro Oeste,988,9832.37,9.95
4102752,Bela Vista da Caroba,PR,Sul,189,1871.53,9.9
5203302,Bela Vista de Goiás,GO,Centro Oeste,1108,16062.77,14.5
3106002,Bela Vista de Minas,MG,Sudeste,121,1098.89,9.08
2101772,Bela Vista do Maranhão,MA,Nordeste,186,1678.14,9.02
4102802,Bela Vista do Paraíso,PR,Sul,488,10979.14,22.5
2201556,Bela Vista do Piauí,PI,Nordeste,42,341.73,8.14
4202131,Bela Vista do Toldo,SC,Sul,171,1766.15,10.33
2101731,Belágua,MA,Nordeste,10,140.95,14.1
1501402,Belém,PA,Norte,29331,264360.95,9.01
2501906,Belém,PB,Nordeste,102,1804.29,17.69
2700805,Belém,AL,Nordeste,91,1503.57,16.52
2601508,Belém de Maria,PE,Nordeste,131,829.85,6.33
2502003,Belém do Brejo do Cruz,PB,Nordeste,191,1405.84,7.36
2201572,Belém do Piauí,PI,Nordeste,56,626.01,11.18
2601607,Belém do São Francisco,PE,Nordeste,548,5125.37,9.35
3300456,Belford Roxo,RJ,Sudeste,946,8488.68,8.97
3106101,Belmiro Braga,MG,Sudeste,44,790.36,17.96
2903409,Belmonte,BA,Nordeste,216,2732.46,12.65
4202156,Belmonte,SC,Sul,170,2060.2,12.12
2903508,Belo Campo,BA,Nordeste,392,3784.39,9.65
3106200,Belo Horizonte,MG,Sudeste,17152,157005.82,9.15
2601706,Belo Jardim,PE,Nordeste,1586,17983.07,11.34
2700904,Belo Monte,AL,Nordeste,74,535.25,7.23
3106309,Belo Oriente,MG,Sudeste,979,8441.27,8.62
3106408,Belo Vale,MG,Sudeste,128,2091.72,16.34
1501451,Belterra,PA,Norte,377,4283.79,11.36
2201606,Beneditinos,PI,Nordeste,139,1025.48,7.38
2101806,Benedito Leite,MA,Nordeste,46,384.33,8.36
4202206,Benedito Novo,SC,Sul,299,2519.48,8.43
1501501,Benevides,PA,Norte,1022,18577.78,18.18
1300607,Benjamin Constant,AM,Norte,2,12.32,6.16
4302055,Benjamin Constant do Sul,RS,Sul,50,505.34,10.11
3506201,Bento de Abreu,SP,Sudeste,134,848.62,6.33
2401602,Bento Fernandes,RN,Nordeste,60,379.91,6.33
4302105,Bento Gonçalves,RS,Sul,3460,33960.32,9.82
2101905,Bequimão,MA,Nordeste,113,1303.4,11.53
3106507,Berilo,MG,Sudeste,120,1022.96,8.52
3106655,Berizal,MG,Sudeste,30,278.97,9.3
2502052,Bernardino Batista,PB,Nordeste,15,309.8,20.65
3506300,Bernardino de Campos,SP,Sudeste,199,1777.97,8.93
2101939,Bernardo do Mearim,MA,Nordeste,174,1408.09,8.09
1703206,Bernardo Sayão,TO,Norte,72,5642.5,78.37
3506359,Bertioga,SP,Sudeste,1771,13647.93,7.71
2201705,Bertolínia,PI,Nordeste,122,937.23,7.68
3106606,Bertópolis,MG,Sudeste,45,305.63,6.79
1300631,Beruri,AM,Norte,9,132.5,14.72
2601805,Betânia,PE,Nordeste,269,1494.41,5.56
2201739,Betânia do Piauí,PI,Nordeste,139,951.42,6.84
3106705,Betim,MG,Sudeste,4506,53303.45,11.83
2601904,Bezerros,PE,Nordeste,1490,15945.16,10.7
3106804,Bias Fortes,MG,Sudeste,13,138.02,10.62
3106903,Bicas,MG,Sudeste,211,1967.54,9.32
4202305,Biguaçu,SC,Sul,1305,12254.56,9.39
3506409,Bilac,SP,Sudeste,730,8828.78,12.09
3107000,Biquinhas,MG,Sudeste,107,835.18,7.81
3506508,Birigui,SP,Sudeste,8707,68726.75,7.89
3506607,Biritiba Mirim,SP,Sudeste,459,6018.04,13.11
2903607,Biritinga,BA,Nordeste,194,2373.24,12.23
4102901,Bituruna,PR,Sul,205,2503.96,12.21
4202404,Blumenau,SC,Sul,12012,93361.67,7.77
4103008,Boa Esperança,PR,Sul,317,3783.44,11.94
3201001,Boa Esperança,ES,Sudeste,891,12891.58,14.47
3107109,Boa Esperança,MG,Sudeste,1027,14465.46,14.09
4103024,Boa Esperança do Iguaçu,PR,Sul,173,3444.57,19.91
5101837,Boa Esperança do Norte,MT,Centro Oeste,28,339.45,12.12
3506706,Boa Esperança do Sul,SP,Sudeste,480,18221.03,37.96
2201770,Boa Hora,PI,Nordeste,58,472.51,8.15
2903706,Boa Nova,BA,Nordeste,135,1248.11,9.25
2502102,Boa Ventura,PB,Nordeste,67,492.94,7.36
4103040,Boa Ventura de São Roque,PR,Sul,170,2045.25,12.03
2302404,Boa Viagem,CE,Nordeste,445,14486.74,32.55
2502151,Boa Vista,PB,Nordeste,71,5646.39,79.53
1400100,Boa Vista,RR,Norte,7773,108003.82,13.89
4103057,Boa Vista da Aparecida,PR,Sul,501,6652.72,13.28
4302154,Boa Vista das Missões,RS,Sul,94,1336.49,14.22
4302204,Boa Vista do Buricá,RS,Sul,754,6551.04,8.69
4302220,Boa Vista do Cadeado,RS,Sul,104,1265.69,12.17
2101970,Boa Vista do Gurupi,MA,Nordeste,44,468.04,10.64
4302238,Boa Vista do Incra,RS,Sul,133,1459.75,10.98
1300680,Boa Vista do Ramos,AM,Norte,10,295.12,29.51
4302253,Boa Vista do Sul,RS,Sul,179,2763.08,15.44
2903805,Boa Vista do Tupim,BA,Nordeste,189,1539.62,8.15
2701001,Boca da Mata,AL,Nordeste,316,4344.68,13.75
1300706,Boca do Acre,AM,Norte,147,1919.91,13.06
2201804,Bocaina,PI,Nordeste,129,890.36,6.9
3506805,Bocaina,SP,Sudeste,364,3905.24,10.73
3107208,Bocaina de Minas,MG,Sudeste,70,443.54,6.34
4202438,Bocaina do Sul,SC,Sul,50,657.32,13.15
3107307,Bocaiúva,MG,Sudeste,896,27499.37,30.69
4103107,Bocaiúva do Sul,PR,Sul,96,2241.09,23.34
2401651,Bodó,RN,Nordeste,30,371.21,12.37
2602001,Bodocó,PE,Nordeste,662,4245.15,6.41
5002159,Bodoquena,MS,Centro Oeste,661,8351.46,12.63
3506904,Bofete,SP,Sudeste,279,3918.83,14.05
3507001,Boituva,SP,Sudeste,2247,31660.22,14.09
2602100,Bom Conselho,PE,Nordeste,510,4854.09,9.52
3107406,Bom Despacho,MG,Sudeste,1522,24160.57,15.87
2602209,Bom Jardim,PE,Nordeste,420,5040.11,12.0
2102002,Bom Jardim,MA,Nordeste,390,3811.25,9.77
3300506,Bom Jardim,RJ,Sudeste,441,4367.93,9.9
4202503,Bom Jardim da Serra,SC,Sul,131,1486.98,11.35
5203401,Bom Jardim de Goiás,GO,Centro Oeste,240,2776.64,11.57
3107505,Bom Jardim de Minas,MG,Sudeste,32,268.28,8.38
2201903,Bom Jesus,PI,Nordeste,805,12461.47,15.48
2401701,Bom Jesus,RN,Nordeste,222,1925.01,8.67
2502201,Bom Jesus,PB,Nordeste,38,393.2,10.35
4202537,Bom Jesus,SC,Sul,56,1660.6,29.65
4302303,Bom Jesus,RS,Sul,253,6177.78,24.42
2903904,Bom Jesus da Lapa,BA,Nordeste,2735,30326.33,11.09
3107604,Bom Jesus da Penha,MG,Sudeste,107,1255.02,11.73
2903953,Bom Jesus da Serra,BA,Nordeste,59,713.18,12.09
2102036,Bom Jesus das Selvas,MA,Nordeste,452,4342.66,9.61
5203500,Bom Jesus de Goiás,GO,Centro Oeste,1031,10004.11,9.7
3107703,Bom Jesus do Amparo,MG,Sudeste,125,3078.39,24.63
5101852,Bom Jesus do Araguaia,MT,Centro Oeste,219,3755.8,17.15
3107802,Bom Jesus do Galho,MG,Sudeste,424,3504.61,8.27
3300605,Bom Jesus do Itabapoana,RJ,Sudeste,1389,10835.85,7.8
3201100,Bom Jesus do Norte,ES,Sudeste,208,1525.0,7.33
4202578,Bom Jesus do Oeste,SC,Sul,114,1676.93,14.71
4103156,Bom Jesus do Sul,PR,Sul,170,1962.75,11.55
1703305,Bom Jesus do Tocantins,TO,Norte,106,1072.81,10.12
1501576,Bom Jesus do Tocantins,PA,Norte,321,3078.09,9.59
3507100,Bom Jesus dos Perdões,SP,Sudeste,455,4211.69,9.26
2102077,Bom Lugar,MA,Nordeste,215,1682.92,7.83
4302352,Bom Princípio,RS,Sul,1278,10959.67,8.58
2201919,Bom Princípio do Piauí,PI,Nordeste,79,495.88,6.28
4302378,Bom Progresso,RS,Sul,98,888.33,9.06
3107901,Bom Repouso,MG,Sudeste,356,2387.53,6.71
4202602,Bom Retiro,SC,Sul,162,2777.0,17.14
4302402,Bom Retiro do Sul,RS,Sul,1110,8240.26,7.42
4103206,Bom Sucesso,PR,Sul,171,2756.59,16.12
3108008,Bom Sucesso,MG,Sudeste,302,9785.7,32.4
2502300,Bom Sucesso,PB,Nordeste,195,2350.1,12.05
3507159,Bom Sucesso de Itararé,SP,Sudeste,20,216.74,10.84
4103222,Bom Sucesso do Sul,PR,Sul,160,2242.89,14.02
4202453,Bombinhas,SC,Sul,577,4996.94,8.66
1400159,Bonfim,RR,Norte,43,1092.66,25.41
3108107,Bonfim,MG,Sudeste,265,3062.51,11.56
2201929,Bonfim do Piauí,PI,Nordeste,50,338.07,6.76
5203559,Bonfinópolis,GO,Centro Oeste,205,2350.38,11.47
3108206,Bonfinópolis de Minas,MG,Sudeste,150,11929.41,79.53
2904001,Boninal,BA,Nordeste,226,11470.95,50.76
2904050,Bonito,BA,Nordeste,169,2195.03,12.99
2602308,Bonito,PE,Nordeste,449,8202.79,18.27
1501600,Bonito,PA,Norte,64,436.16,6.82
5002209,Bonito,MS,Centro Oeste,1725,23869.65,13.84
3108255,Bonito de Minas,MG,Sudeste,48,835.52,17.41
2502409,Bonito de Santa Fé,PB,Nordeste,83,729.14,8.78
5203575,Bonópolis,GO,Centro Oeste,108,2428.18,22.48
2502508,Boqueirão,PB,Nordeste,165,2647.96,16.05
4302451,Boqueirão do Leão,RS,Sul,236,2713.03,11.5
2201945,Boqueirão do Piauí,PI,Nordeste,96,644.84,6.72
2800670,Boquim,SE,Nordeste,114,993.5,8.71
2904100,Boquira,BA,Nordeste,505,2979.88,5.9
3507209,Borá,SP,Sudeste,27,175.46,6.5
3507308,Boracéia,SP,Sudeste,166,1337.14,8.06
1300805,Borba,AM,Norte,12,393.0,32.75
2502706,Borborema,PB,Nordeste,21,184.46,8.78
3507407,Borborema,SP,Sudeste,1251,9579.97,7.66
3108305,Borda da Mata,MG,Sudeste,517,10860.84,21.01
3507456,Borebi,SP,Sudeste,188,617.33,3.28
4103305,Borrazópolis,PR,Sul,199,2453.13,12.33
4302501,Bossoroca,RS,Sul,366,4295.4,11.74
3108404,Botelhos,MG,Sudeste,451,5914.09,13.11
3507506,Botucatu,SP,Sudeste,3227,21645.28,6.71
3108503,Botumirim,MG,Sudeste,33,689.7,20.9
2904209,Botuporã,BA,Nordeste,394,2206.09,5.6
4202701,Botuverá,SC,Sul,245,1857.87,7.58
4302584,Bozano,RS,Sul,71,3932.93,55.39
4202800,Braço do Norte,SC,Sul,996,18541.56,18.62
4202859,Braço do Trombudo,SC,Sul,149,2233.37,14.99
4302600,Braga,RS,Sul,165,1296.25,7.86
1501709,Bragança,PA,Norte,1064,10810.65,10.16
3507605,Bragança Paulista,SP,Sudeste,2831,30769.84,10.87
4103354,Braganey,PR,Sul,111,1631.85,14.7
2701100,Branquinha,AL,Nordeste,80,887.35,11.09
3108701,Brás Pires,MG,Sudeste,94,1379.39,14.67
1501725,Brasil Novo,PA,Norte,438,4316.51,9.86
5002308,Brasilândia,MS,Centro Oeste,548,5229.9,9.54
3108552,Brasilândia de Minas,MG,Sudeste,543,14887.74,27.42
4103370,Brasilândia do Sul,PR,Sul,240,2629.68,10.96
1703602,Brasilândia do Tocantins,TO,Norte,42,647.55,15.42
1200104,Brasiléia,AC,Norte,403,6616.53,16.42
2201960,Brasileira,PI,Nordeste,245,3603.39,14.71
5300108,Brasília,DF,Centro Oeste,35930,580826.38,16.17
3108602,Brasília de Minas,MG,Sudeste,470,16073.63,34.2
5101902,Brasnorte,MT,Centro Oeste,1056,35033.89,33.18
3507704,Braúna,SP,Sudeste,313,4434.47,14.17
3108800,Braúnas,MG,Sudeste,165,2267.04,13.74
5203609,Brazabrantes,GO,Centro Oeste,89,1434.95,16.12
3108909,Brazópolis,MG,Sudeste,310,2890.38,9.32
2602407,Brejão,PE,Nordeste,131,1366.14,10.43
3201159,Brejetuba,ES,Sudeste,294,4139.66,14.08
2602506,Brejinho,PE,Nordeste,168,960.86,5.72
2401800,Brejinho,RN,Nordeste,236,2917.01,12.36
1703701,Brejinho de Nazaré,TO,Norte,117,1472.72,12.59
2102101,Brejo,MA,Nordeste,461,13127.92,28.48
3507753,Brejo Alegre,SP,Sudeste,161,1905.19,11.83
2602605,Brejo da Madre de Deus,PE,Nordeste,1107,10866.58,9.82
2102150,Brejo de Areia,MA,Nordeste,81,648.52,8.01
2502805,Brejo do Cruz,PB,Nordeste,468,3995.25,8.54
2201988,Brejo do Piauí,PI,Nordeste,128,929.92,7.26
2502904,Brejo dos Santos,PB,Nordeste,152,1193.44,7.85
2800704,Brejo Grande,SE,Nordeste,26,373.77,14.38
1501758,Brejo Grande do Araguaia,PA,Norte,94,812.39,8.64
2302503,Brejo Santo,CE,Nordeste,824,8235.85,9.99
2904308,Brejões,BA,Nordeste,84,937.25,11.16
2904407,Brejolândia,BA,Nordeste,284,1449.97,5.11
1501782,Breu Branco,PA,Norte,696,6426.67,9.23
1501808,Breves,PA,Norte,1457,12850.54,8.82
5203807,Britânia,GO,Centro Oeste,290,4251.27,14.66
4302659,Brochier,RS,Sul,313,3448.5,11.02
3507803,Brodowski,SP,Sudeste,740,10684.22,14.44
3507902,Brotas,SP,Sudeste,961,8800.65,9.16
2904506,Brotas de Macaúbas,BA,Nordeste,1038,6474.71,6.24
3109006,Brumadinho,MG,Sudeste,1559,16545.27,10.61
2904605,Brumado,BA,Nordeste,5427,42726.72,7.87
4202875,Brunópolis,SC,Sul,68,651.15,9.58
4202909,Brusque,SC,Sul,3988,35478.51,8.9
3109105,Bueno Brandão,MG,Sudeste,309,2180.82,7.06
3109204,Buenópolis,MG,Sudeste,140,1131.4,8.08
2602704,Buenos Aires,PE,Nordeste,87,799.49,9.19
2904704,Buerarema,BA,Nordeste,235,1881.73,8.01
3109253,Bugre,MG,Sudeste,153,1044.83,6.83
2602803,Buíque,PE,Nordeste,463,3942.0,8.51
1200138,Bujari,AC,Norte,157,1686.44,10.74
1501907,Bujaru,PA,Norte,143,1614.27,11.29
3508009,Buri,SP,Sudeste,371,7193.96,19.39
3508108,Buritama,SP,Sudeste,1858,11927.64,6.42
2102200,Buriti,MA,Nordeste,164,1943.24,11.85
5203906,Buriti Alegre,GO,Centro Oeste,497,11262.45,22.66
2102309,Buriti Bravo,MA,Nordeste,276,2414.82,8.75
5203939,Buriti de Goiás,GO,Centro Oeste,154,1593.83,10.35
1703800,Buriti do Tocantins,TO,Norte,189,1907.72,10.09
2202000,Buriti dos Lopes,PI,Nordeste,284,2232.15,7.86
2202026,Buriti dos Montes,PI,Nordeste,63,523.85,8.32
2102325,Buriticupu,MA,Nordeste,1087,12939.03,11.9
5203962,Buritinópolis,GO,Centro Oeste,22,254.46,11.57
2904753,Buritirama,BA,Nordeste,114,997.97,8.75
2102358,Buritirana,MA,Nordeste,210,2072.65,9.87
1100452,Buritis,RO,Norte,1458,16024.65,10.99
3109303,Buritis,MG,Sudeste,701,10700.74,15.26
3508207,Buritizal,SP,Sudeste,220,1460.8,6.64
3109402,Buritizeiro,MG,Sudeste,434,25360.86,58.44
4302709,Butiá,RS,Sul,571,7058.74,12.36
1300839,Caapiranga,AM,Norte,29,364.63,12.57
2503001,Caaporã,PB,Nordeste,129,1220.93,9.46
5002407,Caarapó,MS,Centro Oeste,1872,24915.77,13.31
2904803,Caatiba,BA,Nordeste,91,616.6,6.78
2503100,Cabaceiras,PB,Nordeste,44,691.94,15.73
2904852,Cabaceiras do Paraguaçu,BA,Nordeste,165,2210.18,13.4
3109451,Cabeceira Grande,MG,Sudeste,171,5092.69,29.78
5204003,Cabeceiras,GO,Centro Oeste,125,3125.33,25.0
2202059,Cabeceiras do Piauí,PI,Nordeste,165,1228.76,7.45
2503209,Cabedelo,PB,Nordeste,1799,23056.5,12.82
1100031,Cabixi,RO,Norte,253,2681.74,10.6
2602902,Cabo de Santo Agostinho,PE,Nordeste,3106,26171.58,8.43
3300704,Cabo Frio,RJ,Sudeste,4530,36588.96,8.08
3109501,Cabo Verde,MG,Sudeste,257,2791.69,10.86
3508306,Cabrália Paulista,SP,Sudeste,66,825.4,12.51
3508405,Cabreúva,SP,Sudeste,786,8461.29,10.76
2603009,Cabrobó,PE,Nordeste,1129,8537.19,7.56
4203006,Caçador,SC,Sul,737,17011.28,23.08
3508504,Caçapava,SP,Sudeste,2443,72433.24,29.65
4302808,Caçapava do Sul,RS,Sul,954,6891.5,7.22
1100601,Cacaulândia,RO,Norte,240,2684.93,11.19
4302907,Cacequi,RS,Sul,464,4053.91,8.74
5102504,Cáceres,MT,Centro Oeste,5978,69988.55,11.71
2904902,Cachoeira,BA,Nordeste,272,3508.75,12.9
5204102,Cachoeira Alta,GO,Centro Oeste,369,10229.44,27.72
3109600,Cachoeira da Prata,MG,Sudeste,917,10549.77,11.5
5204201,Cachoeira de Goiás,GO,Centro Oeste,24,280.67,11.69
3109709,Cachoeira de Minas,MG,Sudeste,256,2200.27,8.59
3102704,Cachoeira de Pajeú,MG,Sudeste,57,814.94,14.3
1502004,Cachoeira do Arari,PA,Norte,74,730.34,9.87
1501956,Cachoeira do Piriá,PA,Norte,76,835.17,10.99
4303004,Cachoeira do Sul,RS,Sul,3946,29219.45,7.4
2503308,Cachoeira dos Índios,PB,Nordeste,177,1491.65,8.43
3109808,Cachoeira Dourada,MG,Sudeste,120,874.73,7.29
5204250,Cachoeira Dourada,GO,Centro Oeste,460,8769.7,19.06
2102374,Cachoeira Grande,MA,Nordeste,16,165.1,10.32
3508603,Cachoeira Paulista,SP,Sudeste,710,22498.02,31.69
3300803,Cachoeiras de Macacu,RJ,Sudeste,1841,13460.68,7.31
4303103,Cachoeirinha,RS,Sul,3437,26803.97,7.8
1703826,Cachoeirinha,TO,Norte,18,207.25,11.51
2603108,Cachoeirinha,PE,Nordeste,336,3244.93,9.66
3201209,Cachoeiro de Itapemirim,ES,Sudeste,5251,58684.94,11.18
2503407,Cacimba de Areia,PB,Nordeste,86,686.76,7.99
2503506,Cacimba de Dentro,PB,Nordeste,50,599.26,11.99
2503555,Cacimbas,PB,Nordeste,27,247.0,9.15
2701209,Cacimbinhas,AL,Nordeste,175,2062.04,11.78
4303202,Cacique Doble,RS,Sul,254,1703.88,6.71
1100049,Cacoal,RO,Norte,4968,60834.1,12.25
3508702,Caconde,SP,Sudeste,430,4039.9,9.4
5204300,Caçu,GO,Centro Oeste,501,7228.85,14.43
2905008,Caculé,BA,Nordeste,1366,9910.9,7.26
2905107,Caém,BA,Nordeste,120,935.17,7.79
3109907,Caetanópolis,MG,Sudeste,312,17315.21,55.5
2905156,Caetanos,BA,Nordeste,214,1746.52,8.16
3110004,Caeté,MG,Sudeste,493,5119.66,10.38
2603207,Caetés,PE,Nordeste,197,1380.46,7.01
2905206,Caetité,BA,Nordeste,2366,18192.52,7.69
2905305,Cafarnaum,BA,Nordeste,174,2539.97,14.6
4103404,Cafeara,PR,Sul,171,2811.58,16.44
4103453,Cafelândia,PR,Sul,1292,25144.8,19.46
3508801,Cafelândia,SP,Sudeste,609,6393.96,10.5
4103479,Cafezal do Sul,PR,Sul,339,6612.25,19.51
3508900,Caiabu,SP,Sudeste,279,1214.85,4.35
3110103,Caiana,MG,Sudeste,155,2202.54,14.21
5204409,Caiapônia,GO,Centro Oeste,295,11366.01,38.53
4303301,Caibaté,RS,Sul,413,3008.76,7.29
4203105,Caibi,SC,Sul,362,5876.55,16.23
4303400,Caiçara,RS,Sul,380,3422.4,9.01
2503605,Caiçara,PB,Nordeste,45,588.73,13.08
2401859,Caiçara do Norte,RN,Nordeste,118,1153.9,9.78
2401909,Caiçara do Rio do Vento,RN,Nordeste,53,621.73,11.73
2402006,Caicó,RN,Nordeste,4122,36800.31,8.93
3509007,Caieiras,SP,Sudeste,790,5941.64,7.52
2905404,Cairu,BA,Nordeste,234,2388.83,10.21
3509106,Caiuá,SP,Sudeste,243,1697.07,6.98
3509205,Cajamar,SP,Sudeste,723,7002.58,9.69
2102408,Cajapió,MA,Nordeste,6,41.15,6.86
2102507,Cajari,MA,Nordeste,43,336.42,7.82
3509254,Cajati,SP,Sudeste,416,2835.31,6.82
2503704,Cajazeiras,PB,Nordeste,2536,23768.37,9.37
2202075,Cajazeiras do Piauí,PI,Nordeste,35,279.49,7.99
2503753,Cajazeirinhas,PB,Nordeste,56,1096.17,19.57
3509304,Cajobi,SP,Sudeste,469,9577.16,20.42
2701308,Cajueiro,AL,Nordeste,164,1505.69,9.18
2202083,Cajueiro da Praia,PI,Nordeste,247,2611.02,10.57
3110202,Cajuri,MG,Sudeste,83,810.7,9.77
3509403,Cajuru,SP,Sudeste,710,16182.3,22.79
2603306,Calçado,PE,Nordeste,122,1455.64,11.93
1600204,Calçoene,AP,Norte,25,474.87,18.99
3110301,Caldas,MG,Sudeste,330,3593.68,10.89
2503803,Caldas Brandão,PB,Nordeste,33,1789.88,54.24
5204508,Caldas Novas,GO,Centro Oeste,5171,63438.34,12.27
5204557,Caldazinha,GO,Centro Oeste,130,1352.74,10.41
2905503,Caldeirão Grande,BA,Nordeste,71,494.42,6.96
2202091,Caldeirão Grande do Piauí,PI,Nordeste,62,553.48,8.93
4103503,Califórnia,PR,Sul,180,4344.82,24.14
4203154,Calmon,SC,Sul,18,428.58,23.81
2603405,Calumbi,PE,Nordeste,241,1393.32,5.78
2905602,Camacan,BA,Nordeste,312,2807.58,9.0
2905701,Camaçari,BA,Nordeste,12888,104751.76,8.13
3110400,Camacho,MG,Sudeste,99,666.27,6.73
2503902,Camalaú,PB,Nordeste,29,383.57,13.23
2905800,Camamu,BA,Nordeste,194,2397.2,12.36
3110509,Camanducaia,MG,Sudeste,354,12043.69,34.02
5002605,Camapuã,MS,Centro Oeste,876,10156.06,11.59
4303509,Camaquã,RS,Sul,2316,25490.84,11.01
2603454,Camaragibe,PE,Nordeste,2490,21447.38,8.61
4303558,Camargo,RS,Sul,203,3666.62,18.06
4103602,Cambará,PR,Sul,711,11458.42,16.12
4303608,Cambará do Sul,RS,Sul,161,1756.25,10.91
4103701,Cambé,PR,Sul,2899,41247.62,14.23
4103800,Cambira,PR,Sul,245,4674.7,19.08
4203204,Camboriú,SC,Sul,1453,13904.56,9.57
3300902,Cambuci,RJ,Sudeste,592,9163.05,15.48
3110608,Cambuí,MG,Sudeste,345,4250.85,12.32
3110707,Cambuquira,MG,Sudeste,271,1616.53,5.97
1502103,Cametá,PA,Norte,1464,13021.38,8.89
2302602,Camocim,CE,Nordeste,789,5897.27,7.47
2603504,Camocim de São Félix,PE,Nordeste,210,2107.23,10.03
3110806,Campanário,MG,Sudeste,75,638.8,8.52
3110905,Campanha,MG,Sudeste,446,3449.44,7.73
3111002,Campestre,MG,Sudeste,674,5298.24,7.86
2701357,Campestre,AL,Nordeste,69,489.65,7.1
4303673,Campestre da Serra,RS,Sul,195,2237.62,11.47
5204607,Campestre de Goiás,GO,Centro Oeste,78,1501.76,19.25
2102556,Campestre do Maranhão,MA,Nordeste,470,4625.46,9.84
4103909,Campina da Lagoa,PR,Sul,506,7392.27,14.61
4303707,Campina das Missões,RS,Sul,588,4250.77,7.23
3509452,Campina do Monte Alegre,SP,Sudeste,92,1956.11,21.26
4103958,Campina do Simão,PR,Sul,56,993.67,17.74
2504009,Campina Grande,PB,Nordeste,4279,56979.65,13.32
4104006,Campina Grande do Sul,PR,Sul,324,5848.94,18.05
3111101,Campina Verde,MG,Sudeste,973,11726.62,12.05
5204656,Campinaçu,GO,Centro Oeste,75,894.7,11.93
5102603,Campinápolis,MT,Centro Oeste,554,5329.1,9.62
3509502,Campinas,SP,Sudeste,18068,144125.02,7.98
2202109,Campinas do Piauí,PI,Nordeste,146,901.39,6.17
4303806,Campinas do Sul,RS,Sul,360,3718.48,10.33
5204706,Campinorte,GO,Centro Oeste,527,4826.18,9.16
4203303,Campo Alegre,SC,Sul,361,4359.05,12.07
2701407,Campo Alegre,AL,Nordeste,297,5296.91,17.83
5204805,Campo Alegre de Goiás,GO,Centro Oeste,206,11677.49,56.69
2905909,Campo Alegre de Lourdes,BA,Nordeste,384,2978.79,7.76
2202117,Campo Alegre do Fidalgo,PI,Nordeste,61,505.31,8.28
3111150,Campo Azul,MG,Sudeste,40,690.19,17.25
3111200,Campo Belo,MG,Sudeste,886,22784.18,25.72
4203402,Campo Belo do Sul,SC,Sul,75,789.33,10.52
4303905,Campo Bom,RS,Sul,4176,30324.99,7.26
4104055,Campo Bonito,PR,Sul,103,1605.41,15.59
2801009,Campo do Brito,SE,Nordeste,204,2502.37,12.27
3111309,Campo do Meio,MG,Sudeste,190,1901.4,10.01
4104105,Campo do Tenente,PR,Sul,121,1654.98,13.68
4203501,Campo Erê,SC,Sul,222,3210.7,14.46
3111408,Campo Florido,MG,Sudeste,174,1940.91,11.15
2906006,Campo Formoso,BA,Nordeste,801,6530.99,8.15
2701506,Campo Grande,AL,Nordeste,97,828.91,8.55
2401305,Campo Grande,RN,Nordeste,340,2591.8,7.62
5002704,Campo Grande,MS,Centro Oeste,49562,437156.34,8.82
2202133,Campo Grande do Piauí,PI,Nordeste,108,884.55,8.19
4104204,Campo Largo,PR,Sul,1029,12351.22,12.0
2202174,Campo Largo do Piauí,PI,Nordeste,44,370.52,8.42
5204854,Campo Limpo de Goiás,GO,Centro Oeste,235,4917.93,20.93
3509601,Campo Limpo Paulista,SP,Sudeste,701,4646.04,6.63
4104253,Campo Magro,PR,Sul,189,2622.88,13.88
2202208,Campo Maior,PI,Nordeste,1724,13926.88,8.08
4104303,Campo Mourão,PR,Sul,4314,52196.41,12.1
4304002,Campo Novo,RS,Sul,241,4295.26,17.82
1100700,Campo Novo de Rondônia,RO,Norte,373,3679.88,9.87
5102637,Campo Novo do Parecis,MT,Centro Oeste,2483,39174.3,15.78
2402105,Campo Redondo,RN,Nordeste,124,1183.5,9.54
5102678,Campo Verde,MT,Centro Oeste,2146,41086.89,19.15
3111507,Campos Altos,MG,Sudeste,228,9331.21,40.93
5204904,Campos Belos,GO,Centro Oeste,232,2971.19,12.81
4304101,Campos Borges,RS,Sul,96,1514.86,15.78
5102686,Campos de Júlio,MT,Centro Oeste,437,9362.49,21.42
3509700,Campos do Jordão,SP,Sudeste,467,5299.96,11.35
3301009,Campos dos Goytacazes,RJ,Sudeste,15055,122559.52,8.14
3111606,Campos Gerais,MG,Sudeste,651,6834.5,10.5
1703842,Campos Lindos,TO,Norte,140,1778.72,12.71
4203600,Campos Novos,SC,Sul,695,18665.93,26.86
3509809,Campos Novos Paulista,SP,Sudeste,133,1340.46,10.08
2302701,Campos Sales,CE,Nordeste,265,2606.06,9.83
5204953,Campos Verdes,GO,Centro Oeste,115,1081.14,9.4
2603603,Camutanga,PE,Nordeste,91,650.18,7.14
3111903,Cana Verde,MG,Sudeste,104,674.18,6.48
3111705,Canaã,MG,Sudeste,149,5660.14,37.99
1502152,Canaã dos Carajás,PA,Norte,2793,25573.28,9.16
5102694,Canabrava do Norte,MT,Centro Oeste,132,1751.86,13.27
3509908,Cananéia,SP,Sudeste,89,952.83,10.71
2701605,Canapi,AL,Nordeste,132,1049.26,7.95
2906105,Canápolis,BA,Nordeste,156,1071.17,6.87
3111804,Canápolis,MG,Sudeste,369,2420.93,6.56
2906204,Canarana,BA,Nordeste,401,4523.2,11.28
5102702,Canarana,MT,Centro Oeste,1617,27075.85,16.74
3509957,Canas,SP,Sudeste,134,16202.31,120.91
2202251,Canavieira,PI,Nordeste,47,427.12,9.09
2906303,Canavieiras,BA,Nordeste,447,4350.05,9.73
2906402,Candeal,BA,Nordeste,83,563.02,6.78
2906501,Candeias,BA,Nordeste,563,6885.43,12.23
3112000,Candeias,MG,Sudeste,416,3782.6,9.09
1100809,Candeias do Jamari,RO,Norte,362,6099.69,16.85
4304200,Candelária,RS,Sul,1895,16278.67,8.59
2906600,Candiba,BA,Nordeste,1131,8621.14,7.62
4104402,Cândido de Abreu,PR,Sul,251,3230.27,12.87
4304309,Cândido Godói,RS,Sul,540,4162.09,7.71
2102606,Cândido Mendes,MA,Nordeste,51,937.36,18.38
3510005,Cândido Mota,SP,Sudeste,1813,12880.79,7.1
3510104,Cândido Rodrigues,SP,Sudeste,179,1694.62,9.47
2906709,Cândido Sales,BA,Nordeste,426,3783.17,8.88
4304358,Candiota,RS,Sul,115,3242.23,28.19
4104428,Candói,PR,Sul,229,3303.74,14.43
4304408,Canela,RS,Sul,1196,9850.12,8.24
4203709,Canelinha,SC,Sul,261,2795.08,10.71
2402204,Canguaretama,RN,Nordeste,529,5101.23,9.64
4304507,Canguçu,RS,Sul,1968,18800.07,9.55
2801108,Canhoba,SE,Nordeste,16,190.7,11.92
2603702,Canhotinho,PE,Nordeste,138,1328.25,9.62
2302800,Canindé,CE,Nordeste,1565,17781.61,11.36
2801207,Canindé de São Francisco,SE,Nordeste,320,3399.77,10.62
3510153,Canitar,SP,Sudeste,178,642.74,3.61
4304606,Canoas,RS,Sul,8202,60360.97,7.36
4203808,Canoinhas,SC,Sul,1130,13245.69,11.72
2906808,Cansanção,BA,Nordeste,493,3721.15,7.55
1400175,Cantá,RR,Norte,134,1452.53,10.84
3112059,Cantagalo,MG,Sudeste,40,423.31,10.58
3301108,Cantagalo,RJ,Sudeste,458,6382.39,13.94
4104451,Cantagalo,PR,Sul,239,2456.39,10.28
2102705,Cantanhede,MA,Nordeste,170,1795.75,10.56
2202307,Canto do Buriti,PI,Nordeste,550,4414.29,8.03
2906824,Canudos,BA,Nordeste,385,3106.62,8.07
4304614,Canudos do Vale,RS,Sul,87,1578.22,18.14
1300904,Canutama,AM,Norte,9,89.0,9.89
1502202,Capanema,PA,Norte,1560,14857.67,9.52
4104501,Capanema,PR,Sul,1435,24539.13,17.1
4203253,Capão Alto,SC,Sul,21,215.26,10.25
3510203,Capão Bonito,SP,Sudeste,511,6620.12,12.96
4304622,Capão Bonito do Sul,RS,Sul,96,1926.39,20.07
4304630,Capão da Canoa,RS,Sul,1637,14728.35,9.0
4304655,Capão do Cipó,RS,Sul,232,2456.24,10.59
4304663,Capão do Leão,RS,Sul,530,4433.59,8.37
3112109,Caparaó,MG,Sudeste,52,393.15,7.56
2801306,Capela,SE,Nordeste,131,1464.78,11.18
2701704,Capela,AL,Nordeste,204,2806.04,13.76
4304689,Capela de Santana,RS,Sul,445,4000.52,8.99
3510302,Capela do Alto,SP,Sudeste,508,4202.94,8.27
2906857,Capela do Alto Alegre,BA,Nordeste,197,1440.89,7.31
3112208,Capela Nova,MG,Sudeste,37,733.36,19.82
3112307,Capelinha,MG,Sudeste,565,8319.89,14.73
3112406,Capetinga,MG,Sudeste,160,1270.31,7.94
2504033,Capim,PB,Nordeste,58,984.98,16.98
3112505,Capim Branco,MG,Sudeste,217,3888.4,17.92
2906873,Capim Grosso,BA,Nordeste,721,6881.95,9.55
3112604,Capinópolis,MG,Sudeste,718,4988.95,6.95
4203907,Capinzal,SC,Sul,669,10433.42,15.6
2102754,Capinzal do Norte,MA,Nordeste,215,1933.87,8.99
2302909,Capistrano,CE,Nordeste,123,1209.46,9.83
4304697,Capitão,RS,Sul,113,1766.36,15.63
3112653,Capitão Andrade,MG,Sudeste,242,1731.5,7.15
2202406,Capitão de Campos,PI,Nordeste,185,1517.06,8.2
3112703,Capitão Enéas,MG,Sudeste,220,13616.15,61.89
2202455,Capitão Gervásio Oliveira,PI,Nordeste,31,242.91,7.84
4104600,Capitão Leônidas Marques,PR,Sul,840,9396.95,11.19
1502301,Capitão Poço,PA,Norte,595,7411.8,12.46
3112802,Capitólio,MG,Sudeste,692,6780.32,9.8
3510401,Capivari,SP,Sudeste,1012,10358.08,10.24
4203956,Capivari de Baixo,SC,Sul,584,5273.88,9.03
4304671,Capivari do Sul,RS,Sul,164,2750.64,16.77
1200179,Capixaba,AC,Norte,138,2086.96,15.12
2603801,Capoeiras,PE,Nordeste,255,1951.94,7.65
3112901,Caputira,MG,Sudeste,159,1504.18,9.46
4304713,Caraá,RS,Sul,264,2783.52,10.54
1400209,Caracaraí,RR,Norte,105,1507.46,14.36
2202505,Caracol,PI,Nordeste,90,583.46,6.48
5002803,Caracol,MS,Centro Oeste,288,2893.53,10.05
3510500,Caraguatatuba,SP,Sudeste,3415,44306.27,12.97
3113008,Caraí,MG,Sudeste,94,585.88,6.23
2906899,Caraíbas,BA,Nordeste,473,3567.82,7.54
4104659,Carambeí,PR,Sul,343,10281.79,29.98
3113107,Caranaíba,MG,Sudeste,27,249.88,9.25
3113206,Carandaí,MG,Sudeste,287,6086.42,21.21
3113305,Carangola,MG,Sudeste,775,7956.37,10.27
3300936,Carapebus,RJ,Sudeste,352,5544.81,15.75
3510609,Carapicuíba,SP,Sudeste,929,8447.79,9.09
3113404,Caratinga,MG,Sudeste,1953,19370.84,9.92
1301001,Carauari,AM,Norte,41,994.78,24.26
2504074,Caraúbas,PB,Nordeste,30,269.89,9.0
2402303,Caraúbas,RN,Nordeste,973,9784.06,10.06
2202539,Caraúbas do Piauí,PI,Nordeste,101,901.87,8.93
2906907,Caravelas,BA,Nordeste,592,5130.69,8.67
4304705,Carazinho,RS,Sul,3713,35403.2,9.53
3113503,Carbonita,MG,Sudeste,106,1034.95,9.76
2907004,Cardeal da Silva,BA,Nordeste,43,519.88,12.09
3510708,Cardoso,SP,Sudeste,868,6936.04,7.99
3301157,Cardoso Moreira,RJ,Sudeste,408,3419.65,8.38
3113602,Careaçu,MG,Sudeste,130,1957.78,15.06
1301100,Careiro,AM,Norte,26,517.19,19.89
1301159,Careiro da Várzea,AM,Norte,7,88.13,12.59
3201308,Cariacica,ES,Sudeste,6096,65510.67,10.75
2303006,Caridade,CE,Nordeste,258,12562.3,48.69
2202554,Caridade do Piauí,PI,Nordeste,37,250.38,6.77
2907103,Carinhanha,BA,Nordeste,854,6530.29,7.65
2801405,Carira,SE,Nordeste,137,1490.9,10.88
2303105,Cariré,CE,Nordeste,311,3475.22,11.17
1703867,Cariri do Tocantins,TO,Norte,219,12699.66,57.99
2303204,Caririaçu,CE,Nordeste,286,2628.12,9.19
2303303,Cariús,CE,Nordeste,353,3097.21,8.77
5102793,Carlinda,MT,Centro Oeste,667,6126.59,9.19
4104709,Carlópolis,PR,Sul,568,6640.54,11.69
4304804,Carlos Barbosa,RS,Sul,1652,16435.07,9.95
3113701,Carlos Chagas,MG,Sudeste,406,3913.33,9.64
4304853,Carlos Gomes,RS,Sul,51,510.29,10.01
3113800,Carmésia,MG,Sudeste,19,252.32,13.28
3301207,Carmo,RJ,Sudeste,340,16965.46,49.9
3113909,Carmo da Cachoeira,MG,Sudeste,132,2759.72,20.91
3114006,Carmo da Mata,MG,Sudeste,276,3871.62,14.03
3114105,Carmo de Minas,MG,Sudeste,189,2820.2,14.92
3114204,Carmo do Cajuru,MG,Sudeste,657,11096.59,16.89
3114303,Carmo do Paranaíba,MG,Sudeste,974,14335.0,14.72
3114402,Carmo do Rio Claro,MG,Sudeste,834,19680.02,23.6
5205000,Carmo do Rio Verde,GO,Centro Oeste,336,3104.02,9.24
1703883,Carmolândia,TO,Norte,58,808.36,13.94
2801504,Carmópolis,SE,Nordeste,78,1824.54,23.39
3114501,Carmópolis de Minas,MG,Sudeste,277,8734.89,31.53
2603900,Carnaíba,PE,Nordeste,526,8059.38,15.32
2402402,Carnaúba dos Dantas,RN,Nordeste,361,5542.51,15.35
2402501,Carnaubais,RN,Nordeste,316,2901.12,9.18
2303402,Carnaubal,CE,Nordeste,276,4942.58,17.91
2603926,Carnaubeira da Penha,PE,Nordeste,163,1128.83,6.93
3114550,Carneirinho,MG,Sudeste,826,7799.23,9.44
2701803,Carneiros,AL,Nordeste,44,358.27,8.14
1400233,Caroebe,RR,Norte,79,963.05,12.19
2102804,Carolina,MA,Nordeste,958,10152.73,10.6
2604007,Carpina,PE,Nordeste,2138,18640.53,8.72
3114600,Carrancas,MG,Sudeste,92,803.56,8.73
2504108,Carrapateira,PB,Nordeste,47,275.72,5.87
1703891,Carrasco Bonito,TO,Norte,58,398.62,6.87
2604106,Caruaru,PE,Nordeste,9666,85478.58,8.84
2102903,Carutapera,MA,Nordeste,91,979.19,10.76
3114709,Carvalhópolis,MG,Sudeste,120,907.59,7.56
3114808,Carvalhos,MG,Sudeste,33,370.57,11.23
3510807,Casa Branca,SP,Sudeste,833,6475.84,7.77
3114907,Casa Grande,MG,Sudeste,54,900.23,16.67
2907202,Casa Nova,BA,Nordeste,1824,18064.07,9.9
4304903,Casca,RS,Sul,796,9307.29,11.69
3115003,Cascalho Rico,MG,Sudeste,119,1024.8,8.61
2303501,Cascavel,CE,Nordeste,1318,25327.63,19.22
4104808,Cascavel,PR,Sul,10107,128943.17,12.76
1703909,Caseara,TO,Norte,106,1218.15,11.49
4304952,Caseiros,RS,Sul,165,2374.9,14.39
3301306,Casimiro de Abreu,RJ,Sudeste,1187,12545.35,10.57
2604155,Casinhas,PE,Nordeste,71,594.34,8.37
2504157,Casserengue,PB,Nordeste,34,327.08,9.62
3115102,Cássia,MG,Sudeste,915,14289.3,15.62
3510906,Cássia dos Coqueiros,SP,Sudeste,84,1723.78,20.52
5002902,Cassilândia,MS,Centro Oeste,1259,37995.76,30.18
1502400,Castanhal,PA,Norte,5874,55983.98,9.53
5102850,Castanheira,MT,Centro Oeste,486,5706.52,11.74
1100908,Castanheiras,RO,Norte,113,1684.12,14.9
5205059,Castelândia,GO,Centro Oeste,111,1329.4,11.98
3201407,Castelo,ES,Sudeste,1551,17980.36,11.59
2202604,Castelo do Piauí,PI,Nordeste,351,2637.53,7.51
3511003,Castilho,SP,Sudeste,1548,8698.27,5.62
4104907,Castro,PR,Sul,835,21805.82,26.11
2907301,Castro Alves,BA,Nordeste,378,7131.53,18.87
3115300,Cataguases,MG,Sudeste,3573,33881.41,9.48
5205109,Catalão,GO,Centro Oeste,5323,49132.62,9.23
3511102,Catanduva,SP,Sudeste,5985,46880.82,7.83
4105003,Catanduvas,PR,Sul,298,4195.48,14.08
4204004,Catanduvas,SC,Sul,242,6476.31,26.76
2303600,Catarina,CE,Nordeste,110,972.89,8.84
3115359,Catas Altas,MG,Sudeste,111,765.78,6.9
3115409,Catas Altas da Noruega,MG,Sudeste,20,572.24,28.61
2604205,Catende,PE,Nordeste,434,2969.55,6.84
3511201,Catiguá,SP,Sudeste,305,1722.47,5.65
2504207,Catingueira,PB,Nordeste,93,682.44,7.34
2907400,Catolândia,BA,Nordeste,79,550.1,6.96
2504306,Catolé do Rocha,PB,Nordeste,1252,17944.3,14.33
2907509,Catu,BA,Nordeste,816,6282.16,7.7
4305009,Catuípe,RS,Sul,551,4159.19,7.55
3115458,Catuji,MG,Sudeste,41,363.7,8.87
2303659,Catunda,CE,Nordeste,173,1195.09,6.91
5205208,Caturaí,GO,Centro Oeste,98,1095.98,11.18
2907558,Caturama,BA,Nordeste,451,2683.08,5.95
2504355,Caturité,PB,Nordeste,41,511.14,12.47
3115474,Catuti,MG,Sudeste,87,1355.26,15.58
2303709,Caucaia,CE,Nordeste,5074,56474.52,11.13
5205307,Cavalcante,GO,Centro Oeste,28,295.01,10.54
3115508,Caxambu,MG,Sudeste,243,4318.86,17.77
4204103,Caxambu do Sul,SC,Sul,180,3245.36,18.03
2103000,Caxias,MA,Nordeste,4032,41336.72,10.25
4305108,Caxias do Sul,RS,Sul,12801,124220.13,9.7
2202653,Caxingó,PI,Nordeste,62,570.73,9.21
2402600,Ceará-Mirim,RN,Nordeste,1709,15384.48,9.0
2103109,Cedral,MA,Nordeste,58,757.21,13.06
3511300,Cedral,SP,Sudeste,696,8310.37,11.94
2303808,Cedro,CE,Nordeste,437,7520.2,17.21
2604304,Cedro,PE,Nordeste,263,1770.31,6.73
2801603,Cedro de São João,SE,Nordeste,51,1206.72,23.66
3115607,Cedro do Abaeté,MG,Sudeste,12,102.41,8.53
4204152,Celso Ramos,SC,Sul,114,1672.31,14.67
4305116,Centenário,RS,Sul,143,1658.9,11.6
1704105,Centenário,TO,Norte,14,106.05,7.58
4105102,Centenário do Sul,PR,Sul,429,7177.09,16.73
2907608,Central,BA,Nordeste,284,7622.27,26.84
3115706,Central de Minas,MG,Sudeste,215,1605.02,7.47
2103125,Central do Maranhão,MA,Nordeste,13,92.47,7.11
3115805,Centralina,MG,Sudeste,464,2507.37,5.4
2103158,Centro do Guilherme,MA,Nordeste,54,639.43,11.84
2103174,Centro Novo do Maranhão,MA,Nordeste,77,743.3,9.65
1100056,Cerejeiras,RO,Norte,820,9672.81,11.8
5205406,Ceres,GO,Centro Oeste,1126,11887.44,10.56
3511409,Cerqueira César,SP,Sudeste,434,2347.87,5.41
3511508,Cerquilho,SP,Sudeste,2089,16069.7,7.69
4305124,Cerrito,RS,Sul,136,1049.61,7.72
4105201,Cerro Azul,PR,Sul,34,521.08,15.33
4305132,Cerro Branco,RS,Sul,224,1497.07,6.68
2402709,Cerro Corá,RN,Nordeste,158,1645.39,10.41
4305157,Cerro Grande,RS,Sul,100,888.57,8.89
4305173,Cerro Grande do Sul,RS,Sul,322,2829.02,8.79
4305207,Cerro Largo,RS,Sul,1497,11235.18,7.51
4204178,Cerro Negro,SC,Sul,37,402.16,10.87
3511607,Cesário Lange,SP,Sudeste,586,6866.65,11.72
4105300,Céu Azul,PR,Sul,691,9513.67,13.77
5205455,Cezarina,GO,Centro Oeste,277,7963.58,28.75
2604403,Chã de Alegria,PE,Nordeste,111,1702.04,15.33
2604502,Chã Grande,PE,Nordeste,499,5064.71,10.15
2701902,Chã Preta,AL,Nordeste,49,1303.08,26.59
3115904,Chácara,MG,Sudeste,49,471.43,9.62
3116001,Chalé,MG,Sudeste,66,554.49,8.4
4305306,Chapada,RS,Sul,1428,12314.36,8.62
1705102,Chapada da Natividade,TO,Norte,93,917.96,9.87
1704600,Chapada de Areia,TO,Norte,33,431.15,13.07
3116100,Chapada do Norte,MG,Sudeste,60,493.07,8.22
5103007,Chapada dos Guimarães,MT,Centro Oeste,1347,25728.6,19.1
3116159,Chapada Gaúcha,MG,Sudeste,184,1691.78,9.19
5205471,Chapadão do Céu,GO,Centro Oeste,360,5339.04,14.83
4204194,Chapadão do Lageado,SC,Sul,262,2515.96,9.6
5002951,Chapadão do Sul,MS,Centro Oeste,1676,20572.58,12.27
2103208,Chapadinha,MA,Nordeste,1527,17465.26,11.44
4204202,Chapecó,SC,Sul,5012,58210.52,11.61
3511706,Charqueada,SP,Sudeste,564,10740.33,19.04
4305355,Charqueadas,RS,Sul,1692,10823.23,6.4
4305371,Charrua,RS,Sul,67,809.5,12.08
2303907,Chaval,CE,Nordeste,104,622.08,5.98
3557204,Chavantes,SP,Sudeste,236,4711.12,19.96
1502509,Chaves,PA,Norte,1,30.0,30.0
3116209,Chiador,MG,Sudeste,17,3114.61,183.21
4305405,Chiapetta,RS,Sul,232,2066.63,8.91
4105409,Chopinzinho,PR,Sul,736,10791.42,14.66
2303931,Choró,CE,Nordeste,89,1089.87,12.25
2303956,Chorozinho,CE,Nordeste,249,3134.02,12.59
2907707,Chorrochó,BA,Nordeste,167,1092.66,6.54
4305439,Chuí,RS,Sul,51,1101.62,21.6
1100924,Chupinguaia,RO,Norte,203,3188.6,15.71
4305447,Chuvisca,RS,Sul,315,2243.68,7.12
4105508,Cianorte,PR,Sul,4510,60627.39,13.44
2907806,Cícero Dantas,BA,Nordeste,476,4270.81,8.97
4105607,Cidade Gaúcha,PR,Sul,677,36050.63,53.25
5205497,Cidade Ocidental,GO,Centro Oeste,708,7918.55,11.18
2103257,Cidelândia,MA,Nordeste,453,5775.66,12.75
4305454,Cidreira,RS,Sul,246,1790.1,7.28
2907905,Cipó,BA,Nordeste,439,3667.89,8.36
3116308,Cipotânea,MG,Sudeste,43,304.86,7.09
4305504,Ciríaco,RS,Sul,191,1467.18,7.68
3116407,Claraval,MG,Sudeste,205,1740.88,8.49
3116506,Claro dos Poções,MG,Sudeste,102,1162.95,11.4
5103056,Cláudia,MT,Centro Oeste,690,16316.75,23.65
3116605,Cláudio,MG,Sudeste,769,19451.9,25.3
3511904,Clementina,SP,Sudeste,382,2688.22,7.04
4105706,Clevelândia,PR,Sul,263,4640.68,17.65
2908002,Coaraci,BA,Nordeste,210,1616.48,7.7
1301209,Coari,AM,Norte,70,1224.91,17.5
2202703,Cocal,PI,Nordeste,523,3621.47,6.92
2202711,Cocal de Telha,PI,Nordeste,84,497.0,5.92
4204251,Cocal do Sul,SC,Sul,330,3437.61,10.42
2202729,Cocal dos Alves,PI,Nordeste,192,1048.57,5.46
5103106,Cocalinho,MT,Centro Oeste,219,2226.16,10.17
5205513,Cocalzinho de Goiás,GO,Centro Oeste,257,3776.21,14.69
2908101,Cocos,BA,Nordeste,451,3502.84,7.77
1301308,Codajás,AM,Norte,22,392.62,17.85
2103307,Codó,MA,Nordeste,2358,27743.33,11.77
2103406,Coelho Neto,MA,Nordeste,487,4777.67,9.81
3116704,Coimbra,MG,Sudeste,208,2214.61,10.65
2702009,Coité do Nóia,AL,Nordeste,177,1496.33,8.45
2202737,Coivaras,PI,Nordeste,72,3246.66,45.09
1502608,Colares,PA,Norte,39,367.83,9.43
3201506,Colatina,ES,Sudeste,6128,64174.48,10.47
5103205,Colíder,MT,Centro Oeste,2475,33280.62,13.45
3512001,Colina,SP,Sudeste,733,9048.59,12.34
4305587,Colinas,RS,Sul,231,3465.61,15.0
2103505,Colinas,MA,Nordeste,625,8788.4,14.06
5205521,Colinas do Sul,GO,Centro Oeste,41,573.26,13.98
1705508,Colinas do Tocantins,TO,Norte,1156,12180.72,10.54
1716703,Colméia,TO,Norte,296,2605.78,8.8
5103254,Colniza,MT,Centro Oeste,1481,15928.59,10.76
3512100,Colômbia,SP,Sudeste,337,7840.88,23.27
4105805,Colombo,PR,Sul,1299,16870.06,12.99
2202752,Colônia do Gurguéia,PI,Nordeste,102,3841.96,37.67
2202778,Colônia do Piauí,PI,Nordeste,141,1010.06,7.16
2702108,Colônia Leopoldina,AL,Nordeste,144,1161.87,8.07
4105904,Colorado,PR,Sul,1316,32002.41,24.32
4305603,Colorado,RS,Sul,387,2428.94,6.28
1100064,Colorado do Oeste,RO,Norte,664,6325.62,9.53
3116803,Coluna,MG,Sudeste,75,1377.93,18.37
1705557,Combinado,TO,Norte,197,1834.86,9.31
3116902,Comendador Gomes,MG,Sudeste,203,1908.26,9.4
3300951,Comendador Levy Gasparian,RJ,Sudeste,115,9040.24,78.61
3117009,Comercinho,MG,Sudeste,51,412.1,8.08
5103304,Comodoro,MT,Centro Oeste,648,8905.02,13.74
2504405,Conceição,PB,Nordeste,453,3624.56,8.0
3117108,Conceição da Aparecida,MG,Sudeste,290,3939.3,13.58
3201605,Conceição da Barra,ES,Sudeste,898,13804.33,15.37
3115201,Conceição da Barra de Minas,MG,Sudeste,85,702.75,8.27
2908200,Conceição da Feira,BA,Nordeste,272,2476.02,9.1
3117306,Conceição das Alagoas,MG,Sudeste,944,7325.13,7.76
3117207,Conceição das Pedras,MG,Sudeste,26,246.98,9.5
3117405,Conceição de Ipanema,MG,Sudeste,581,5421.09,9.33
3301405,Conceição de Macabu,RJ,Sudeste,392,3825.18,9.76
2908309,Conceição do Almeida,BA,Nordeste,234,2128.53,9.1
1502707,Conceição do Araguaia,PA,Norte,1723,16158.22,9.38
2202802,Conceição do Canindé,PI,Nordeste,117,839.52,7.18
3201704,Conceição do Castelo,ES,Sudeste,417,4946.91,11.86
2908408,Conceição do Coité,BA,Nordeste,1573,12636.3,8.03
2908507,Conceição do Jacuípe,BA,Nordeste,592,6351.01,10.73
2103554,Conceição do Lago-Açu,MA,Nordeste,156,1216.23,7.8
3117504,Conceição do Mato Dentro,MG,Sudeste,152,1932.08,12.71
3117603,Conceição do Pará,MG,Sudeste,222,3786.35,17.06
3117702,Conceição do Rio Verde,MG,Sudeste,187,2785.07,14.89
1705607,Conceição do Tocantins,TO,Norte,54,617.03,11.43
3117801,Conceição dos Ouros,MG,Sudeste,188,1627.36,8.66
3512209,Conchal,SP,Sudeste,638,9261.22,14.52
3512308,Conchas,SP,Sudeste,449,4823.35,10.74
4204301,Concórdia,SC,Sul,2834,49636.55,17.51
1502756,Concórdia do Pará,PA,Norte,215,4527.62,21.06
2504504,Condado,PB,Nordeste,192,1566.69,8.16
2604601,Condado,PE,Nordeste,316,2888.05,9.14
2908606,Conde,BA,Nordeste,313,2725.46,8.71
2504603,Conde,PB,Nordeste,880,10774.81,12.24
2908705,Condeúba,BA,Nordeste,470,4065.21,8.65
4305702,Condor,RS,Sul,199,2773.56,13.94
3117836,Cônego Marinho,MG,Sudeste,44,238.37,5.42
3117876,Confins,MG,Sudeste,250,7067.77,28.27
5103353,Confresa,MT,Centro Oeste,1377,21190.93,15.39
2504702,Congo,PB,Nordeste,53,505.91,9.55
3117900,Congonhal,MG,Sudeste,185,2006.05,10.84
3118007,Congonhas,MG,Sudeste,498,5145.18,10.33
3118106,Congonhas do Norte,MG,Sudeste,30,398.48,13.28
4106001,Congonhinhas,PR,Sul,184,2656.17,14.44
3118205,Conquista,MG,Sudeste,253,1964.95,7.77
5103361,Conquista D'Oeste,MT,Centro Oeste,242,1931.47,7.98
3118304,Conselheiro Lafaiete,MG,Sudeste,1271,14440.73,11.36
4106100,Conselheiro Mairinck,PR,Sul,100,1274.06,12.74
3118403,Conselheiro Pena,MG,Sudeste,1341,9386.99,7.0
3118502,Consolação,MG,Sudeste,15,97.86,6.52
4305801,Constantina,RS,Sul,782,7600.95,9.72
3118601,Contagem,MG,Sudeste,5808,79206.13,13.64
4106209,Contenda,PR,Sul,345,4930.34,14.29
2908804,Contendas do Sincorá,BA,Nordeste,181,1455.4,8.04
3118700,Coqueiral,MG,Sudeste,310,5424.12,17.5
4305835,Coqueiro Baixo,RS,Sul,128,1654.56,12.93
2702207,Coqueiro Seco,AL,Nordeste,53,513.17,9.68
4305850,Coqueiros do Sul,RS,Sul,316,3311.52,10.48
3118809,Coração de Jesus,MG,Sudeste,325,9929.96,30.55
2908903,Coração de Maria,BA,Nordeste,362,3813.69,10.54
4106308,Corbélia,PR,Sul,729,13369.7,18.34
3301504,Cordeiro,RJ,Sudeste,384,3119.44,8.12
3512407,Cordeirópolis,SP,Sudeste,749,7389.33,9.87
2909000,Cordeiros,BA,Nordeste,232,1678.97,7.24
4204350,Cordilheira Alta,SC,Sul,256,5791.02,22.62
3118908,Cordisburgo,MG,Sudeste,238,6408.85,26.93
3119005,Cordislândia,MG,Sudeste,67,551.08,8.23
2304004,Coreaú,CE,Nordeste,262,7441.43,28.4
2504801,Coremas,PB,Nordeste,374,3414.99,9.13
5003108,Corguinho,MS,Centro Oeste,309,7645.84,24.74
2909109,Coribe,BA,Nordeste,457,3379.39,7.39
3119104,Corinto,MG,Sudeste,533,19556.13,36.69
4106407,Cornélio Procópio,PR,Sul,1246,15005.4,12.04
3119203,Coroaci,MG,Sudeste,223,1827.25,8.19
3512506,Coroados,SP,Sudeste,337,5530.55,16.41
2103604,Coroatá,MA,Nordeste,1180,14746.97,12.5
3119302,Coromandel,MG,Sudeste,974,24620.16,25.28
4305871,Coronel Barros,RS,Sul,94,2296.86,24.43
4305900,Coronel Bicaco,RS,Sul,391,3587.62,9.18
4106456,Coronel Domingos Soares,PR,Sul,43,729.17,16.96
2402808,Coronel Ezequiel,RN,Nordeste,52,503.05,9.67
3119401,Coronel Fabriciano,MG,Sudeste,3689,27317.73,7.41
4204400,Coronel Freitas,SC,Sul,482,9464.89,19.64
2402907,Coronel João Pessoa,RN,Nordeste,115,789.35,6.86
2909208,Coronel João Sá,BA,Nordeste,137,1187.73,8.67
2202851,Coronel José Dias,PI,Nordeste,53,508.21,9.59
3512605,Coronel Macedo,SP,Sudeste,82,3251.7,39.65
4204459,Coronel Martins,SC,Sul,108,1439.63,13.33
3119500,Coronel Murta,MG,Sudeste,111,1182.37,10.65
3119609,Coronel Pacheco,MG,Sudeste,30,1083.67,36.12
4305934,Coronel Pilar,RS,Sul,104,1693.69,16.29
5003157,Coronel Sapucaia,MS,Centro Oeste,369,3780.16,10.24
4106506,Coronel Vivida,PR,Sul,804,9168.25,11.4
3119708,Coronel Xavier Chaves,MG,Sudeste,138,1539.11,11.15
3119807,Córrego Danta,MG,Sudeste,77,711.91,9.25
3119906,Córrego do Bom Jesus,MG,Sudeste,69,557.22,8.08
5205703,Córrego do Ouro,GO,Centro Oeste,145,1245.22,8.59
3119955,Córrego Fundo,MG,Sudeste,172,2120.08,12.33
3120003,Córrego Novo,MG,Sudeste,89,537.42,6.04
4204558,Correia Pinto,SC,Sul,173,1586.9,9.17
2202901,Corrente,PI,Nordeste,391,3469.78,8.87
2604700,Correntes,PE,Nordeste,90,907.2,10.08
2909307,Correntina,BA,Nordeste,891,10601.55,11.9
2604809,Cortês,PE,Nordeste,50,529.92,10.6
5003207,Corumbá,MS,Centro Oeste,3907,35512.61,9.09
5205802,Corumbá de Goiás,GO,Centro Oeste,196,4990.04,25.46
5205901,Corumbaíba,GO,Centro Oeste,302,2806.72,9.29
3512704,Corumbataí,SP,Sudeste,164,2119.59,12.92
4106555,Corumbataí do Sul,PR,Sul,95,1290.08,13.58
1100072,Corumbiara,RO,Norte,220,1970.4,8.96
4204509,Corupá,SC,Sul,828,9669.91,11.68
2702306,Coruripe,AL,Nordeste,938,19129.03,20.39
3512803,Cosmópolis,SP,Sudeste,1297,8318.63,6.41
3512902,Cosmorama,SP,Sudeste,746,6321.92,8.47
1100080,Costa Marques,RO,Norte,268,2751.25,10.27
5003256,Costa Rica,MS,Centro Oeste,1333,23508.88,17.64
2909406,Cotegipe,BA,Nordeste,285,2209.98,7.75
3513009,Cotia,SP,Sudeste,2828,22937.37,8.11
4305959,Cotiporã,RS,Sul,278,3709.18,13.34
5103379,Cotriguaçu,MT,Centro Oeste,739,6367.1,8.62
3120102,Couto de Magalhães de Minas,MG,Sudeste,57,668.24,11.72
1706001,Couto Magalhães,TO,Norte,96,970.24,10.11
4305975,Coxilha,RS,Sul,146,3195.52,21.89
5003306,Coxim,MS,Centro Oeste,3162,36348.73,11.5
2504850,Coxixola,PB,Nordeste,15,117.99,7.87
2702355,Craíbas,AL,Nordeste,283,2580.22,9.12
2304103,Crateús,CE,Nordeste,2545,24429.04,9.6
2304202,Crato,CE,Nordeste,2821,28869.42,10.23
3513108,Cravinhos,SP,Sudeste,814,9092.0,11.17
2909505,Cravolândia,BA,Nordeste,48,454.62,9.47
4204608,Criciúma,SC,Sul,2779,28601.73,10.29
3120151,Crisólita,MG,Sudeste,81,577.87,7.13
2909604,Crisópolis,BA,Nordeste,213,1590.39,7.47
4306007,Crissiumal,RS,Sul,1089,8494.03,7.8
3120201,Cristais,MG,Sudeste,139,2234.51,16.08
3513207,Cristais Paulista,SP,Sudeste,547,5701.11,10.42
4306056,Cristal,RS,Sul,229,2130.72,9.3
4306072,Cristal do Sul,RS,Sul,97,1242.67,12.81
1706100,Cristalândia,TO,Norte,198,1747.75,8.83
2203008,Cristalândia do Piauí,PI,Nordeste,43,484.34,11.26
3120300,Cristália,MG,Sudeste,38,645.23,16.98
5206206,Cristalina,GO,Centro Oeste,638,21568.43,33.81
3120409,Cristiano Otoni,MG,Sudeste,79,1116.85,14.14
5206305,Cristianópolis,GO,Centro Oeste,113,1935.48,17.13
3120508,Cristina,MG,Sudeste,112,1447.48,12.92
2801702,Cristinápolis,SE,Nordeste,60,712.37,11.87
2203107,Cristino Castro,PI,Nordeste,218,2719.08,12.47
2909703,Cristópolis,BA,Nordeste,298,2363.47,7.93
5206404,Crixás,GO,Centro Oeste,495,9573.0,19.34
1706258,Crixás do Tocantins,TO,Norte,52,490.95,9.44
2304236,Croatá,CE,Nordeste,274,2515.46,9.18
5206503,Cromínia,GO,Centro Oeste,191,2412.9,12.63
3120607,Crucilândia,MG,Sudeste,136,1321.02,9.71
2304251,Cruz,CE,Nordeste,714,8617.18,12.07
4306106,Cruz Alta,RS,Sul,2824,21324.35,7.55
2909802,Cruz das Almas,BA,Nordeste,1067,9970.46,9.34
2504900,Cruz do Espírito Santo,PB,Nordeste,110,1245.84,11.33
4106803,Cruz Machado,PR,Sul,186,2224.55,11.96
3513306,Cruzália,SP,Sudeste,232,961.31,4.14
4306130,Cruzaltense,RS,Sul,158,1513.9,9.58
3513405,Cruzeiro,SP,Sudeste,1841,34391.78,18.68
3120706,Cruzeiro da Fortaleza,MG,Sudeste,186,2665.71,14.33
4106571,Cruzeiro do Iguaçu,PR,Sul,301,7068.71,23.48
4106605,Cruzeiro do Oeste,PR,Sul,1018,10023.6,9.85
4106704,Cruzeiro do Sul,PR,Sul,278,6161.56,22.16
4306205,Cruzeiro do Sul,RS,Sul,1088,11638.46,10.7
1200203,Cruzeiro do Sul,AC,Norte,1935,23638.99,12.22
2403004,Cruzeta,RN,Nordeste,353,3760.09,10.65
3120805,Cruzília,MG,Sudeste,144,1619.64,11.25
4106852,Cruzmaltina,PR,Sul,91,1170.56,12.86
3513504,Cubatão,SP,Sudeste,435,3599.42,8.27
2505006,Cubati,PB,Nordeste,38,465.09,12.24
5103403,Cuiabá,MT,Centro Oeste,44800,503795.26,11.25
2505105,Cuité,PB,Nordeste,175,1999.48,11.43
2505238,Cuité de Mamanguape,PB,Nordeste,29,254.69,8.78
2505204,Cuitegi,PB,Nordeste,36,785.73,21.83
1100940,Cujubim,RO,Norte,483,5256.09,10.88
5206602,Cumari,GO,Centro Oeste,175,1802.24,10.3
2604908,Cumaru,PE,Nordeste,210,2269.34,10.81
1502764,Cumaru do Norte,PA,Norte,115,1124.27,9.78
2801900,Cumbe,SE,Nordeste,17,125.56,7.39
3513603,Cunha,SP,Sudeste,217,2654.04,12.23
4204707,Cunha Porã,SC,Sul,546,8748.33,16.02
4204756,Cunhataí,SC,Sul,103,2284.45,22.18
3120839,Cuparaque,MG,Sudeste,254,1686.95,6.64
2605004,Cupira,PE,Nordeste,512,4040.98,7.89
2909901,Curaçá,BA,Nordeste,841,7131.37,8.48
2203206,Curimatá,PI,Nordeste,138,1086.41,7.87
1502772,Curionópolis,PA,Norte,316,3284.83,10.4
4106902,Curitiba,PR,Sul,13919,148395.71,10.66
4204806,Curitibanos,SC,Sul,563,8275.05,14.7
4107009,Curiúva,PR,Sul,70,1137.88,16.26
2203230,Currais,PI,Nordeste,26,458.41,17.63
2403103,Currais Novos,RN,Nordeste,1718,14263.65,8.3
2505279,Curral de Cima,PB,Nordeste,25,399.2,15.97
3120870,Curral de Dentro,MG,Sudeste,59,688.45,11.67
2203271,Curral Novo do Piauí,PI,Nordeste,41,260.85,6.36
2505303,Curral Velho,PB,Nordeste,27,192.14,7.12
1502806,Curralinho,PA,Norte,16,181.06,11.32
2203255,Curralinhos,PI,Nordeste,38,429.88,11.31
1502855,Curuá,PA,Norte,107,956.79,8.94
1502905,Curuçá,PA,Norte,258,4909.8,19.03
2103703,Cururupu,MA,Nordeste,99,942.55,9.52
5103437,Curvelândia,MT,Centro Oeste,526,4032.34,7.67
3120904,Curvelo,MG,Sudeste,2130,34012.62,15.97
2605103,Custódia,PE,Nordeste,1519,9379.95,6.18
1600212,Cutias,AP,Norte,13,141.7,10.9
5206701,Damianópolis,GO,Centro Oeste,35,541.1,15.46
2505352,Damião,PB,Nordeste,15,134.01,8.93
5206800,Damolândia,GO,Centro Oeste,67,1103.78,16.47
1706506,Darcinópolis,TO,Norte,86,1055.48,12.27
2910008,Dário Meira,BA,Nordeste,57,562.94,9.88
3121001,Datas,MG,Sudeste,45,645.98,14.36
4306304,David Canabarro,RS,Sul,243,2036.56,8.38
5206909,Davinópolis,GO,Centro Oeste,80,670.16,8.38
2103752,Davinópolis,MA,Nordeste,613,7860.46,12.82
3121100,Delfim Moreira,MG,Sudeste,122,3291.4,26.98
3121209,Delfinópolis,MG,Sudeste,433,5831.85,13.47
2702405,Delmiro Gouveia,AL,Nordeste,1475,18639.64,12.64
3121258,Delta,MG,Sudeste,80,999.95,12.5
2203305,Demerval Lobão,PI,Nordeste,318,6330.27,19.91
5103452,Denise,MT,Centro Oeste,464,7929.06,17.09
5003454,Deodápolis,MS,Centro Oeste,1279,15621.8,12.21
2304269,Deputado Irapuan Pinheiro,CE,Nordeste,124,1006.66,8.12
4306320,Derrubadas,RS,Sul,224,1853.5,8.27
3513702,Descalvado,SP,Sudeste,926,15518.99,16.76
4204905,Descanso,SC,Sul,631,12172.29,19.29
3121308,Descoberto,MG,Sudeste,131,3797.05,28.99
2505402,Desterro,PB,Nordeste,63,440.57,6.99
3121407,Desterro de Entre Rios,MG,Sudeste,137,1075.53,7.85
3121506,Desterro do Melo,MG,Sudeste,39,518.26,13.29
4306353,Dezesseis de Novembro,RS,Sul,199,1471.18,7.39
3513801,Diadema,SP,Sudeste,502,5198.74,10.36
2505600,Diamante,PB,Nordeste,93,763.43,8.21
4107108,Diamante do Norte,PR,Sul,281,2862.46,10.19
4107124,Diamante do Sul,PR,Sul,44,715.04,16.25
4107157,Diamante D'Oeste,PR,Sul,207,4011.65,19.38
3121605,Diamantina,MG,Sudeste,635,13911.21,21.91
5103502,Diamantino,MT,Centro Oeste,1388,35207.93,25.37
1707009,Dianópolis,TO,Norte,423,8977.79,21.22
2910057,Dias d'Ávila,BA,Nordeste,1038,7932.96,7.64
4306379,Dilermando de Aguiar,RS,Sul,126,1171.63,9.3
3121704,Diogo de Vasconcelos,MG,Sudeste,23,326.22,14.18
3121803,Dionísio,MG,Sudeste,133,1245.27,9.36
4205001,Dionísio Cerqueira,SC,Sul,538,6268.9,11.65
5207105,Diorama,GO,Centro Oeste,90,828.54,9.21
3513850,Dirce Reis,SP,Sudeste,114,701.37,6.15
2203354,Dirceu Arcoverde,PI,Nordeste,76,518.34,6.82
2802007,Divina Pastora,SE,Nordeste,11,143.62,13.06
3121902,Divinésia,MG,Sudeste,161,1688.58,10.49
3122009,Divino,MG,Sudeste,505,3393.34,6.72
3122108,Divino das Laranjeiras,MG,Sudeste,117,805.11,6.88
3201803,Divino de São Lourenço,ES,Sudeste,137,1064.7,7.77
3513900,Divinolândia,SP,Sudeste,399,4190.15,10.5
3122207,Divinolândia de Minas,MG,Sudeste,103,808.25,7.85
3122306,Divinópolis,MG,Sudeste,5021,72689.5,14.48
5208301,Divinópolis de Goiás,GO,Centro Oeste,30,520.99,17.37
1707108,Divinópolis do Tocantins,TO,Norte,208,2415.99,11.62
3122355,Divisa Alegre,MG,Sudeste,45,460.49,10.23
3122405,Divisa Nova,MG,Sudeste,104,1058.87,10.18
3122454,Divisópolis,MG,Sudeste,41,777.35,18.96
3514007,Dobrada,SP,Sudeste,160,2535.62,15.85
3514106,Dois Córregos,SP,Sudeste,620,13124.78,21.17
4306403,Dois Irmãos,RS,Sul,2510,18457.97,7.35
4306429,Dois Irmãos das Missões,RS,Sul,99,2135.05,21.57
5003488,Dois Irmãos do Buriti,MS,Centro Oeste,523,5702.17,10.9
1707207,Dois Irmãos do Tocantins,TO,Norte,182,1709.43,9.39
4306452,Dois Lajeados,RS,Sul,184,2513.81,13.66
2702504,Dois Riachos,AL,Nordeste,117,968.67,8.28
4107207,Dois Vizinhos,PR,Sul,2537,33788.15,13.32
3514205,Dolcinópolis,SP,Sudeste,217,1206.0,5.56
5103601,Dom Aquino,MT,Centro Oeste,403,4812.15,11.94
2910107,Dom Basílio,BA,Nordeste,1321,9065.48,6.86
3122470,Dom Bosco,MG,Sudeste,156,1976.93,12.67
3122504,Dom Cavati,MG,Sudeste,218,1812.59,8.31
1502939,Dom Eliseu,PA,Norte,596,6043.47,10.14
2203404,Dom Expedito Lopes,PI,Nordeste,186,1611.87,8.67
4306502,Dom Feliciano,RS,Sul,520,3934.33,7.57
2203453,Dom Inocêncio,PI,Nordeste,91,698.3,7.67
3122603,Dom Joaquim,MG,Sudeste,39,547.31,14.03
2910206,Dom Macedo Costa,BA,Nordeste,73,699.52,9.58
4306601,Dom Pedrito,RS,Sul,880,14485.07,16.46
2103802,Dom Pedro,MA,Nordeste,700,6261.82,8.95
4306551,Dom Pedro de Alcântara,RS,Sul,99,1375.71,13.9
3122702,Dom Silvério,MG,Sudeste,119,1718.14,14.44
3122801,Dom Viçoso,MG,Sudeste,31,215.9,6.96
3201902,Domingos Martins,ES,Sudeste,1778,21737.05,12.23
2203420,Domingos Mourão,PI,Nordeste,115,618.55,5.38
4205100,Dona Emma,SC,Sul,243,2500.15,10.29
3122900,Dona Euzébia,MG,Sudeste,312,2758.03,8.84
4306700,Dona Francisca,RS,Sul,96,1039.46,10.83
2505709,Dona Inês,PB,Nordeste,54,600.15,11.11
3123007,Dores de Campos,MG,Sudeste,139,1121.39,8.07
3123106,Dores de Guanhães,MG,Sudeste,381,4683.18,12.29
3123205,Dores do Indaiá,MG,Sudeste,406,3715.01,9.15
3202009,Dores do Rio Preto,ES,Sudeste,268,2334.7,8.71
3123304,Dores do Turvo,MG,Sudeste,123,1225.63,9.96
3123403,Doresópolis,MG,Sudeste,38,375.48,9.88
2605152,Dormentes,PE,Nordeste,855,6842.01,8.0
4107256,Douradina,PR,Sul,650,7843.01,12.07
5003504,Douradina,MS,Centro Oeste,409,2906.49,7.11
3514304,Dourado,SP,Sudeste,379,4825.75,12.73
3123502,Douradoquara,MG,Sudeste,97,781.91,8.06
5003702,Dourados,MS,Centro Oeste,20839,184400.81,8.85
4107306,Doutor Camargo,PR,Sul,416,3454.72,8.3
4306734,Doutor Maurício Cardoso,RS,Sul,457,3260.32,7.13
4205159,Doutor Pedrinho,SC,Sul,120,1204.63,10.04
4306759,Doutor Ricardo,RS,Sul,116,1629.26,14.05
2403202,Doutor Severiano,RN,Nordeste,209,1630.0,7.8
4128633,Doutor Ulysses,PR,Sul,9,76.32,8.48
5207253,Doverlândia,GO,Centro Oeste,195,2778.97,14.25
3514403,Dracena,SP,Sudeste,5320,42183.35,7.93
3514502,Duartina,SP,Sudeste,390,7315.57,18.76
3301603,Duas Barras,RJ,Sudeste,188,2153.01,11.45
2505808,Duas Estradas,PB,Nordeste,21,194.45,9.26
1707306,Dueré,TO,Norte,124,2001.37,16.14
3514601,Dumont,SP,Sudeste,320,3342.87,10.45
2103901,Duque Bacelar,MA,Nordeste,127,1529.43,12.04
3301702,Duque de Caxias,RJ,Sudeste,5113,54277.07,10.62
3123528,Durandé,MG,Sudeste,214,4812.81,22.49
3514700,Echaporã,SP,Sudeste,178,1230.36,6.91
3202108,Ecoporanga,ES,Sudeste,641,8950.42,13.96
5207352,Edealina,GO,Centro Oeste,279,4247.43,15.22
5207402,Edéia,GO,Centro Oeste,538,5372.98,9.99
1301407,Eirunepé,AM,Norte,65,1070.02,16.46
5003751,Eldorado,MS,Centro Oeste,959,8673.19,9.04
3514809,Eldorado,SP,Sudeste,47,456.75,9.72
1502954,Eldorado do Carajás,PA,Norte,391,4156.45,10.63
4306767,Eldorado do Sul,RS,Sul,1097,12408.62,11.31
2203503,Elesbão Veloso,PI,Nordeste,200,2463.34,12.32
3514908,Elias Fausto,SP,Sudeste,365,9518.3,26.08
2203602,Eliseu Martins,PI,Nordeste,73,1301.87,17.83
3514924,Elisiário,SP,Sudeste,157,1199.39,7.64
2910305,Elísio Medrado,BA,Nordeste,203,2927.0,14.42
3123601,Elói Mendes,MG,Sudeste,488,12723.15,26.07
2505907,Emas,PB,Nordeste,50,365.0,7.3
3514957,Embaúba,SP,Sudeste,84,727.29,8.66
3515004,Embu das Artes,SP,Sudeste,548,4790.81,8.74
3515103,Embu-Guaçu,SP,Sudeste,344,8565.87,24.9
3515129,Emilianópolis,SP,Sudeste,176,1223.3,6.95
4306809,Encantado,RS,Sul,1598,15011.56,9.39
2403301,Encanto,RN,Nordeste,376,2920.69,7.77
2910404,Encruzilhada,BA,Nordeste,231,2926.8,12.67
4306908,Encruzilhada do Sul,RS,Sul,323,4802.53,14.87
4107405,Enéas Marques,PR,Sul,424,7948.12,18.75
4107504,Engenheiro Beltrão,PR,Sul,715,6455.91,9.03
3123700,Engenheiro Caldas,MG,Sudeste,336,3147.39,9.37
3515152,Engenheiro Coelho,SP,Sudeste,532,5479.41,10.3
3123809,Engenheiro Navarro,MG,Sudeste,107,1419.8,13.27
3301801,Engenheiro Paulo de Frontin,RJ,Sudeste,82,3871.96,47.22
4306924,Engenho Velho,RS,Sul,65,855.72,13.16
3123858,Entre Folhas,MG,Sudeste,223,1882.71,8.44
2910503,Entre Rios,BA,Nordeste,902,7228.22,8.01
4205175,Entre Rios,SC,Sul,45,960.07,21.33
3123908,Entre Rios de Minas,MG,Sudeste,254,3317.13,13.06
4107538,Entre Rios do Oeste,PR,Sul,696,9925.3,14.26
4306957,Entre Rios do Sul,RS,Sul,153,1513.53,9.89
4306932,Entre-Ijuís,RS,Sul,825,6271.84,7.6
1301506,Envira,AM,Norte,10,251.0,25.1
1200252,Epitaciolândia,AC,Norte,290,3557.95,12.27
2403400,Equador,RN,Nordeste,116,892.14,7.69
4306973,Erebango,RS,Sul,147,1090.51,7.42
4307005,Erechim,RS,Sul,5427,50161.4,9.24
2304277,Ereré,CE,Nordeste,193,1290.1,6.68
2900504,Érico Cardoso,BA,Nordeste,289,1866.4,6.46
4205191,Ermo,SC,Sul,39,3009.52,77.17
4307054,Ernestina,RS,Sul,214,2214.01,10.35
4307203,Erval Grande,RS,Sul,212,2874.31,13.56
4307302,Erval Seco,RS,Sul,434,10001.72,23.05
4205209,Erval Velho,SC,Sul,155,5296.6,34.17
3124005,Ervália,MG,Sudeste,779,17209.82,22.09
2605202,Escada,PE,Nordeste,534,5015.42,9.39
4307401,Esmeralda,RS,Sul,109,975.7,8.95
3124104,Esmeraldas,MG,Sudeste,1223,26740.05,21.86
3124203,Espera Feliz,MG,Sudeste,700,4980.93,7.12
2506004,Esperança,PB,Nordeste,252,3404.66,13.51
4307450,Esperança do Sul,RS,Sul,233,1957.02,8.4
4107520,Esperança Nova,PR,Sul,137,1656.08,12.09
2203701,Esperantina,PI,Nordeste,787,6800.77,8.64
1707405,Esperantina,TO,Norte,112,926.18,8.27
2104008,Esperantinópolis,MA,Nordeste,373,3387.87,9.08
4107546,Espigão Alto do Iguaçu,PR,Sul,142,2383.46,16.78
1100098,Espigão D'Oeste,RO,Norte,1110,11370.42,10.24
3124302,Espinosa,MG,Sudeste,400,9540.2,23.85
2403509,Espírito Santo,RN,Nordeste,151,991.63,6.57
3124401,Espírito Santo do Dourado,MG,Sudeste,149,1793.51,12.04
3515186,Espírito Santo do Pinhal,SP,Sudeste,864,7878.57,9.12
3515194,Espírito Santo do Turvo,SP,Sudeste,109,555.22,5.09
2910602,Esplanada,BA,Nordeste,368,3615.02,9.82
4307500,Espumoso,RS,Sul,788,5619.92,7.13
4307559,Estação,RS,Sul,364,2970.03,8.16
2802106,Estância,SE,Nordeste,668,6344.61,9.5
4307609,Estância Velha,RS,Sul,3331,23341.77,7.01
4307708,Esteio,RS,Sul,2023,14697.22,7.27
3124500,Estiva,MG,Sudeste,252,3154.78,12.52
3557303,Estiva Gerbi,SP,Sudeste,415,4279.75,10.31
2104057,Estreito,MA,Nordeste,1305,13516.71,10.36
4307807,Estrela,RS,Sul,2786,23792.17,8.54
3124609,Estrela Dalva,MG,Sudeste,36,288.09,8.0
2702553,Estrela de Alagoas,AL,Nordeste,115,1097.17,9.54
3124708,Estrela do Indaiá,MG,Sudeste,55,578.2,10.51
5207501,Estrela do Norte,GO,Centro Oeste,140,4574.52,32.68
3515301,Estrela do Norte,SP,Sudeste,160,1225.36,7.66
3124807,Estrela do Sul,MG,Sudeste,238,2638.22,11.08
3515202,Estrela d'Oeste,SP,Sudeste,841,6886.34,8.19
4307815,Estrela Velha,RS,Sul,229,1669.47,7.29
2910701,Euclides da Cunha,BA,Nordeste,1283,10340.65,8.06
3515350,Euclides da Cunha Paulista,SP,Sudeste,456,9145.05,20.05
4307831,Eugênio de Castro,RS,Sul,206,2008.12,9.75
3124906,Eugenópolis,MG,Sudeste,619,4708.8,7.61
2910727,Eunápolis,BA,Nordeste,3488,29408.05,8.43
2304285,Eusébio,CE,Nordeste,5828,57726.17,9.9
3125002,Ewbank da Câmara,MG,Sudeste,23,463.08,20.13
3125101,Extrema,MG,Sudeste,679,5869.16,8.64
2403608,Extremoz,RN,Nordeste,2857,20284.32,7.1
2605301,Exu,PE,Nordeste,458,3552.64,7.76
2506103,Fagundes,PB,Nordeste,26,613.37,23.59
4307864,Fagundes Varela,RS,Sul,266,4635.24,17.43
5207535,Faina,GO,Centro Oeste,122,1747.5,14.32
3125200,Fama,MG,Sudeste,126,1087.7,8.63
3125309,Faria Lemos,MG,Sudeste,92,1632.46,17.74
2304301,Farias Brito,CE,Nordeste,224,1953.27,8.72
1503002,Faro,PA,Norte,36,291.1,8.09
4107553,Farol,PR,Sul,132,1680.66,12.73
4307906,Farroupilha,RS,Sul,3435,34418.98,10.02
3515400,Fartura,SP,Sudeste,613,6695.05,10.92
2203750,Fartura do Piauí,PI,Nordeste,36,297.95,8.28
1707553,Fátima,TO,Norte,106,1240.45,11.7
2910750,Fátima,BA,Nordeste,222,1716.47,7.73
5003801,Fátima do Sul,MS,Centro Oeste,1816,14495.43,7.98
4107603,Faxinal,PR,Sul,304,6499.19,21.38
4308003,Faxinal do Soturno,RS,Sul,262,2351.71,8.98
4205308,Faxinal dos Guedes,SC,Sul,261,7281.6,27.9
4308052,Faxinalzinho,RS,Sul,121,1681.79,13.9
5207600,Fazenda Nova,GO,Centro Oeste,300,2450.61,8.17
4107652,Fazenda Rio Grande,PR,Sul,907,10223.58,11.27
4308078,Fazenda Vilanova,RS,Sul,262,2772.74,10.58
1200302,Feijó,AC,Norte,371,4128.58,11.13
2910776,Feira da Mata,BA,Nordeste,227,1922.23,8.47
2910800,Feira de Santana,BA,Nordeste,18098,147079.39,8.13
2702603,Feira Grande,AL,Nordeste,285,2500.06,8.77
2605400,Feira Nova,PE,Nordeste,270,4830.15,17.89
2802205,Feira Nova,SE,Nordeste,38,358.45,9.43
2104073,Feira Nova do Maranhão,MA,Nordeste,52,703.5,13.53
3125408,Felício dos Santos,MG,Sudeste,51,963.82,18.9
2403707,Felipe Guerra,RN,Nordeste,378,2638.57,6.98
3125606,Felisburgo,MG,Sudeste,51,382.61,7.5
3125705,Felixlândia,MG,Sudeste,369,5392.06,14.61
4308102,Feliz,RS,Sul,408,3836.38,9.4
2702702,Feliz Deserto,AL,Nordeste,47,1291.99,27.49
5103700,Feliz Natal,MT,Centro Oeste,482,16209.25,33.63
4107702,Fênix,PR,Sul,197,2343.89,11.9
4107736,Fernandes Pinheiro,PR,Sul,98,1801.73,18.39
3125804,Fernandes Tourinho,MG,Sudeste,85,673.53,7.92
2605459,Fernando de Noronha,PE,Nordeste,56,2104.07,37.57
2104081,Fernando Falcão,MA,Nordeste,22,256.22,11.65
2403756,Fernando Pedroza,RN,Nordeste,64,503.19,7.86
3515608,Fernando Prestes,SP,Sudeste,309,3687.2,11.93
3515509,Fernandópolis,SP,Sudeste,5382,42865.28,7.96
3515657,Fernão,SP,Sudeste,64,528.96,8.26
3515707,Ferraz de Vasconcelos,SP,Sudeste,665,7714.58,11.6
1600238,Ferreira Gomes,AP,Norte,85,837.45,9.85
2605509,Ferreiros,PE,Nordeste,133,1185.11,8.91
3125903,Ferros,MG,Sudeste,89,2324.68,26.12
3125952,Fervedouro,MG,Sudeste,160,968.54,6.05
4107751,Figueira,PR,Sul,94,5136.19,54.64
5003900,Figueirão,MS,Centro Oeste,220,2239.01,10.18
1707652,Figueirópolis,TO,Norte,203,6005.12,29.58
5103809,Figueirópolis D'Oeste,MT,Centro Oeste,339,3257.99,9.61
1707702,Filadélfia,TO,Norte,137,1610.81,11.76
2910859,Filadélfia,BA,Nordeste,259,2250.93,8.69
2910909,Firmino Alves,BA,Nordeste,61,630.54,10.34
5207808,Firminópolis,GO,Centro Oeste,648,5449.63,8.41
2702801,Flexeiras,AL,Nordeste,111,1446.24,13.03
4107850,Flor da Serra do Sul,PR,Sul,192,2681.86,13.97
4205357,Flor do Sertão,SC,Sul,58,1456.92,25.12
3515806,Flora Rica,SP,Sudeste,85,442.53,5.21
4107801,Floraí,PR,Sul,313,3970.33,12.68
2403806,Florânia,RN,Nordeste,293,2336.18,7.97
3515905,Floreal,SP,Sudeste,244,1800.26,7.38
2605608,Flores,PE,Nordeste,718,5939.31,8.27
4308201,Flores da Cunha,RS,Sul,1631,20930.77,12.83
5207907,Flores de Goiás,GO,Centro Oeste,159,1766.28,11.11
2203800,Flores do Piauí,PI,Nordeste,74,448.33,6.06
2605707,Floresta,PE,Nordeste,911,8767.86,9.62
4107900,Floresta,PR,Sul,629,4624.29,7.35
2911006,Floresta Azul,BA,Nordeste,115,857.93,7.46
1503044,Floresta do Araguaia,PA,Norte,323,3531.88,10.93
2203859,Floresta do Piauí,PI,Nordeste,119,702.19,5.9
3126000,Florestal,MG,Sudeste,264,2922.46,11.07
4108007,Florestópolis,PR,Sul,302,9764.38,32.33
2203909,Floriano,PI,Nordeste,2943,31493.81,10.7
4308250,Floriano Peixoto,RS,Sul,36,247.5,6.88
4205407,Florianópolis,SC,Sul,8201,83561.79,10.19
4108106,Flórida,PR,Sul,178,1799.93,10.11
3516002,Flórida Paulista,SP,Sudeste,669,5445.97,8.14
3516101,Florínea,SP,Sudeste,229,1628.74,7.11
1301605,Fonte Boa,AM,Norte,4,201.2,50.3
4308300,Fontoura Xavier,RS,Sul,282,2159.06,7.66
3126109,Formiga,MG,Sudeste,1799,35226.99,19.58
4308409,Formigueiro,RS,Sul,358,3798.72,10.61
5208004,Formosa,GO,Centro Oeste,1947,23900.83,12.28
2104099,Formosa da Serra Negra,MA,Nordeste,196,2252.94,11.49
4108205,Formosa do Oeste,PR,Sul,725,10373.87,14.31
2911105,Formosa do Rio Preto,BA,Nordeste,539,7519.46,13.95
4205431,Formosa do Sul,SC,Sul,199,2874.9,14.45
5208103,Formoso,GO,Centro Oeste,212,6951.31,32.79
3126208,Formoso,MG,Sudeste,60,1204.49,20.07
1708205,Formoso do Araguaia,TO,Norte,731,9811.14,13.42
4308433,Forquetinha,RS,Sul,185,1644.11,8.89
2304350,Forquilha,CE,Nordeste,299,3032.72,10.14
4205456,Forquilhinha,SC,Sul,333,4346.55,13.05
2304400,Fortaleza,CE,Nordeste,33845,331562.8,9.8
3126307,Fortaleza de Minas,MG,Sudeste,88,707.15,8.04
2104107,Fortaleza dos Nogueiras,MA,Nordeste,234,2760.29,11.8
4308458,Fortaleza dos Valos,RS,Sul,325,2802.74,8.62
2304459,Fortim,CE,Nordeste,397,5403.92,13.61
2104206,Fortuna,MA,Nordeste,247,2080.03,8.42
3126406,Fortuna de Minas,MG,Sudeste,104,1505.34,14.47
4108304,Foz do Iguaçu,PR,Sul,22958,188815.11,8.22
4108452,Foz do Jordão,PR,Sul,73,771.58,10.57
4205506,Fraiburgo,SC,Sul,417,7310.33,17.53
3516200,Franca,SP,Sudeste,8033,90678.54,11.29
2204006,Francinópolis,PI,Nordeste,77,488.27,6.34
4108320,Francisco Alves,PR,Sul,504,7407.98,14.7
2204105,Francisco Ayres,PI,Nordeste,84,521.96,6.21
3126505,Francisco Badaró,MG,Sudeste,80,667.79,8.35
4108403,Francisco Beltrão,PR,Sul,4426,53716.78,12.14
2403905,Francisco Dantas,RN,Nordeste,147,981.3,6.68
3126604,Francisco Dumont,MG,Sudeste,35,499.32,14.27
2204154,Francisco Macedo,PI,Nordeste,51,375.08,7.35
3516309,Francisco Morato,SP,Sudeste,368,3010.75,8.18
3126703,Francisco Sá,MG,Sudeste,523,49680.9,94.99
2204204,Francisco Santos,PI,Nordeste,324,1860.09,5.74
3126752,Franciscópolis,MG,Sudeste,52,543.43,10.45
3516408,Franco da Rocha,SP,Sudeste,636,5246.23,8.25
2304509,Frecheirinha,CE,Nordeste,272,3169.77,11.65
4308508,Frederico Westphalen,RS,Sul,2235,23188.05,10.37
3126802,Frei Gaspar,MG,Sudeste,95,699.85,7.37
3126901,Frei Inocêncio,MG,Sudeste,272,10076.22,37.04
3126950,Frei Lagonegro,MG,Sudeste,41,771.85,18.83
2506202,Frei Martinho,PB,Nordeste,33,253.87,7.69
2605806,Frei Miguelinho,PE,Nordeste,453,3474.42,7.67
2802304,Frei Paulo,SE,Nordeste,149,1744.48,11.71
4205555,Frei Rogério,SC,Sul,96,884.88,9.22
3127008,Fronteira,MG,Sudeste,975,5745.95,5.89
3127057,Fronteira dos Vales,MG,Sudeste,24,155.51,6.48
2204303,Fronteiras,PI,Nordeste,286,1623.22,5.68
3127073,Fruta de Leite,MG,Sudeste,30,148.58,4.95
3127107,Frutal,MG,Sudeste,4037,37959.2,9.4
2404002,Frutuoso Gomes,RN,Nordeste,218,1691.0,7.76
3202207,Fundão,ES,Sudeste,876,9836.87,11.23
3127206,Funilândia,MG,Sudeste,220,4875.04,22.16
3516507,Gabriel Monteiro,SP,Sudeste,206,1801.05,8.74
2506251,Gado Bravo,PB,Nordeste,16,160.89,10.06
3516606,Gália,SP,Sudeste,313,2420.7,7.73
3127305,Galiléia,MG,Sudeste,335,2782.0,8.3
2404101,Galinhos,RN,Nordeste,59,500.58,8.48
4205605,Galvão,SC,Sul,141,2724.76,19.32
2605905,Gameleira,PE,Nordeste,63,606.76,9.63
5208152,Gameleira de Goiás,GO,Centro Oeste,127,2596.52,20.45
3127339,Gameleiras,MG,Sudeste,89,695.76,7.82
2911204,Gandu,BA,Nordeste,914,6604.43,7.23
2606002,Garanhuns,PE,Nordeste,2611,22389.92,8.58
2802403,Gararu,SE,Nordeste,96,1224.75,12.76
3516705,Garça,SP,Sudeste,1086,13058.51,12.02
4308607,Garibaldi,RS,Sul,1727,19777.48,11.45
4205704,Garopaba,SC,Sul,751,6608.29,8.8
1503077,Garrafão do Norte,PA,Norte,144,1357.4,9.43
4308656,Garruchos,RS,Sul,152,1269.47,8.35
4205803,Garuva,SC,Sul,379,3825.4,10.09
4205902,Gaspar,SC,Sul,3544,34251.99,9.66
3516804,Gastão Vidigal,SP,Sudeste,242,2734.43,11.3
5103858,Gaúcha do Norte,MT,Centro Oeste,286,4776.7,16.7
4308706,Gaurama,RS,Sul,404,4680.55,11.59
2911253,Gavião,BA,Nordeste,37,324.41,8.77
3516853,Gavião Peixoto,SP,Sudeste,156,2167.49,13.89
2204352,Geminiano,PI,Nordeste,178,1677.44,9.42
4308805,General Câmara,RS,Sul,386,2049.63,5.31
5103908,General Carneiro,MT,Centro Oeste,130,1403.67,10.8
4108502,General Carneiro,PR,Sul,68,1094.32,16.09
2802502,General Maynard,SE,Nordeste,14,98.74,7.05
3516903,General Salgado,SP,Sudeste,859,6252.51,7.28
2304608,General Sampaio,CE,Nordeste,38,314.16,8.27
4308854,Gentil,RS,Sul,92,1332.57,14.48
2911303,Gentio do Ouro,BA,Nordeste,118,888.47,7.53
3517000,Getulina,SP,Sudeste,253,7930.3,31.35
4308904,Getúlio Vargas,RS,Sul,1035,9022.62,8.72
2204402,Gilbués,PI,Nordeste,132,1226.36,9.29
2702900,Girau do Ponciano,AL,Nordeste,308,13784.34,44.75
4309001,Giruá,RS,Sul,938,7319.86,7.8
3127354,Glaucilândia,MG,Sudeste,63,1713.92,27.21
3517109,Glicério,SP,Sudeste,478,5219.81,10.92
2911402,Glória,BA,Nordeste,471,4422.11,9.39
5004007,Glória de Dourados,MS,Centro Oeste,1080,15876.0,14.7
2606101,Glória do Goitá,PE,Nordeste,421,7352.43,17.46
5103957,Glória D'Oeste,MT,Centro Oeste,353,3536.87,10.02
4309050,Glorinha,RS,Sul,318,3418.27,10.75
2104305,Godofredo Viana,MA,Nordeste,91,1115.38,12.26
4108551,Godoy Moreira,PR,Sul,96,1327.44,13.83
3127370,Goiabeira,MG,Sudeste,165,1126.22,6.83
2606200,Goiana,PE,Nordeste,1913,20770.37,10.86
3127388,Goianá,MG,Sudeste,92,859.15,9.34
5208400,Goianápolis,GO,Centro Oeste,288,3370.63,11.7
5208509,Goiandira,GO,Centro Oeste,234,1766.08,7.55
5208608,Goianésia,GO,Centro Oeste,2802,41685.63,14.88
1503093,Goianésia do Pará,PA,Norte,408,4064.28,9.96
5208707,Goiânia,GO,Centro Oeste,33464,368184.95,11.0
2404200,Goianinha,RN,Nordeste,748,6764.09,9.04
5208806,Goianira,GO,Centro Oeste,1411,16566.38,11.74
1708304,Goianorte,TO,Norte,180,1594.75,8.86
5208905,Goiás,GO,Centro Oeste,713,11701.14,16.41
1709005,Goiatins,TO,Norte,148,3427.78,23.16
5209101,Goiatuba,GO,Centro Oeste,1587,15504.56,9.77
4108601,Goioerê,PR,Sul,1796,18166.1,10.11
4108650,Goioxim,PR,Sul,129,1286.06,9.97
3127404,Gonçalves,MG,Sudeste,154,1007.7,6.54
2104404,Gonçalves Dias,MA,Nordeste,259,2865.36,11.06
2911501,Gongogi,BA,Nordeste,36,556.38,15.46
3127503,Gonzaga,MG,Sudeste,71,748.59,10.54
3127602,Gouveia,MG,Sudeste,83,963.12,11.6
5209150,Gouvelândia,GO,Centro Oeste,239,1989.0,8.32
2104503,Governador Archer,MA,Nordeste,109,987.73,9.06
4206009,Governador Celso Ramos,SC,Sul,387,3247.91,8.39
2404309,Governador Dix-Sept Rosado,RN,Nordeste,671,6687.92,9.97
2104552,Governador Edison Lobão,MA,Nordeste,803,11307.7,14.08
2104602,Governador Eugênio Barros,MA,Nordeste,157,4327.32,27.56
1101005,Governador Jorge Teixeira,RO,Norte,330,2768.38,8.39
3202256,Governador Lindenberg,ES,Sudeste,796,11616.83,14.59
2104628,Governador Luiz Rocha,MA,Nordeste,147,1126.22,7.66
2911600,Governador Mangabeira,BA,Nordeste,286,3174.65,11.1
2104651,Governador Newton Bello,MA,Nordeste,32,256.23,8.01
2104677,Governador Nunes Freire,MA,Nordeste,237,3965.81,16.73
3127701,Governador Valadares,MG,Sudeste,12021,91932.15,7.65
2304657,Graça,CE,Nordeste,342,2217.24,6.48
2104701,Graça Aranha,MA,Nordeste,66,504.58,7.65
2802601,Graccho Cardoso,SE,Nordeste,37,490.74,13.26
2104800,Grajaú,MA,Nordeste,1467,22320.34,15.21
4309100,Gramado,RS,Sul,1426,15218.12,10.67
4309126,Gramado dos Loureiros,RS,Sul,47,842.94,17.93
4309159,Gramado Xavier,RS,Sul,171,1298.01,7.59
4108700,Grandes Rios,PR,Sul,146,1233.52,8.45
2606309,Granito,PE,Nordeste,184,1312.24,7.13
2304707,Granja,CE,Nordeste,513,7565.24,14.75
2304806,Granjeiro,CE,Nordeste,77,650.16,8.44
3127800,Grão Mogol,MG,Sudeste,150,6671.03,44.47
4206108,Grão-Pará,SC,Sul,286,5604.56,19.6
2606408,Gravatá,PE,Nordeste,3520,45407.48,12.9
4309209,Gravataí,RS,Sul,7291,50283.07,6.9
4206207,Gravatal,SC,Sul,538,5212.89,9.69
2304905,Groaíras,CE,Nordeste,382,3360.41,8.8
2404408,Grossos,RN,Nordeste,480,3646.98,7.6
3127909,Grupiara,MG,Sudeste,56,307.51,5.49
4309258,Guabiju,RS,Sul,100,1367.89,13.68
4206306,Guabiruba,SC,Sul,1175,10372.14,8.83
3202306,Guaçuí,ES,Sudeste,541,5515.33,10.19
2204501,Guadalupe,PI,Nordeste,384,3110.83,8.1
4309308,Guaíba,RS,Sul,2663,21225.28,7.97
3517208,Guaiçara,SP,Sudeste,405,4513.33,11.14
3517307,Guaimbê,SP,Sudeste,93,701.88,7.55
3517406,Guaíra,SP,Sudeste,2438,18955.23,7.77
4108809,Guaíra,PR,Sul,2583,28786.74,11.14
4108908,Guairaçá,PR,Sul,315,3942.42,12.52
2304954,Guaiúba,CE,Nordeste,131,2037.23,15.55
1301654,Guajará,AM,Norte,19,241.16,12.69
1100106,Guajará-Mirim,RO,Norte,582,8690.02,14.93
2911659,Guajeru,BA,Nordeste,275,1502.5,5.46
2404507,Guamaré,RN,Nordeste,499,3879.69,7.77
4108957,Guamiranga,PR,Sul,268,3358.98,12.53
2911709,Guanambi,BA,Nordeste,8355,69680.24,8.34
3128006,Guanhães,MG,Sudeste,143,3524.05,24.64
3128105,Guapé,MG,Sudeste,497,5640.12,11.35
3517505,Guapiaçu,SP,Sudeste,899,7939.45,8.83
3517604,Guapiara,SP,Sudeste,79,812.91,10.29
3301850,Guapimirim,RJ,Sudeste,963,9280.25,9.64
4109005,Guapirama,PR,Sul,123,5522.07,44.89
5209200,Guapó,GO,Centro Oeste,460,9822.45,21.35
4309407,Guaporé,RS,Sul,1500,18599.39,12.4
4109104,Guaporema,PR,Sul,155,2581.73,16.66
3517703,Guará,SP,Sudeste,807,12552.81,15.55
2506301,Guarabira,PB,Nordeste,893,14242.41,15.95
3517802,Guaraçaí,SP,Sudeste,577,4572.97,7.93
3517901,Guaraci,SP,Sudeste,770,4563.92,5.93
4109203,Guaraci,PR,Sul,197,6828.4,34.66
4206405,Guaraciaba,SC,Sul,669,13235.13,19.78
3128204,Guaraciaba,MG,Sudeste,100,1118.72,11.19
2305001,Guaraciaba do Norte,CE,Nordeste,655,8190.05,12.5
3128253,Guaraciama,MG,Sudeste,87,2413.82,27.75
1709302,Guaraí,TO,Norte,843,9493.18,11.26
5209291,Guaraíta,GO,Centro Oeste,32,386.6,12.08
2305100,Guaramiranga,CE,Nordeste,134,1518.82,11.33
4206504,Guaramirim,SC,Sul,2210,18754.81,8.49
3128303,Guaranésia,MG,Sudeste,484,4384.58,9.06
3128402,Guarani,MG,Sudeste,189,1681.86,8.9
4309506,Guarani das Missões,RS,Sul,755,5537.72,7.33
5209408,Guarani de Goiás,GO,Centro Oeste,53,427.96,8.07
3518008,Guarani d'Oeste,SP,Sudeste,164,1704.57,10.39
4109302,Guaraniaçu,PR,Sul,356,7056.21,19.82
3518107,Guarantã,SP,Sudeste,297,7579.63,25.52
5104104,Guarantã do Norte,MT,Centro Oeste,2035,25738.88,12.65
3202405,Guarapari,ES,Sudeste,3445,36258.45,10.52
4109401,Guarapuava,PR,Sul,2522,34174.05,13.55
4109500,Guaraqueçaba,PR,Sul,20,290.13,14.51
3128501,Guarará,MG,Sudeste,55,1038.71,18.89
3518206,Guararapes,SP,Sudeste,2463,21694.78,8.81
3518305,Guararema,SP,Sudeste,1181,12069.81,10.22
2911808,Guaratinga,BA,Nordeste,314,2484.48,7.91
3518404,Guaratinguetá,SP,Sudeste,2563,41625.21,16.24
4109609,Guaratuba,PR,Sul,733,7556.43,10.31
3128600,Guarda-Mor,MG,Sudeste,296,15803.15,53.39
3518503,Guareí,SP,Sudeste,188,2178.22,11.59
3518602,Guariba,SP,Sudeste,1318,12050.55,9.14
2204550,Guaribas,PI,Nordeste,9,49.64,5.52
5209457,Guarinos,GO,Centro Oeste,51,436.11,8.55
3518701,Guarujá,SP,Sudeste,1618,15215.22,9.4
4206603,Guarujá do Sul,SC,Sul,188,2731.75,14.53
3518800,Guarulhos,SP,Sudeste,5706,77392.73,13.56
4206652,Guatambú,SC,Sul,293,9437.04,32.21
3518859,Guatapará,SP,Sudeste,373,3823.68,10.25
3128709,Guaxupé,MG,Sudeste,1187,31089.06,26.19
5004106,Guia Lopes da Laguna,MS,Centro Oeste,638,7018.83,11.0
3128808,Guidoval,MG,Sudeste,299,9669.26,32.34
2104909,Guimarães,MA,Nordeste,53,473.89,8.94
3128907,Guimarânia,MG,Sudeste,309,3116.0,10.08
5104203,Guiratinga,MT,Centro Oeste,391,7724.31,19.76
3129004,Guiricema,MG,Sudeste,340,3312.44,9.74
3129103,Gurinhatã,MG,Sudeste,266,2162.19,8.13
2506400,Gurinhém,PB,Nordeste,140,2231.99,15.94
2506509,Gurjão,PB,Nordeste,19,261.88,13.78
1503101,Gurupá,PA,Norte,162,1528.26,9.43
1709500,Gurupi,TO,Norte,6442,61685.56,9.58
3518909,Guzolândia,SP,Sudeste,265,1635.28,6.17
4309555,Harmonia,RS,Sul,492,5251.56,10.67
5209606,Heitoraí,GO,Centro Oeste,110,1893.7,17.22
3129202,Heliodora,MG,Sudeste,131,1457.78,11.13
2911857,Heliópolis,BA,Nordeste,230,1608.16,6.99
3519006,Herculândia,SP,Sudeste,302,2747.38,9.1
4307104,Herval,RS,Sul,72,628.61,8.73
4206702,Herval d'Oeste,SC,Sul,326,6365.12,19.52
4309571,Herveiras,RS,Sul,121,924.88,7.64
5209705,Hidrolândia,GO,Centro Oeste,997,14046.04,14.09
2305209,Hidrolândia,CE,Nordeste,380,2880.78,7.58
5209804,Hidrolina,GO,Centro Oeste,91,1136.96,12.49
3519055,Holambra,SP,Sudeste,715,13584.74,19.0
4109658,Honório Serpa,PR,Sul,147,2685.46,18.27
2305233,Horizonte,CE,Nordeste,1243,20772.56,16.71
4309605,Horizontina,RS,Sul,1679,10989.49,6.55
3519071,Hortolândia,SP,Sudeste,3906,29306.87,7.5
2204600,Hugo Napoleão,PI,Nordeste,56,492.54,8.8
4309654,Hulha Negra,RS,Sul,100,1082.73,10.83
4309704,Humaitá,RS,Sul,481,3988.32,8.29
1301704,Humaitá,AM,Norte,243,4043.01,16.64
2105005,Humberto de Campos,MA,Nordeste,150,8635.94,57.57
3519105,Iacanga,SP,Sudeste,584,8556.3,14.65
5209903,Iaciara,GO,Centro Oeste,91,19193.19,210.91
3519204,Iacri,SP,Sudeste,253,1750.43,6.92
2911907,Iaçu,BA,Nordeste,540,6649.05,12.31
3129301,Iapu,MG,Sudeste,454,3889.01,8.57
3519253,Iaras,SP,Sudeste,212,650.64,3.07
2606507,Iati,PE,Nordeste,193,1632.14,8.46
4109708,Ibaiti,PR,Sul,375,6547.28,17.46
4309753,Ibarama,RS,Sul,300,2384.63,7.95
2305266,Ibaretama,CE,Nordeste,125,2343.81,18.75
3519303,Ibaté,SP,Sudeste,778,9364.66,12.04
2703007,Ibateguara,AL,Nordeste,106,687.33,6.48
3202454,Ibatiba,ES,Sudeste,553,6281.44,11.36
4109757,Ibema,PR,Sul,135,2135.37,15.82
3129400,Ibertioga,MG,Sudeste,41,481.09,11.73
3129509,Ibiá,MG,Sudeste,513,19385.03,37.79
4309803,Ibiaçá,RS,Sul,377,3505.96,9.3
3129608,Ibiaí,MG,Sudeste,63,772.79,12.27
4206751,Ibiam,SC,Sul,115,2969.97,25.83
2305308,Ibiapina,CE,Nordeste,385,8635.12,22.43
2506608,Ibiara,PB,Nordeste,84,850.31,10.12
2912004,Ibiassucê,BA,Nordeste,563,4240.28,7.53
2912103,Ibicaraí,BA,Nordeste,410,3013.3,7.35
4206801,Ibicaré,SC,Sul,117,2955.03,25.26
2912202,Ibicoara,BA,Nordeste,374,6484.59,17.34
2912301,Ibicuí,BA,Nordeste,192,1669.03,8.69
2305332,Ibicuitinga,CE,Nordeste,130,1337.39,10.29
2606606,Ibimirim,PE,Nordeste,637,5961.87,9.36
2912400,Ibipeba,BA,Nordeste,374,4895.29,13.09
2912509,Ibipitanga,BA,Nordeste,642,3879.67,6.04
4109807,Ibiporã,PR,Sul,1757,20118.81,11.45
2912608,Ibiquera,BA,Nordeste,14,167.6,11.97
3519402,Ibirá,SP,Sudeste,752,12411.19,16.5
3129657,Ibiracatu,MG,Sudeste,16,198.6,12.41
3129707,Ibiraci,MG,Sudeste,465,5164.28,11.11
3202504,Ibiraçu,ES,Sudeste,418,9293.61,22.23
4309902,Ibiraiaras,RS,Sul,394,5121.07,13.0
2606705,Ibirajuba,PE,Nordeste,51,426.85,8.37
4206900,Ibirama,SC,Sul,835,6082.88,7.28
2912707,Ibirapitanga,BA,Nordeste,133,1136.95,8.55
2912806,Ibirapuã,BA,Nordeste,302,10004.53,33.13
4309951,Ibirapuitã,RS,Sul,178,1330.16,7.47
3519501,Ibirarema,SP,Sudeste,199,1566.36,7.87
2912905,Ibirataia,BA,Nordeste,251,2119.8,8.45
3129806,Ibirité,MG,Sudeste,880,9966.25,11.33
4310009,Ibirubá,RS,Sul,1126,9018.08,8.01
2913002,Ibitiara,BA,Nordeste,358,2300.62,6.43
3519600,Ibitinga,SP,Sudeste,3121,25242.76,8.09
3202553,Ibitirama,ES,Sudeste,228,2226.99,9.77
2913101,Ibititá,BA,Nordeste,303,8250.24,27.23
3129905,Ibitiúra de Minas,MG,Sudeste,105,646.82,6.16
3130002,Ibituruna,MG,Sudeste,38,464.67,12.23
3519709,Ibiúna,SP,Sudeste,1885,15497.76,8.22
2913200,Ibotirama,BA,Nordeste,1064,10635.07,10.0
2305357,Icapuí,CE,Nordeste,607,5262.89,8.67
4207007,Içara,SC,Sul,1259,16385.16,13.01
3130051,Icaraí de Minas,MG,Sudeste,110,1019.05,9.26
4109906,Icaraíma,PR,Sul,602,6188.27,10.28
2105104,Icatu,MA,Nordeste,53,646.85,12.2
3519808,Icém,SP,Sudeste,484,6396.32,13.22
2913309,Ichu,BA,Nordeste,111,850.6,7.66
2305407,Icó,CE,Nordeste,1401,12414.8,8.86
3202603,Iconha,ES,Sudeste,400,4910.72,12.28
2404606,Ielmo Marinho,RN,Nordeste,124,1152.9,9.3
3519907,Iepê,SP,Sudeste,451,3228.67,7.16
2703106,Igaci,AL,Nordeste,289,3167.93,10.96
2913408,Igaporã,BA,Nordeste,693,5071.24,7.32
3520004,Igaraçu do Tietê,SP,Sudeste,397,2641.94,6.65
2502607,Igaracy,PB,Nordeste,71,549.78,7.74
3520103,Igarapava,SP,Sudeste,684,8345.7,12.2
3130101,Igarapé,MG,Sudeste,1064,17304.82,16.26
2105153,Igarapé do Meio,MA,Nordeste,124,2615.71,21.09
2105203,Igarapé Grande,MA,Nordeste,473,4217.06,8.92
1503200,Igarapé-Açu,PA,Norte,456,6262.78,13.73
1503309,Igarapé-Miri,PA,Norte,671,6743.95,10.05
2606804,Igarassu,PE,Nordeste,1636,14989.63,9.16
3520202,Igaratá,SP,Sudeste,323,2950.61,9.14
3130200,Igaratinga,MG,Sudeste,368,8543.74,23.22
2913457,Igrapiúna,BA,Nordeste,43,565.15,13.14
2703205,Igreja Nova,AL,Nordeste,217,3844.75,17.72
4310108,Igrejinha,RS,Sul,2026,14625.83,7.22
3301876,Iguaba Grande,RJ,Sudeste,1233,7499.03,6.08
2913507,Iguaí,BA,Nordeste,176,1526.73,8.67
3520301,Iguape,SP,Sudeste,169,1399.55,8.28
4110003,Iguaraçu,PR,Sul,452,14093.64,31.18
2606903,Iguaracy,PE,Nordeste,222,1356.6,6.11
3130309,Iguatama,MG,Sudeste,272,12334.11,45.35
5004304,Iguatemi,MS,Centro Oeste,1049,14889.15,14.19
4110052,Iguatu,PR,Sul,64,1701.31,26.58
2305506,Iguatu,CE,Nordeste,4787,43803.9,9.15
3130408,Ijaci,MG,Sudeste,244,1821.28,7.46
4310207,Ijuí,RS,Sul,4586,32368.78,7.06
3520426,Ilha Comprida,SP,Sudeste,185,1712.08,9.25
2802700,Ilha das Flores,SE,Nordeste,41,320.82,7.82
2607604,Ilha de Itamaracá,PE,Nordeste,900,8107.7,9.01
2204659,Ilha Grande,PI,Nordeste,87,702.7,8.08
3520442,Ilha Solteira,SP,Sudeste,2709,16636.0,6.14
3520400,Ilhabela,SP,Sudeste,785,8726.77,11.12
2913606,Ilhéus,BA,Nordeste,3719,33266.54,8.95
4207106,Ilhota,SC,Sul,1018,8347.67,8.2
3130507,Ilicínea,MG,Sudeste,307,3300.15,10.75
4310306,Ilópolis,RS,Sul,232,2623.13,11.31
2506707,Imaculada,PB,Nordeste,60,699.51,11.66
4207205,Imaruí,SC,Sul,278,4568.98,16.44
4110078,Imbaú,PR,Sul,76,1816.13,23.9
4310330,Imbé,RS,Sul,1040,7419.7,7.13
3130556,Imbé de Minas,MG,Sudeste,207,1984.05,9.58
4207304,Imbituba,SC,Sul,1489,12471.75,8.38
4110102,Imbituva,PR,Sul,629,8091.86,12.86
4207403,Imbuia,SC,Sul,438,3886.91,8.87
4310363,Imigrante,RS,Sul,247,2852.29,11.55
2105302,Imperatriz,MA,Nordeste,26155,247940.36,9.48
4110201,Inácio Martins,PR,Sul,73,1298.34,17.79
5209937,Inaciolândia,GO,Centro Oeste,442,3541.29,8.01
4110300,Inajá,PR,Sul,106,1118.24,10.55
2607000,Inajá,PE,Nordeste,467,6537.94,14.0
3130606,Inconfidentes,MG,Sudeste,310,3862.84,12.46
3130655,Indaiabira,MG,Sudeste,95,13337.16,140.39
4207502,Indaial,SC,Sul,3505,25319.56,7.22
3520509,Indaiatuba,SP,Sudeste,9700,63231.37,6.52
4310405,Independência,RS,Sul,402,3848.17,9.57
2305605,Independência,CE,Nordeste,468,4516.04,9.65
3520608,Indiana,SP,Sudeste,248,6988.86,28.18
4110409,Indianópolis,PR,Sul,272,3092.66,11.37
3130705,Indianópolis,MG,Sudeste,306,5865.53,19.17
3520707,Indiaporã,SP,Sudeste,260,1908.09,7.34
5209952,Indiara,GO,Centro Oeste,338,5561.19,16.45
2802809,Indiaroba,SE,Nordeste,140,1377.49,9.84
5104500,Indiavaí,MT,Centro Oeste,217,2891.74,13.33
2506806,Ingá,PB,Nordeste,124,1224.53,9.88
3130804,Ingaí,MG,Sudeste,60,751.06,12.52
2607109,Ingazeira,PE,Nordeste,46,292.13,6.35
4310413,Inhacorá,RS,Sul,88,513.93,5.84
2913705,Inhambupe,BA,Nordeste,387,4563.38,11.79
1503408,Inhangapi,PA,Norte,100,1226.48,12.26
2703304,Inhapi,AL,Nordeste,127,3970.67,31.27
3130903,Inhapim,MG,Sudeste,969,6893.41,7.11
3131000,Inhaúma,MG,Sudeste,176,6534.95,37.13
2204709,Inhuma,PI,Nordeste,326,2843.4,8.72
5210000,Inhumas,GO,Centro Oeste,1528,22189.39,14.52
3131109,Inimutaba,MG,Sudeste,203,7425.38,36.58
5004403,Inocência,MS,Centro Oeste,560,7325.67,13.08
3520806,Inúbia Paulista,SP,Sudeste,227,1823.9,8.03
4207577,Iomerê,SC,Sul,148,3116.42,21.06
3131158,Ipaba,MG,Sudeste,748,5274.32,7.05
5210109,Ipameri,GO,Centro Oeste,733,10501.52,14.33
3131208,Ipanema,MG,Sudeste,212,2145.72,10.12
2404705,Ipanguaçu,RN,Nordeste,529,4405.14,8.33
2305654,Ipaporanga,CE,Nordeste,192,1112.51,5.79
3131307,Ipatinga,MG,Sudeste,9055,67740.58,7.48
2305704,Ipaumirim,CE,Nordeste,363,2859.61,7.88
3520905,Ipaussu,SP,Sudeste,448,2189.46,4.89
4310439,Ipê,RS,Sul,395,5421.78,13.73
2913804,Ipecaetá,BA,Nordeste,93,991.07,10.66
3521002,Iperó,SP,Sudeste,447,3481.1,7.79
3521101,Ipeúna,SP,Sudeste,172,1459.94,8.49
3131406,Ipiaçu,MG,Sudeste,185,1193.87,6.45
2913903,Ipiaú,BA,Nordeste,985,8525.95,8.66
3521150,Ipiguá,SP,Sudeste,323,2799.99,8.67
4207601,Ipira,SC,Sul,261,3464.92,13.28
2914000,Ipirá,BA,Nordeste,1049,13791.02,13.15
4110508,Ipiranga,PR,Sul,573,7833.61,13.67
5210158,Ipiranga de Goiás,GO,Centro Oeste,171,1355.98,7.93
5104526,Ipiranga do Norte,MT,Centro Oeste,533,24269.74,45.53
2204808,Ipiranga do Piauí,PI,Nordeste,184,1282.24,6.97
4310462,Ipiranga do Sul,RS,Sul,138,1294.97,9.38
1301803,Ipixuna,AM,Norte,8,67.0,8.38
1503457,Ipixuna do Pará,PA,Norte,243,4964.38,20.43
2607208,Ipojuca,PE,Nordeste,1566,19412.52,12.4
5210208,Iporá,GO,Centro Oeste,1708,14560.24,8.52
4110607,Iporã,PR,Sul,982,17192.51,17.51
4207650,Iporã do Oeste,SC,Sul,796,12399.47,15.58
3521200,Iporanga,SP,Sudeste,34,114.76,3.38
2305803,Ipu,CE,Nordeste,725,7480.12,10.32
3521309,Ipuã,SP,Sudeste,828,8927.87,10.78
4207684,Ipuaçu,SC,Sul,156,2923.96,18.74
2607307,Ipubi,PE,Nordeste,388,4213.95,10.86
2404804,Ipueira,RN,Nordeste,127,790.98,6.23
2305902,Ipueiras,CE,Nordeste,479,3411.09,7.12
1709807,Ipueiras,TO,Norte,34,423.68,12.46
3131505,Ipuiúna,MG,Sudeste,104,1284.53,12.35
4207700,Ipumirim,SC,Sul,334,6911.71,20.69
2914109,Ipupiara,BA,Nordeste,307,2514.84,8.19
1400282,Iracema,RR,Norte,77,1010.17,13.12
2306009,Iracema,CE,Nordeste,369,2764.46,7.49
4110656,Iracema do Oeste,PR,Sul,158,2704.73,17.12
3521408,Iracemápolis,SP,Sudeste,698,6743.52,9.66
4207759,Iraceminha,SC,Sul,316,7316.48,23.15
4310504,Iraí,RS,Sul,405,3298.75,8.15
3131604,Iraí de Minas,MG,Sudeste,219,13783.73,62.94
2914208,Irajuba,BA,Nordeste,47,314.25,6.69
2914307,Iramaia,BA,Nordeste,110,5778.97,52.54
1301852,Iranduba,AM,Norte,300,22636.34,75.45
4207809,Irani,SC,Sul,239,4717.44,19.74
3521507,Irapuã,SP,Sudeste,434,3976.27,9.16
3521606,Irapuru,SP,Sudeste,306,2771.74,9.06
2914406,Iraquara,BA,Nordeste,424,10957.8,25.84
2914505,Irará,BA,Nordeste,441,4602.73,10.44
4110706,Irati,PR,Sul,1352,14210.26,10.51
4207858,Irati,SC,Sul,72,817.06,11.35
2306108,Irauçuba,CE,Nordeste,232,2562.23,11.04
2914604,Irecê,BA,Nordeste,2908,39940.63,13.73
4110805,Iretama,PR,Sul,380,4064.28,10.7
4207908,Irineópolis,SC,Sul,401,3622.17,9.03
1503507,Irituia,PA,Norte,167,1643.93,9.84
3202652,Irupi,ES,Sudeste,470,4477.11,9.53
2204907,Isaías Coelho,PI,Nordeste,149,862.69,5.79
5210307,Israelândia,GO,Centro Oeste,147,1233.49,8.39
4208005,Itá,SC,Sul,431,11118.05,25.8
4310538,Itaara,RS,Sul,375,3409.75,9.09
2506905,Itabaiana,PB,Nordeste,263,2865.53,10.9
2802908,Itabaiana,SE,Nordeste,1949,27788.44,14.26
2803005,Itabaianinha,SE,Nordeste,221,3265.58,14.78
2914653,Itabela,BA,Nordeste,749,8951.52,11.95
3521705,Itaberá,SP,Sudeste,317,7961.72,25.12
2914703,Itaberaba,BA,Nordeste,2831,19976.04,7.06
5210406,Itaberaí,GO,Centro Oeste,1309,25102.25,19.18
2803104,Itabi,SE,Nordeste,42,330.84,7.88
3131703,Itabira,MG,Sudeste,1752,27840.78,15.89
3131802,Itabirinha,MG,Sudeste,259,1813.33,7.0
3131901,Itabirito,MG,Sudeste,968,12078.04,12.48
3301900,Itaboraí,RJ,Sudeste,4129,32181.7,7.79
2914802,Itabuna,BA,Nordeste,3814,32332.67,8.48
1710508,Itacajá,TO,Norte,114,1466.28,12.86
3132008,Itacambira,MG,Sudeste,26,346.29,13.32
3132107,Itacarambi,MG,Sudeste,198,6303.37,31.84
2914901,Itacaré,BA,Nordeste,314,3343.67,10.65
1301902,Itacoatiara,AM,Norte,239,7773.55,32.53
2607406,Itacuruba,PE,Nordeste,126,1335.7,10.6
4310553,Itacurubi,RS,Sul,170,1180.79,6.95
2915007,Itaeté,BA,Nordeste,142,1330.4,9.37
2915106,Itagi,BA,Nordeste,91,846.46,9.3
2915205,Itagibá,BA,Nordeste,308,2875.07,9.33
2915304,Itagimirim,BA,Nordeste,118,844.56,7.16
3202702,Itaguaçu,ES,Sudeste,766,10252.64,13.38
2915353,Itaguaçu da Bahia,BA,Nordeste,260,3845.1,14.79
3302007,Itaguaí,RJ,Sudeste,1112,37566.13,33.78
4110904,Itaguajé,PR,Sul,214,2718.97,12.71
3132206,Itaguara,MG,Sudeste,383,3772.47,9.85
5210562,Itaguari,GO,Centro Oeste,146,5023.23,34.41
5210604,Itaguaru,GO,Centro Oeste,205,1738.68,8.48
1710706,Itaguatins,TO,Norte,133,960.32,7.22
3521804,Itaí,SP,Sudeste,516,17163.82,33.26
2607505,Itaíba,PE,Nordeste,355,4076.93,11.48
2306207,Itaiçaba,CE,Nordeste,116,1422.95,12.27
2205003,Itainópolis,PI,Nordeste,266,2009.96,7.56
4208104,Itaiópolis,SC,Sul,894,13779.8,15.41
2105351,Itaipava do Grajaú,MA,Nordeste,120,1003.81,8.37
3132305,Itaipé,MG,Sudeste,102,521.3,5.11
4110953,Itaipulândia,PR,Sul,2873,20774.84,7.23
2306256,Itaitinga,CE,Nordeste,1425,11610.13,8.15
1503606,Itaituba,PA,Norte,2897,33040.46,11.41
2404853,Itajá,RN,Nordeste,425,3447.51,8.11
5210802,Itajá,GO,Centro Oeste,163,1705.15,10.46
4208203,Itajaí,SC,Sul,5052,48467.11,9.59
3521903,Itajobi,SP,Sudeste,1081,11195.02,10.36
3522000,Itaju,SP,Sudeste,126,1725.71,13.7
2915403,Itaju do Colônia,BA,Nordeste,40,578.04,14.45
3132404,Itajubá,MG,Sudeste,1529,15032.58,9.83
2915502,Itajuípe,BA,Nordeste,251,1981.58,7.89
3302056,Italva,RJ,Sudeste,466,3463.06,7.43
2915601,Itamaraju,BA,Nordeste,1394,13204.14,9.47
3132503,Itamarandiba,MG,Sudeste,413,5266.22,12.75
1301951,Itamarati,AM,Norte,9,150.48,16.72
3132602,Itamarati de Minas,MG,Sudeste,166,1208.39,7.28
2915700,Itamari,BA,Nordeste,76,523.75,6.89
3132701,Itambacuri,MG,Sudeste,470,4589.32,9.76
4111001,Itambaracá,PR,Sul,299,3211.32,10.74
4111100,Itambé,PR,Sul,314,2586.56,8.24
2915809,Itambé,BA,Nordeste,259,2607.38,10.07
2607653,Itambé,PE,Nordeste,290,3378.64,11.65
3132800,Itambé do Mato Dentro,MG,Sudeste,30,306.11,10.2
3132909,Itamogi,MG,Sudeste,417,3124.29,7.49
3133006,Itamonte,MG,Sudeste,387,3279.93,8.48
2915908,Itanagra,BA,Nordeste,47,446.53,9.5
3522109,Itanhaém,SP,Sudeste,1364,9924.33,7.28
3133105,Itanhandu,MG,Sudeste,250,2907.53,11.63
5104542,Itanhangá,MT,Centro Oeste,371,5932.17,15.99
2916005,Itanhém,BA,Nordeste,570,3467.13,6.08
3133204,Itanhomi,MG,Sudeste,431,3191.59,7.41
3133303,Itaobim,MG,Sudeste,286,7846.34,27.43
3522158,Itaoca,SP,Sudeste,12,109.8,9.15
3302106,Itaocara,RJ,Sudeste,1245,9769.49,7.85
5210901,Itapaci,GO,Centro Oeste,712,12228.9,17.18
3133402,Itapagipe,MG,Sudeste,1016,7868.67,7.74
2306306,Itapajé,CE,Nordeste,372,4845.83,13.03
2916104,Itaparica,BA,Nordeste,340,2620.37,7.71
2916203,Itapé,BA,Nordeste,135,1467.46,10.87
2916302,Itapebi,BA,Nordeste,107,1097.73,10.26
3133501,Itapecerica,MG,Sudeste,538,8092.82,15.04
3522208,Itapecerica da Serra,SP,Sudeste,660,6099.83,9.24
2105401,Itapecuru Mirim,MA,Nordeste,744,9644.97,12.96
4111209,Itapejara d'Oeste,PR,Sul,612,9737.54,15.91
4208302,Itapema,SC,Sul,579,5883.55,10.16
3202801,Itapemirim,ES,Sudeste,854,8528.15,9.99
4111258,Itaperuçu,PR,Sul,86,1817.18,21.13
3302205,Itaperuna,RJ,Sudeste,4995,52304.63,10.47
2607703,Itapetim,PE,Nordeste,380,2377.8,6.26
2916401,Itapetinga,BA,Nordeste,1476,13950.49,9.45
3522307,Itapetininga,SP,Sudeste,2032,17538.95,8.63
3522406,Itapeva,SP,Sudeste,1130,19446.95,17.21
3133600,Itapeva,MG,Sudeste,105,1044.46,9.95
3522505,Itapevi,SP,Sudeste,542,4087.46,7.54
2916500,Itapicuru,BA,Nordeste,311,3099.24,9.97
2306405,Itapipoca,CE,Nordeste,1293,17242.67,13.34
3522604,Itapira,SP,Sudeste,2064,20174.76,9.77
4208401,Itapiranga,SC,Sul,1498,21079.24,14.07
1302009,Itapiranga,AM,Norte,9,185.07,20.56
5211008,Itapirapuã,GO,Centro Oeste,316,8006.73,25.34
3522653,Itapirapuã Paulista,SP,Sudeste,17,187.9,11.05
1710904,Itapiratins,TO,Norte,84,902.5,10.74
2607752,Itapissuma,PE,Nordeste,234,1995.26,8.53
2916609,Itapitanga,BA,Nordeste,85,695.71,8.18
2306504,Itapiúna,CE,Nordeste,104,1031.47,9.92
4208450,Itapoá,SC,Sul,750,5173.12,6.9
3522703,Itápolis,SP,Sudeste,1981,19987.56,10.09
5004502,Itaporã,MS,Centro Oeste,1776,19873.35,11.19
1711100,Itaporã do Tocantins,TO,Norte,45,362.17,8.05
2507002,Itaporanga,PB,Nordeste,530,8881.29,16.76
3522802,Itaporanga,SP,Sudeste,252,3096.1,12.29
2803203,Itaporanga d'Ajuda,SE,Nordeste,397,6955.21,17.52
2507101,Itapororoca,PB,Nordeste,124,1988.54,16.04
1101104,Itapuã do Oeste,RO,Norte,258,3143.55,12.18
4310579,Itapuca,RS,Sul,110,1138.41,10.35
3522901,Itapuí,SP,Sudeste,479,4884.49,10.2
3523008,Itapura,SP,Sudeste,329,1949.35,5.93
5211206,Itapuranga,GO,Centro Oeste,708,12681.97,17.91
3523107,Itaquaquecetuba,SP,Sudeste,1770,24421.15,13.8
2916708,Itaquara,BA,Nordeste,57,536.72,9.42
4310603,Itaqui,RS,Sul,1482,25771.02,17.39
5004601,Itaquiraí,MS,Centro Oeste,1499,20085.35,13.4
2607802,Itaquitinga,PE,Nordeste,75,888.38,11.85
3202900,Itarana,ES,Sudeste,587,7549.41,12.86
2916807,Itarantim,BA,Nordeste,346,3414.52,9.87
3523206,Itararé,SP,Sudeste,418,5828.6,13.94
2306553,Itarema,CE,Nordeste,409,5725.22,14.0
3523305,Itariri,SP,Sudeste,151,1222.18,8.09
5211305,Itarumã,GO,Centro Oeste,259,8970.86,34.64
4310652,Itati,RS,Sul,106,1550.34,14.63
3302254,Itatiaia,RJ,Sudeste,556,6524.46,11.73
3133709,Itatiaiuçu,MG,Sudeste,278,12960.51,46.62
3523404,Itatiba,SP,Sudeste,2565,22176.41,8.65
4310702,Itatiba do Sul,RS,Sul,201,2354.05,11.71
2916856,Itatim,BA,Nordeste,266,3935.17,14.79
3523503,Itatinga,SP,Sudeste,336,2228.71,6.63
2306603,Itatira,CE,Nordeste,151,1739.33,11.52
2507200,Itatuba,PB,Nordeste,40,845.94,21.15
2404903,Itaú,RN,Nordeste,237,1648.85,6.96
3133758,Itaú de Minas,MG,Sudeste,623,4031.16,6.47
5104559,Itaúba,MT,Centro Oeste,320,4712.01,14.73
1600253,Itaubal,AP,Norte,15,120.16,8.01
5211404,Itauçu,GO,Centro Oeste,184,2074.44,11.27
2205102,Itaueira,PI,Nordeste,289,1959.1,6.78
3133808,Itaúna,MG,Sudeste,2265,29207.85,12.9
4111308,Itaúna do Sul,PR,Sul,162,2345.62,14.48
3133907,Itaverava,MG,Sudeste,71,1256.18,17.69
3134004,Itinga,MG,Sudeste,167,1544.31,9.25
2105427,Itinga do Maranhão,MA,Nordeste,713,8657.31,12.14
5104609,Itiquira,MT,Centro Oeste,653,11908.69,18.24
3523602,Itirapina,SP,Sudeste,295,4837.37,16.4
3523701,Itirapuã,SP,Sudeste,215,1924.71,8.95
2916906,Itiruçu,BA,Nordeste,92,994.58,10.81
2917003,Itiúba,BA,Nordeste,339,2791.31,8.23
3523800,Itobi,SP,Sudeste,218,2422.09,11.11
2917102,Itororó,BA,Nordeste,277,2331.29,8.42
3523909,Itu,SP,Sudeste,3938,40969.99,10.4
2917201,Ituaçu,BA,Nordeste,1085,7696.72,7.09
2917300,Ituberá,BA,Nordeste,276,2625.47,9.51
3134103,Itueta,MG,Sudeste,406,2728.37,6.72
3134202,Ituiutaba,MG,Sudeste,5439,40848.92,7.51
5211503,Itumbiara,GO,Centro Oeste,7894,71526.81,9.06
3134301,Itumirim,MG,Sudeste,80,702.3,8.78
3524006,Itupeva,SP,Sudeste,2989,27279.1,9.13
1503705,Itupiranga,PA,Norte,411,4262.96,10.37
4208500,Ituporanga,SC,Sul,1225,14859.71,12.13
3134400,Iturama,MG,Sudeste,3239,24405.56,7.53
3134509,Itutinga,MG,Sudeste,94,3348.95,35.63
3524105,Ituverava,SP,Sudeste,1652,19072.02,11.54
2917334,Iuiu,BA,Nordeste,627,4863.75,7.76
3203007,Iúna,ES,Sudeste,751,7789.33,10.37
4111407,Ivaí,PR,Sul,394,5910.52,15.0
4111506,Ivaiporã,PR,Sul,923,11501.9,12.46
4111555,Ivaté,PR,Sul,325,3175.73,9.77
4111605,Ivatuba,PR,Sul,208,3107.55,14.94
5004700,Ivinhema,MS,Centro Oeste,2906,31798.58,10.94
5211602,Ivolândia,GO,Centro Oeste,102,1097.48,10.76
4310751,Ivorá,RS,Sul,65,496.98,7.65
4310801,Ivoti,RS,Sul,1888,13341.76,7.07
2607901,Jaboatão dos Guararapes,PE,Nordeste,5989,58707.05,9.8
4208609,Jaborá,SC,Sul,206,6254.73,30.36
3524204,Jaborandi,SP,Sudeste,354,2556.76,7.22
2917359,Jaborandi,BA,Nordeste,359,3102.33,8.64
4111704,Jaboti,PR,Sul,156,1857.25,11.91
4310850,Jaboticaba,RS,Sul,150,1443.15,9.62
3524303,Jaboticabal,SP,Sudeste,3648,42831.4,11.74
3134608,Jaboticatubas,MG,Sudeste,962,15876.13,16.5
2405009,Jaçanã,RN,Nordeste,62,904.32,14.59
2917409,Jacaraci,BA,Nordeste,592,3460.58,5.85
2507309,Jacaraú,PB,Nordeste,117,1204.25,10.29
2703403,Jacaré dos Homens,AL,Nordeste,73,5753.07,78.81
1503754,Jacareacanga,PA,Norte,70,1197.57,17.11
3524402,Jacareí,SP,Sudeste,4917,124230.37,25.27
4111803,Jacarezinho,PR,Sul,1050,9658.16,9.2
3524501,Jaci,SP,Sudeste,262,3186.2,12.16
5104807,Jaciara,MT,Centro Oeste,2036,21442.19,10.53
3134707,Jacinto,MG,Sudeste,96,758.99,7.91
4208708,Jacinto Machado,SC,Sul,536,6706.79,12.51
2917508,Jacobina,BA,Nordeste,2006,15505.47,7.73
2205151,Jacobina do Piauí,PI,Nordeste,169,1470.62,8.7
3134806,Jacuí,MG,Sudeste,260,1899.05,7.3
2703502,Jacuípe,AL,Nordeste,33,570.43,17.29
4310876,Jacuizinho,RS,Sul,24,246.68,10.28
1503804,Jacundá,PA,Norte,1046,13963.24,13.35
3524600,Jacupiranga,SP,Sudeste,146,1313.66,9.0
4310900,Jacutinga,RS,Sul,256,2692.87,10.52
3134905,Jacutinga,MG,Sudeste,934,20891.67,22.37
4111902,Jaguapitã,PR,Sul,627,10209.36,16.28
2917607,Jaguaquara,BA,Nordeste,492,5079.03,10.32
3135001,Jaguaraçu,MG,Sudeste,134,1234.25,9.21
4311007,Jaguarão,RS,Sul,495,4964.65,10.03
2917706,Jaguarari,BA,Nordeste,1055,6740.47,6.39
3203056,Jaguaré,ES,Sudeste,1478,25930.5,17.54
2306702,Jaguaretama,CE,Nordeste,350,5028.77,14.37
4311106,Jaguari,RS,Sul,984,6459.74,6.56
4112009,Jaguariaíva,PR,Sul,208,3103.82,14.92
2306801,Jaguaribara,CE,Nordeste,235,3594.14,15.29
2306900,Jaguaribe,CE,Nordeste,1015,14287.46,14.08
2917805,Jaguaripe,BA,Nordeste,185,1552.38,8.39
3524709,Jaguariúna,SP,Sudeste,1697,13109.45,7.73
2307007,Jaguaruana,CE,Nordeste,604,14030.5,23.23
4208807,Jaguaruna,SC,Sul,688,9290.13,13.5
3135050,Jaíba,MG,Sudeste,580,20414.59,35.2
2205201,Jaicós,PI,Nordeste,400,6344.98,15.86
3524808,Jales,SP,Sudeste,4814,34409.78,7.15
3524907,Jambeiro,SP,Sudeste,164,1557.2,9.5
3135076,Jampruca,MG,Sudeste,81,759.22,9.37
3135100,Janaúba,MG,Sudeste,2514,52252.72,20.78
5211701,Jandaia,GO,Centro Oeste,252,4188.13,16.62
4112108,Jandaia do Sul,PR,Sul,827,13299.44,16.08
2917904,Jandaíra,BA,Nordeste,45,596.65,13.26
2405108,Jandaíra,RN,Nordeste,120,1877.91,15.65
3525003,Jandira,SP,Sudeste,590,6433.24,10.9
2405207,Janduís,RN,Nordeste,210,1627.08,7.75
5104906,Jangada,MT,Centro Oeste,363,4688.95,12.92
4112207,Janiópolis,PR,Sul,273,3482.31,12.76
3135209,Januária,MG,Sudeste,1285,26443.11,20.58
2405306,Januário Cicco,RN,Nordeste,95,954.08,10.04
3135308,Japaraíba,MG,Sudeste,262,1697.99,6.48
2703601,Japaratinga,AL,Nordeste,231,2366.95,10.25
2803302,Japaratuba,SE,Nordeste,89,832.97,9.36
3302270,Japeri,RJ,Sudeste,154,6727.31,43.68
2405405,Japi,RN,Nordeste,46,297.1,6.46
4112306,Japira,PR,Sul,160,3706.5,23.17
2803401,Japoatã,SE,Nordeste,63,689.44,10.94
3135357,Japonvar,MG,Sudeste,81,856.21,10.57
5004809,Japorã,MS,Centro Oeste,310,2654.96,8.56
4112405,Japurá,PR,Sul,585,7584.81,12.97
1302108,Japurá,AM,Norte,5,179.0,35.8
2607950,Jaqueira,PE,Nordeste,55,648.33,11.79
4311122,Jaquirana,RS,Sul,110,1139.93,10.36
5211800,Jaraguá,GO,Centro Oeste,1560,17579.78,11.27
4208906,Jaraguá do Sul,SC,Sul,8969,67488.34,7.52
5004908,Jaraguari,MS,Centro Oeste,636,19135.89,30.09
2703700,Jaramataia,AL,Nordeste,52,479.69,9.22
2307106,Jardim,CE,Nordeste,199,2109.73,10.6
5005004,Jardim,MS,Centro Oeste,1409,13101.58,9.3
4112504,Jardim Alegre,PR,Sul,336,12026.54,35.79
2405504,Jardim de Angicos,RN,Nordeste,34,258.36,7.6
2405603,Jardim de Piranhas,RN,Nordeste,746,9688.26,12.99
2205250,Jardim do Mulato,PI,Nordeste,32,281.21,8.79
2405702,Jardim do Seridó,RN,Nordeste,741,5483.65,7.4
4112603,Jardim Olinda,PR,Sul,97,1177.84,12.14
3525102,Jardinópolis,SP,Sudeste,1454,15270.06,10.5
4208955,Jardinópolis,SC,Sul,132,2400.97,18.19
4311130,Jari,RS,Sul,113,733.8,6.49
3525201,Jarinu,SP,Sudeste,804,8169.59,10.16
1100114,Jaru,RO,Norte,3105,29784.38,9.59
5211909,Jataí,GO,Centro Oeste,3249,50136.82,15.43
4112702,Jataizinho,PR,Sul,361,7131.15,19.75
2608008,Jataúba,PE,Nordeste,272,2145.43,7.89
5005103,Jateí,MS,Centro Oeste,348,7698.43,22.12
2307205,Jati,CE,Nordeste,122,960.19,7.87
2105450,Jatobá,MA,Nordeste,53,466.67,8.81
2608057,Jatobá,PE,Nordeste,561,3038.72,5.42
2205276,Jatobá do Piauí,PI,Nordeste,82,584.68,7.13
3525300,Jaú,SP,Sudeste,4257,44201.67,10.38
1711506,Jaú do Tocantins,TO,Norte,110,1059.57,9.63
5212006,Jaupaci,GO,Centro Oeste,142,1482.01,10.44
5105002,Jauru,MT,Centro Oeste,706,6462.07,9.15
3135407,Jeceaba,MG,Sudeste,61,885.68,14.52
3135456,Jenipapo de Minas,MG,Sudeste,81,578.06,7.14
2105476,Jenipapo dos Vieiras,MA,Nordeste,106,778.8,7.35
3135506,Jequeri,MG,Sudeste,158,3812.23,24.13
2703759,Jequiá da Praia,AL,Nordeste,131,1105.41,8.44
2918001,Jequié,BA,Nordeste,6078,42376.38,6.97
3135605,Jequitaí,MG,Sudeste,76,1041.17,13.7
3135704,Jequitibá,MG,Sudeste,90,5782.2,64.25
3135803,Jequitinhonha,MG,Sudeste,348,15353.02,44.12
2918100,Jeremoabo,BA,Nordeste,639,5376.23,8.41
2507408,Jericó,PB,Nordeste,219,1639.58,7.49
3525409,Jeriquara,SP,Sudeste,112,2752.62,24.58
3203106,Jerônimo Monteiro,ES,Sudeste,422,4044.1,9.58
2205300,Jerumenha,PI,Nordeste,76,1427.54,18.78
3135902,Jesuânia,MG,Sudeste,60,6661.92,111.03
4112751,Jesuítas,PR,Sul,727,13699.92,18.84
5212055,Jesúpolis,GO,Centro Oeste,31,343.52,11.08
2307254,Jijoca de Jericoacoara,CE,Nordeste,409,4461.22,10.91
1100122,Ji-Paraná,RO,Norte,7572,86797.23,11.46
2918209,Jiquiriçá,BA,Nordeste,165,1518.17,9.2
2918308,Jitaúna,BA,Nordeste,171,1255.04,7.34
4209003,Joaçaba,SC,Sul,656,18352.81,27.98
3136009,Joaíma,MG,Sudeste,96,915.02,9.53
3136108,Joanésia,MG,Sudeste,101,729.24,7.22
3525508,Joanópolis,SP,Sudeste,467,3979.41,8.52
2608107,João Alfredo,PE,Nordeste,310,3376.39,10.89
2405801,João Câmara,RN,Nordeste,757,7063.54,9.33
2205359,João Costa,PI,Nordeste,47,392.31,8.35
2405900,João Dias,RN,Nordeste,29,191.89,6.62
2918357,João Dourado,BA,Nordeste,596,8375.63,14.05
2105500,João Lisboa,MA,Nordeste,1079,10502.44,9.73
3136207,João Monlevade,MG,Sudeste,1241,12887.38,10.38
3203130,João Neiva,ES,Sudeste,584,5579.62,9.55
2507507,João Pessoa,PB,Nordeste,10463,118209.2,11.3
3136306,João Pinheiro,MG,Sudeste,1663,24952.92,15.0
3525607,João Ramalho,SP,Sudeste,160,1365.85,8.54
3136405,Joaquim Felício,MG,Sudeste,51,609.58,11.95
2703809,Joaquim Gomes,AL,Nordeste,91,991.25,10.89
2608206,Joaquim Nabuco,PE,Nordeste,79,668.3,8.46
2205409,Joaquim Pires,PI,Nordeste,95,758.28,7.98
4112801,Joaquim Távora,PR,Sul,243,4286.96,17.64
2513653,Joca Claudino,PB,Nordeste,12,90.86,7.57
2205458,Joca Marques,PI,Nordeste,49,388.2,7.92
4311155,Jóia,RS,Sul,366,3600.1,9.84
4209102,Joinville,SC,Sul,13703,100386.33,7.33
3136504,Jordânia,MG,Sudeste,98,914.46,9.33
1200328,Jordão,AC,Norte,11,149.97,13.63
4209151,José Boiteux,SC,Sul,185,2208.6,11.94
3525706,José Bonifácio,SP,Sudeste,2298,19073.44,8.3
2406007,José da Penha,RN,Nordeste,185,1130.98,6.11
2205508,José de Freitas,PI,Nordeste,764,6574.06,8.6
3136520,José Gonçalves de Minas,MG,Sudeste,49,518.35,10.58
3136553,José Raydan,MG,Sudeste,115,972.47,8.46
2105609,Joselândia,MA,Nordeste,411,2761.95,6.72
3136579,Josenópolis,MG,Sudeste,15,128.3,8.55
5212105,Joviânia,GO,Centro Oeste,283,3132.53,11.07
5105101,Juara,MT,Centro Oeste,2360,21180.33,8.97
2507606,Juarez Távora,PB,Nordeste,39,486.53,12.48
1711803,Juarina,TO,Norte,53,471.81,8.9
3136652,Juatuba,MG,Sudeste,521,11335.54,21.76
2507705,Juazeirinho,PB,Nordeste,184,6330.78,34.41
2918407,Juazeiro,BA,Nordeste,13618,103089.24,7.57
2307304,Juazeiro do Norte,CE,Nordeste,7591,68739.85,9.06
2205516,Juazeiro do Piauí,PI,Nordeste,64,482.32,7.54
2307403,Jucás,CE,Nordeste,599,5504.28,9.19
2608255,Jucati,PE,Nordeste,81,856.78,10.58
2918456,Jucuruçu,BA,Nordeste,62,570.13,9.2
2406106,Jucurutu,RN,Nordeste,683,7002.64,10.25
5105150,Juína,MT,Centro Oeste,3181,38114.29,11.98
3136702,Juiz de Fora,MG,Sudeste,5364,51765.0,9.65
2205524,Júlio Borges,PI,Nordeste,38,356.46,9.38
4311205,Júlio de Castilhos,RS,Sul,843,9408.88,11.16
3525805,Júlio Mesquita,SP,Sudeste,51,406.96,7.98
3525854,Jumirim,SP,Sudeste,115,2534.19,22.04
2105658,Junco do Maranhão,MA,Nordeste,21,334.32,15.92
2507804,Junco do Seridó,PB,Nordeste,75,877.11,11.69
2406155,Jundiá,RN,Nordeste,72,433.04,6.01
2703908,Jundiá,AL,Nordeste,63,471.39,7.48
3525904,Jundiaí,SP,Sudeste,7160,58035.4,8.11
4112900,Jundiaí do Sul,PR,Sul,75,921.78,12.29
2704005,Junqueiro,AL,Nordeste,411,3715.5,9.04
3526001,Junqueirópolis,SP,Sudeste,1417,13732.58,9.69
2608305,Jupi,PE,Nordeste,214,2265.37,10.59
4209177,Jupiá,SC,Sul,115,1094.13,9.51
3526100,Juquiá,SP,Sudeste,204,1729.2,8.48
3526209,Juquitiba,SP,Sudeste,171,1642.43,9.6
3136801,Juramento,MG,Sudeste,58,1090.49,18.8
4112959,Juranda,PR,Sul,379,4852.41,12.8
2608404,Jurema,PE,Nordeste,108,851.12,7.88
2205532,Jurema,PI,Nordeste,31,270.25,8.72
2507903,Juripiranga,PB,Nordeste,47,510.33,10.86
2508000,Juru,PB,Nordeste,101,714.87,7.08
1302207,Juruá,AM,Norte,4,89.0,22.25
3136900,Juruaia,MG,Sudeste,423,2780.02,6.57
5105176,Juruena,MT,Centro Oeste,630,9088.75,14.43
1503903,Juruti,PA,Norte,532,5050.63,9.49
5105200,Juscimeira,MT,Centro Oeste,774,10389.93,13.42
5212204,Jussara,GO,Centro Oeste,1209,16667.82,13.79
4113007,Jussara,PR,Sul,393,4633.63,11.79
2918506,Jussara,BA,Nordeste,344,3046.84,8.86
2918555,Jussari,BA,Nordeste,25,306.01,12.24
2918605,Jussiape,BA,Nordeste,317,2580.48,8.14
1302306,Jutaí,AM,Norte,2,17.0,8.5
5005152,Juti,MS,Centro Oeste,410,6684.59,16.3
3136959,Juvenília,MG,Sudeste,63,762.64,12.11
4113106,Kaloré,PR,Sul,241,3108.64,12.9
1302405,Lábrea,AM,Norte,52,1123.35,21.6
4209201,Lacerdópolis,SC,Sul,136,4639.29,34.11
3137007,Ladainha,MG,Sudeste,4811,34681.07,7.21
5005202,Ladário,MS,Centro Oeste,606,4351.13,7.18
2918704,Lafaiete Coutinho,BA,Nordeste,60,603.82,10.06
3137106,Lagamar,MG,Sudeste,262,2960.68,11.3
2803500,Lagarto,SE,Nordeste,1462,17299.38,11.83
4209300,Lages,SC,Sul,1910,22147.53,11.6
2105708,Lago da Pedra,MA,Nordeste,1412,13566.83,9.61
2105807,Lago do Junco,MA,Nordeste,172,1208.33,7.03
2105948,Lago dos Rodrigues,MA,Nordeste,291,2464.92,8.47
2105906,Lago Verde,MA,Nordeste,213,1561.18,7.33
2508109,Lagoa,PB,Nordeste,78,692.0,8.87
2205557,Lagoa Alegre,PI,Nordeste,118,1173.69,9.95
4311239,Lagoa Bonita do Sul,RS,Sul,137,933.77,6.82
2704104,Lagoa da Canoa,AL,Nordeste,181,1733.81,9.58
1711902,Lagoa da Confusão,TO,Norte,577,11441.31,19.83
3137205,Lagoa da Prata,MG,Sudeste,1745,23790.44,13.63
2406205,Lagoa d'Anta,RN,Nordeste,98,841.37,8.59
2508208,Lagoa de Dentro,PB,Nordeste,37,377.02,10.19
2608503,Lagoa de Itaenga,PE,Nordeste,291,3023.2,10.39
2406304,Lagoa de Pedras,RN,Nordeste,76,1066.4,14.03
2205573,Lagoa de São Francisco,PI,Nordeste,67,527.16,7.87
2406403,Lagoa de Velhos,RN,Nordeste,59,359.98,6.1
2205565,Lagoa do Barro do Piauí,PI,Nordeste,85,681.61,8.02
2608453,Lagoa do Carro,PE,Nordeste,281,3709.92,13.2
2105922,Lagoa do Mato,MA,Nordeste,125,897.48,7.18
2608602,Lagoa do Ouro,PE,Nordeste,110,898.62,8.17
2205581,Lagoa do Piauí,PI,Nordeste,94,1870.04,19.89
2205599,Lagoa do Sítio,PI,Nordeste,31,221.26,7.14
1711951,Lagoa do Tocantins,TO,Norte,55,892.56,16.23
2608701,Lagoa dos Gatos,PE,Nordeste,120,925.99,7.72
3137304,Lagoa dos Patos,MG,Sudeste,27,505.2,18.71
4311270,Lagoa dos Três Cantos,RS,Sul,144,1131.57,7.86
3137403,Lagoa Dourada,MG,Sudeste,269,3566.71,13.26
3137502,Lagoa Formosa,MG,Sudeste,728,14296.96,19.64
3137536,Lagoa Grande,MG,Sudeste,620,28363.23,45.75
2608750,Lagoa Grande,PE,Nordeste,745,6332.44,8.5
2105963,Lagoa Grande do Maranhão,MA,Nordeste,87,623.05,7.16
2406502,Lagoa Nova,RN,Nordeste,334,3293.27,9.86
2918753,Lagoa Real,BA,Nordeste,563,3660.59,6.5
2406601,Lagoa Salgada,RN,Nordeste,197,2267.67,11.51
3137601,Lagoa Santa,MG,Sudeste,2896,27332.58,9.44
5212253,Lagoa Santa,GO,Centro Oeste,53,540.69,10.2
2508307,Lagoa Seca,PB,Nordeste,415,5183.16,12.49
4311304,Lagoa Vermelha,RS,Sul,969,10599.53,10.94
4311254,Lagoão,RS,Sul,144,1075.91,7.47
3526308,Lagoinha,SP,Sudeste,69,914.14,13.25
2205540,Lagoinha do Piauí,PI,Nordeste,23,223.76,9.73
4209409,Laguna,SC,Sul,722,6413.99,8.88
5005251,Laguna Carapã,MS,Centro Oeste,459,6576.08,14.33
2918803,Laje,BA,Nordeste,450,3704.22,8.23
3302304,Laje do Muriaé,RJ,Sudeste,170,1495.6,8.8
4311403,Lajeado,RS,Sul,5814,44489.56,7.65
1712009,Lajeado,TO,Norte,169,2028.35,12.0
4311429,Lajeado do Bugre,RS,Sul,48,500.13,10.42
4209458,Lajeado Grande,SC,Sul,91,2285.89,25.12
2105989,Lajeado Novo,MA,Nordeste,159,1679.29,10.56
2918902,Lajedão,BA,Nordeste,80,589.77,7.37
2919009,Lajedinho,BA,Nordeste,53,4056.13,76.53
2608800,Lajedo,PE,Nordeste,851,16117.51,18.94
2919058,Lajedo do Tabocal,BA,Nordeste,55,706.13,12.84
2406700,Lajes,RN,Nordeste,231,2374.26,10.28
2406809,Lajes Pintadas,RN,Nordeste,64,468.88,7.33
3137700,Lajinha,MG,Sudeste,303,2974.83,9.82
2919108,Lamarão,BA,Nordeste,46,265.94,5.78
3137809,Lambari,MG,Sudeste,521,8165.05,15.67
5105234,Lambari D'Oeste,MT,Centro Oeste,398,3513.41,8.83
3137908,Lamim,MG,Sudeste,40,1172.07,29.3
2205607,Landri Sales,PI,Nordeste,83,653.76,7.88
4113205,Lapa,PR,Sul,640,10777.28,16.84
2919157,Lapão,BA,Nordeste,614,7929.09,12.91
3203163,Laranja da Terra,ES,Sudeste,843,11335.93,13.45
4113254,Laranjal,PR,Sul,72,775.06,10.76
3138005,Laranjal,MG,Sudeste,235,1714.82,7.3
1600279,Laranjal do Jari,AP,Norte,769,7595.16,9.88
3526407,Laranjal Paulista,SP,Sudeste,1018,10835.25,10.64
2803609,Laranjeiras,SE,Nordeste,112,1399.66,12.5
4113304,Laranjeiras do Sul,PR,Sul,755,14053.18,18.61
3138104,Lassance,MG,Sudeste,141,1331.3,9.44
2508406,Lastro,PB,Nordeste,43,668.57,15.55
4209508,Laurentino,SC,Sul,299,3045.46,10.19
2919207,Lauro de Freitas,BA,Nordeste,9149,71599.65,7.83
4209607,Lauro Müller,SC,Sul,316,5227.09,16.54
1712157,Lavandeira,TO,Norte,41,482.4,11.77
3526506,Lavínia,SP,Sudeste,373,2224.75,5.96
3138203,Lavras,MG,Sudeste,1821,48016.93,26.37
2307502,Lavras da Mangabeira,CE,Nordeste,794,11242.15,14.16
4311502,Lavras do Sul,RS,Sul,90,856.18,9.51
3526605,Lavrinhas,SP,Sudeste,124,852.46,6.87
3138302,Leandro Ferreira,MG,Sudeste,104,1004.77,9.66
4209706,Lebon Régis,SC,Sul,97,970.82,10.01
3526704,Leme,SP,Sudeste,2105,22247.61,10.57
3138351,Leme do Prado,MG,Sudeste,82,670.77,8.18
2919306,Lençóis,BA,Nordeste,171,1780.09,10.41
3526803,Lençóis Paulista,SP,Sudeste,1855,18297.6,9.86
4209805,Leoberto Leal,SC,Sul,285,2470.56,8.67
3138401,Leopoldina,MG,Sudeste,2171,26625.21,12.26
5212303,Leopoldo de Bulhões,GO,Centro Oeste,252,12218.98,48.49
4113403,Leópolis,PR,Sul,169,2142.6,12.68
4311601,Liberato Salzano,RS,Sul,262,2310.34,8.82
3138500,Liberdade,MG,Sudeste,26,381.26,14.66
2919405,Licínio de Almeida,BA,Nordeste,808,5331.93,6.6
4113429,Lidianópolis,PR,Sul,146,1871.86,12.82
2106003,Lima Campos,MA,Nordeste,420,3738.62,8.9
3138609,Lima Duarte,MG,Sudeste,149,1809.33,12.14
3526902,Limeira,SP,Sudeste,9558,90827.68,9.5
3138625,Limeira do Oeste,MG,Sudeste,698,4187.57,6.0
2608909,Limoeiro,PE,Nordeste,1274,14139.74,11.1
2704203,Limoeiro de Anadia,AL,Nordeste,332,4685.22,14.11
1504000,Limoeiro do Ajuru,PA,Norte,68,540.96,7.96
2307601,Limoeiro do Norte,CE,Nordeste,2291,31593.83,13.79
4113452,Lindoeste,PR,Sul,249,8196.95,32.92
3527009,Lindóia,SP,Sudeste,120,1077.41,8.98
4209854,Lindóia do Sul,SC,Sul,232,4281.05,18.45
4311627,Lindolfo Collor,RS,Sul,330,2270.63,6.88
4311643,Linha Nova,RS,Sul,111,1978.04,17.82
3203205,Linhares,ES,Sudeste,5982,91984.33,15.38
3527108,Lins,SP,Sudeste,3553,28224.22,7.94
2508505,Livramento,PB,Nordeste,39,294.51,7.55
2919504,Livramento de Nossa Senhora,BA,Nordeste,3707,28422.03,7.67
1712405,Lizarda,TO,Norte,21,322.55,15.36
4113502,Loanda,PR,Sul,1305,33690.14,25.82
4113601,Lobato,PR,Sul,361,6157.77,17.06
2508554,Logradouro,PB,Nordeste,29,176.05,6.07
4113700,Londrina,PR,Sul,13431,139898.12,10.42
3138658,Lontra,MG,Sudeste,82,11995.73,146.29
4209904,Lontras,SC,Sul,478,4318.86,9.04
3527207,Lorena,SP,Sudeste,1412,50849.28,36.01
2106102,Loreto,MA,Nordeste,146,2618.22,17.93
3527256,Lourdes,SP,Sudeste,211,947.09,4.49
3527306,Louveira,SP,Sudeste,996,9762.7,9.8
5105259,Lucas do Rio Verde,MT,Centro Oeste,5361,82782.94,15.44
3527405,Lucélia,SP,Sudeste,1119,7634.42,6.82
2508604,Lucena,PB,Nordeste,327,3052.19,9.33
3527504,Lucianópolis,SP,Sudeste,107,681.89,6.37
5105309,Luciara,MT,Centro Oeste,67,677.26,10.11
2406908,Lucrécia,RN,Nordeste,195,1535.81,7.88
3527603,Luís Antônio,SP,Sudeste,344,3681.13,10.7
2205706,Luís Correia,PI,Nordeste,705,7101.48,10.07
2106201,Luís Domingues,MA,Nordeste,42,360.0,8.57
2919553,Luís Eduardo Magalhães,BA,Nordeste,6225,72499.03,11.65
2407005,Luís Gomes,RN,Nordeste,126,1091.36,8.66
3138674,Luisburgo,MG,Sudeste,237,1916.56,8.09
3138682,Luislândia,MG,Sudeste,71,666.0,9.38
4210001,Luiz Alves,SC,Sul,718,6615.95,9.21
4113734,Luiziana,PR,Sul,214,3337.98,15.6
3527702,Luiziânia,SP,Sudeste,297,1722.56,5.8
3138708,Luminárias,MG,Sudeste,93,1307.68,14.06
4113759,Lunardelli,PR,Sul,205,1821.95,8.89
3527801,Lupércio,SP,Sudeste,65,973.08,14.97
4113809,Lupionópolis,PR,Sul,229,2971.34,12.98
3527900,Lutécia,SP,Sudeste,106,1112.97,10.5
3138807,Luz,MG,Sudeste,679,7457.3,10.98
4210035,Luzerna,SC,Sul,175,3485.76,19.92
5212501,Luziânia,GO,Centro Oeste,2365,30159.1,12.75
2205805,Luzilândia,PI,Nordeste,360,2763.49,7.68
1712454,Luzinópolis,TO,Norte,77,799.18,10.38
3302403,Macaé,RJ,Sudeste,5565,48578.76,8.73
2407104,Macaíba,RN,Nordeste,2059,26835.89,13.03
2919603,Macajuba,BA,Nordeste,97,824.29,8.5
4311718,Maçambará,RS,Sul,173,7935.04,45.87
2803708,Macambira,SE,Nordeste,54,586.51,10.86
1600303,Macapá,AP,Norte,15223,176691.22,11.61
2609006,Macaparana,PE,Nordeste,247,2880.85,11.66
2919702,Macarani,BA,Nordeste,282,2554.69,9.06
3528007,Macatuba,SP,Sudeste,551,7264.08,13.18
2407203,Macau,RN,Nordeste,741,5190.29,7.0
3528106,Macaubal,SP,Sudeste,748,6915.85,9.25
2919801,Macaúbas,BA,Nordeste,558,3913.75,7.01
3528205,Macedônia,SP,Sudeste,292,2306.48,7.9
2704302,Maceió,AL,Nordeste,19641,188810.4,9.61
3138906,Machacalis,MG,Sudeste,88,608.6,6.92
4311700,Machadinho,RS,Sul,277,4092.31,14.77
1100130,Machadinho D'Oeste,RO,Norte,1148,13506.91,11.77
3139003,Machado,MG,Sudeste,903,10179.17,11.27
2609105,Machados,PE,Nordeste,117,1212.99,10.37
4210050,Macieira,SC,Sul,46,942.04,20.48
3302452,Macuco,RJ,Sudeste,184,1662.93,9.04
2919900,Macururé,BA,Nordeste,75,681.2,9.08
2307635,Madalena,CE,Nordeste,151,1578.25,10.45
2205854,Madeiro,PI,Nordeste,80,554.74,6.93
2919926,Madre de Deus,BA,Nordeste,219,2070.17,9.45
3139102,Madre de Deus de Minas,MG,Sudeste,144,1868.4,12.98
2508703,Mãe d'Água,PB,Nordeste,44,312.96,7.11
1504059,Mãe do Rio,PA,Norte,526,11079.7,21.06
2919959,Maetinga,BA,Nordeste,97,789.22,8.14
4210100,Mafra,SC,Sul,1154,17461.16,15.13
1504109,Magalhães Barata,PA,Norte,42,538.13,12.81
2106300,Magalhães de Almeida,MA,Nordeste,174,1967.91,11.31
3528304,Magda,SP,Sudeste,187,3427.31,18.33
3302502,Magé,RJ,Sudeste,2733,23811.45,8.71
2920007,Maiquinique,BA,Nordeste,142,1368.49,9.64
2920106,Mairi,BA,Nordeste,152,1371.63,9.02
3528403,Mairinque,SP,Sudeste,1270,8188.82,6.45
3528502,Mairiporã,SP,Sudeste,1347,10697.61,7.94
5212600,Mairipotaba,GO,Centro Oeste,71,777.53,10.95
4210209,Major Gercino,SC,Sul,131,1410.52,10.77
2704401,Major Isidoro,AL,Nordeste,272,4606.31,16.93
2407252,Major Sales,RN,Nordeste,130,956.81,7.36
4210308,Major Vieira,SC,Sul,179,1789.94,10.0
3139201,Malacacheta,MG,Sudeste,269,3902.32,14.51
2920205,Malhada,BA,Nordeste,577,8851.58,15.34
2920304,Malhada de Pedras,BA,Nordeste,504,3226.92,6.4
2803807,Malhada dos Bois,SE,Nordeste,27,286.14,10.6
2803906,Malhador,SE,Nordeste,68,731.97,10.76
4113908,Mallet,PR,Sul,300,3307.95,11.03
2508802,Malta,PB,Nordeste,162,1395.19,8.61
2508901,Mamanguape,PB,Nordeste,428,7159.76,16.73
5212709,Mambaí,GO,Centro Oeste,72,3796.1,52.72
4114005,Mamborê,PR,Sul,620,10303.03,16.62
3139250,Mamonas,MG,Sudeste,124,740.21,5.97
4311734,Mampituba,RS,Sul,67,692.84,10.34
1302504,Manacapuru,AM,Norte,231,11804.77,51.1
2509008,Manaíra,PB,Nordeste,71,547.53,7.71
1302553,Manaquiri,AM,Norte,9,210.4,23.38
2609154,Manari,PE,Nordeste,66,559.99,8.48
1302603,Manaus,AM,Norte,15552,246362.16,15.84
1200336,Mâncio Lima,AC,Norte,215,2439.91,11.35
4114104,Mandaguaçu,PR,Sul,1441,19655.81,13.64
4114203,Mandaguari,PR,Sul,1147,14103.57,12.3
4114302,Mandirituba,PR,Sul,443,11446.0,25.84
3528601,Manduri,SP,Sudeste,108,1156.54,10.71
4114351,Manfrinópolis,PR,Sul,142,3006.1,21.17
3139300,Manga,MG,Sudeste,291,27359.76,94.02
3302601,Mangaratiba,RJ,Sudeste,791,6363.85,8.05
4114401,Mangueirinha,PR,Sul,362,5938.62,16.41
3139409,Manhuaçu,MG,Sudeste,2361,29983.09,12.7
3139508,Manhumirim,MG,Sudeste,833,12709.38,15.26
1302702,Manicoré,AM,Norte,43,978.7,22.76
2205904,Manoel Emídio,PI,Nordeste,125,929.18,7.43
4114500,Manoel Ribas,PR,Sul,435,7592.18,17.45
1200344,Manoel Urbano,AC,Norte,57,642.17,11.27
4311759,Manoel Viana,RS,Sul,391,3169.6,8.11
2920403,Manoel Vitorino,BA,Nordeste,342,2661.03,7.78
2920452,Mansidão,BA,Nordeste,80,622.7,7.78
3139607,Mantena,MG,Sudeste,1013,7504.77,7.41
3203304,Mantenópolis,ES,Sudeste,618,5623.03,9.1
4311775,Maquiné,RS,Sul,236,2302.21,9.76
3139805,Mar de Espanha,MG,Sudeste,123,1345.39,10.94
2704906,Mar Vermelho,AL,Nordeste,67,1375.11,20.52
5212808,Mara Rosa,GO,Centro Oeste,402,9371.26,23.31
1302801,Maraã,AM,Norte,1,30.0,30.0
1504208,Marabá,PA,Norte,9939,101477.7,10.21
3528700,Marabá Paulista,SP,Sudeste,198,1447.74,7.31
2106326,Maracaçumé,MA,Nordeste,97,1266.96,13.06
3528809,Maracaí,SP,Sudeste,817,5146.45,6.3
4210407,Maracajá,SC,Sul,191,2000.5,10.47
5005400,Maracaju,MS,Centro Oeste,2902,35904.43,12.37
1504307,Maracanã,PA,Norte,114,1676.58,14.71
2307650,Maracanaú,CE,Nordeste,3624,36888.14,10.18
2920502,Maracás,BA,Nordeste,304,3310.38,10.89
2704500,Maragogi,AL,Nordeste,872,9978.43,11.44
2920601,Maragogipe,BA,Nordeste,218,1994.51,9.15
2609204,Maraial,PE,Nordeste,31,244.0,7.87
2106359,Marajá do Sena,MA,Nordeste,27,287.2,10.64
2307700,Maranguape,CE,Nordeste,1308,14027.6,10.72
2106375,Maranhãozinho,MA,Nordeste,58,669.32,11.54
1504406,Marapanim,PA,Norte,210,1677.38,7.99
3528858,Marapoama,SP,Sudeste,342,2795.95,8.18
4311791,Maratá,RS,Sul,202,3476.35,17.21
3203320,Marataízes,ES,Sudeste,1097,14599.97,13.31
4311809,Marau,RS,Sul,2168,21775.81,10.04
2920700,Maraú,BA,Nordeste,442,5228.81,11.83
2704609,Maravilha,AL,Nordeste,109,1471.31,13.5
4210506,Maravilha,SC,Sul,839,15433.01,18.39
3139706,Maravilhas,MG,Sudeste,147,2009.08,13.67
2509057,Marcação,PB,Nordeste,39,372.28,9.55
5105580,Marcelândia,MT,Centro Oeste,492,9085.78,18.47
4311908,Marcelino Ramos,RS,Sul,277,5260.36,18.99
2407302,Marcelino Vieira,RN,Nordeste,274,1962.94,7.16
2920809,Marcionílio Souza,BA,Nordeste,144,1250.07,8.68
2307809,Marco,CE,Nordeste,286,7849.72,27.45
2205953,Marcolândia,PI,Nordeste,91,1226.3,13.48
2206001,Marcos Parente,PI,Nordeste,68,710.38,10.45
4114609,Marechal Cândido Rondon,PR,Sul,5568,65110.94,11.69
2704708,Marechal Deodoro,AL,Nordeste,3374,32031.96,9.49
3203346,Marechal Floriano,ES,Sudeste,534,7537.14,14.11
1200351,Marechal Thaumaturgo,AC,Norte,42,515.35,12.27
4210555,Marema,SC,Sul,160,3165.95,19.79
2509107,Mari,PB,Nordeste,145,2209.81,15.24
3139904,Maria da Fé,MG,Sudeste,183,5437.93,29.72
4114708,Maria Helena,PR,Sul,339,6296.34,18.57
4114807,Marialva,PR,Sul,1796,24260.78,13.51
3140001,Mariana,MG,Sudeste,633,5266.59,8.32
4311981,Mariana Pimentel,RS,Sul,137,1359.35,9.92
4312005,Mariano Moro,RS,Sul,102,1777.04,17.42
1712504,Marianópolis do Tocantins,TO,Norte,95,1224.85,12.89
3528908,Mariápolis,SP,Sudeste,357,5527.05,15.48
2704807,Maribondo,AL,Nordeste,207,1924.93,9.3
3302700,Maricá,RJ,Sudeste,12279,73439.44,5.98
3140100,Marilac,MG,Sudeste,145,1366.37,9.42
3203353,Marilândia,ES,Sudeste,1004,14474.19,14.42
4114906,Marilândia do Sul,PR,Sul,216,3538.89,16.38
4115002,Marilena,PR,Sul,610,5548.52,9.1
3529005,Marília,SP,Sudeste,7454,59281.0,7.95
4115101,Mariluz,PR,Sul,306,3764.96,12.3
4115200,Maringá,PR,Sul,18113,176218.9,9.73
3529104,Marinópolis,SP,Sudeste,204,1488.9,7.3
3140159,Mário Campos,MG,Sudeste,298,3165.27,10.62
4115309,Mariópolis,PR,Sul,211,3448.28,16.34
4115358,Maripá,PR,Sul,640,13278.36,20.75
3140209,Maripá de Minas,MG,Sudeste,42,816.24,19.43
1504422,Marituba,PA,Norte,1627,17552.02,10.79
2509156,Marizópolis,PB,Nordeste,127,990.74,7.8
3140308,Marliéria,MG,Sudeste,162,1464.74,9.04
4115408,Marmeleiro,PR,Sul,696,10652.72,15.31
3140407,Marmelópolis,MG,Sudeste,17,90.95,5.35
4312054,Marques de Souza,RS,Sul,217,3338.83,15.39
4115457,Marquinho,PR,Sul,129,1474.87,11.43
3140506,Martinho Campos,MG,Sudeste,496,5663.75,11.42
2307908,Martinópole,CE,Nordeste,172,1086.26,6.32
3529203,Martinópolis,SP,Sudeste,1301,11070.94,8.51
2407401,Martins,RN,Nordeste,281,3157.24,11.24
3140530,Martins Soares,MG,Sudeste,170,1561.47,9.19
2804003,Maruim,SE,Nordeste,67,801.18,11.96
4115507,Marumbi,PR,Sul,180,3064.11,17.02
5212907,Marzagão,GO,Centro Oeste,108,774.77,7.17
2920908,Mascote,BA,Nordeste,93,1100.9,11.84
2308005,Massapê,CE,Nordeste,310,5672.64,18.3
2206050,Massapê do Piauí,PI,Nordeste,45,280.9,6.24
2509206,Massaranduba,PB,Nordeste,65,1454.68,22.38
4210605,Massaranduba,SC,Sul,1132,10053.19,8.88
4312104,Mata,RS,Sul,335,2329.27,6.95
2921005,Mata de São João,BA,Nordeste,2081,22508.06,10.82
2705002,Mata Grande,AL,Nordeste,93,760.71,8.18
2106409,Mata Roma,MA,Nordeste,212,9603.1,45.3
3140555,Mata Verde,MG,Sudeste,60,625.1,10.42
3529302,Matão,SP,Sudeste,2695,25281.2,9.38
2509305,Mataraca,PB,Nordeste,116,2286.41,19.71
1712702,Mateiros,TO,Norte,50,1152.82,23.06
4115606,Matelândia,PR,Sul,1166,14975.59,12.84
3140605,Materlândia,MG,Sudeste,21,173.9,8.28
3140704,Mateus Leme,MG,Sudeste,762,21395.25,28.08
3171501,Mathias Lobato,MG,Sudeste,43,329.08,7.65
3140803,Matias Barbosa,MG,Sudeste,199,2288.96,11.5
3140852,Matias Cardoso,MG,Sudeste,89,2546.57,28.61
2206100,Matias Olímpio,PI,Nordeste,108,829.64,7.68
2921054,Matina,BA,Nordeste,440,2922.28,6.64
2106508,Matinha,MA,Nordeste,177,1693.5,9.57
2509339,Matinhas,PB,Nordeste,9,58.41,6.49
4115705,Matinhos,PR,Sul,705,7348.0,10.42
3140902,Matipó,MG,Sudeste,290,3705.4,12.78
4312138,Mato Castelhano,RS,Sul,124,1222.95,9.86
2509370,Mato Grosso,PB,Nordeste,54,433.76,8.03
4312153,Mato Leitão,RS,Sul,492,4138.31,8.41
4312179,Mato Queimado,RS,Sul,199,1883.72,9.47
4115739,Mato Rico,PR,Sul,64,652.44,10.19
3141009,Mato Verde,MG,Sudeste,361,10627.42,29.44
2106607,Matões,MA,Nordeste,332,24306.62,73.21
2106631,Matões do Norte,MA,Nordeste,55,851.51,15.48
4210704,Matos Costa,SC,Sul,23,257.18,11.18
3141108,Matozinhos,MG,Sudeste,401,15112.13,37.69
5212956,Matrinchã,GO,Centro Oeste,176,12137.04,68.96
2705101,Matriz de Camaragibe,AL,Nordeste,169,1386.74,8.21
5105606,Matupá,MT,Centro Oeste,1434,35193.44,24.54
2509396,Maturéia,PB,Nordeste,40,422.81,10.57
3141207,Matutina,MG,Sudeste,78,794.22,10.18
3529401,Mauá,SP,Sudeste,828,6574.58,7.94
4115754,Mauá da Serra,PR,Sul,192,2480.84,12.92
1302900,Maués,AM,Norte,31,539.44,17.4
5213004,Maurilândia,GO,Centro Oeste,248,2415.48,9.74
1712801,Maurilândia do Tocantins,TO,Norte,51,584.67,11.46
2308104,Mauriti,CE,Nordeste,747,8624.23,11.55
2407500,Maxaranguape,RN,Nordeste,273,2999.92,10.99
4312203,Maximiliano de Almeida,RS,Sul,286,3605.38,12.61
1600402,Mazagão,AP,Norte,144,1854.86,12.88
3141306,Medeiros,MG,Sudeste,109,1451.32,13.31
2921104,Medeiros Neto,BA,Nordeste,523,4890.51,9.35
4115804,Medianeira,PR,Sul,3710,40421.53,10.9
1504455,Medicilândia,PA,Norte,436,4679.12,10.73
3141405,Medina,MG,Sudeste,183,1985.54,10.85
4210803,Meleiro,SC,Sul,128,2476.95,19.35
1504505,Melgaço,PA,Norte,32,283.92,8.87
3302809,Mendes,RJ,Sudeste,136,4588.01,33.74
3141504,Mendes Pimentel,MG,Sudeste,190,1525.19,8.03
3529500,Mendonça,SP,Sudeste,493,3012.66,6.11
4115853,Mercedes,PR,Sul,837,12791.83,15.28
3141603,Mercês,MG,Sudeste,192,2464.94,12.84
3529609,Meridiano,SP,Sudeste,430,2914.16,6.78
2308203,Meruoca,CE,Nordeste,175,1608.07,9.19
3529658,Mesópolis,SP,Sudeste,127,893.63,7.04
3302858,Mesquita,RJ,Sudeste,837,6282.43,7.51
3141702,Mesquita,MG,Sudeste,127,930.12,7.32
2705200,Messias,AL,Nordeste,136,1746.87,12.84
2407609,Messias Targino,RN,Nordeste,227,1561.22,6.88
2206209,Miguel Alves,PI,Nordeste,231,1765.58,7.64
2921203,Miguel Calmon,BA,Nordeste,481,3891.37,8.09
2206308,Miguel Leão,PI,Nordeste,13,385.78,29.68
3302908,Miguel Pereira,RJ,Sudeste,413,6879.48,16.66
3529708,Miguelópolis,SP,Sudeste,827,16094.27,19.46
2308302,Milagres,CE,Nordeste,515,4381.42,8.51
2921302,Milagres,BA,Nordeste,133,5129.39,38.57
2106672,Milagres do Maranhão,MA,Nordeste,43,338.46,7.87
2308351,Milhã,CE,Nordeste,371,3402.44,9.17
2206357,Milton Brandão,PI,Nordeste,62,296.41,4.78
5213053,Mimoso de Goiás,GO,Centro Oeste,20,810.45,40.52
3203403,Mimoso do Sul,ES,Sudeste,635,6812.37,10.73
5213087,Minaçu,GO,Centro Oeste,1404,14395.12,10.25
2705309,Minador do Negrão,AL,Nordeste,54,567.93,10.52
4312252,Minas do Leão,RS,Sul,152,1683.64,11.08
3141801,Minas Novas,MG,Sudeste,345,4067.84,11.79
3141900,Minduri,MG,Sudeste,42,12928.47,307.82
5213103,Mineiros,GO,Centro Oeste,1640,33488.95,20.42
3529807,Mineiros do Tietê,SP,Sudeste,190,2156.25,11.35
1101203,Ministro Andreazza,RO,Norte,289,2839.59,9.83
3530003,Mira Estrela,SP,Sudeste,264,2149.01,8.14
3142007,Mirabela,MG,Sudeste,156,17487.87,112.1
3529906,Miracatu,SP,Sudeste,152,1714.77,11.28
3303005,Miracema,RJ,Sudeste,957,8232.23,8.6
1713205,Miracema do Tocantins,TO,Norte,675,24675.55,36.56
2106706,Mirador,MA,Nordeste,379,9464.08,24.97
4115903,Mirador,PR,Sul,92,1510.43,16.42
3142106,Miradouro,MG,Sudeste,458,7792.16,17.01
4312302,Miraguaí,RS,Sul,237,2508.85,10.59
3142205,Miraí,MG,Sudeste,472,3744.39,7.93
2308377,Miraíma,CE,Nordeste,59,481.74,8.17
5005608,Miranda,MS,Centro Oeste,1257,25652.05,20.41
2106755,Miranda do Norte,MA,Nordeste,280,3600.08,12.86
2609303,Mirandiba,PE,Nordeste,452,3563.12,7.88
3530102,Mirandópolis,SP,Sudeste,1978,12906.55,6.53
2921401,Mirangaba,BA,Nordeste,133,2192.08,16.48
1713304,Miranorte,TO,Norte,461,4560.95,9.89
2921450,Mirante,BA,Nordeste,224,1713.37,7.65
1101302,Mirante da Serra,RO,Norte,477,5700.09,11.95
3530201,Mirante do Paranapanema,SP,Sudeste,2370,19081.0,8.05
4116000,Miraselva,PR,Sul,106,6592.53,62.19
3530300,Mirassol,SP,Sudeste,3670,32809.15,8.94
5105622,Mirassol d'Oeste,MT,Centro Oeste,2495,23562.66,9.44
3530409,Mirassolândia,SP,Sudeste,161,2693.86,16.73
3142254,Miravânia,MG,Sudeste,29,240.87,8.31
4210852,Mirim Doce,SC,Sul,116,1899.21,16.37
2106805,Mirinzal,MA,Nordeste,72,894.51,12.42
4116059,Missal,PR,Sul,1722,21758.16,12.64
2308401,Missão Velha,CE,Nordeste,596,11052.49,18.54
1504604,Mocajuba,PA,Norte,279,2974.0,10.66
3530508,Mococa,SP,Sudeste,2744,21981.54,8.01
4210902,Modelo,SC,Sul,199,14100.11,70.85
3142304,Moeda,MG,Sudeste,145,1421.81,9.81
3142403,Moema,MG,Sudeste,290,3312.93,11.42
2509404,Mogeiro,PB,Nordeste,57,898.1,15.76
3530607,Mogi das Cruzes,SP,Sudeste,8323,73101.99,8.78
3530706,Mogi Guaçu,SP,Sudeste,4570,38692.56,8.47
3530805,Mogi Mirim,SP,Sudeste,3348,31575.1,9.43
5213400,Moiporá,GO,Centro Oeste,83,739.36,8.91
2804102,Moita Bonita,SE,Nordeste,172,1819.51,10.58
1504703,Moju,PA,Norte,839,14534.51,17.32
1504752,Mojuí dos Campos,PA,Norte,52,551.5,10.61
2308500,Mombaça,CE,Nordeste,863,12564.82,14.56
3530904,Mombuca,SP,Sudeste,173,1403.35,8.11
2106904,Monção,MA,Nordeste,110,1145.99,10.42
3531001,Monções,SP,Sudeste,158,1406.16,8.9
4211009,Mondaí,SC,Sul,631,8399.55,13.31
3531100,Mongaguá,SP,Sudeste,392,2829.11,7.22
3142502,Monjolos,MG,Sudeste,29,451.88,15.58
2206407,Monsenhor Gil,PI,Nordeste,127,1385.1,10.91
2206506,Monsenhor Hipólito,PI,Nordeste,165,989.96,6.0
3142601,Monsenhor Paulo,MG,Sudeste,207,1931.91,9.33
2308609,Monsenhor Tabosa,CE,Nordeste,118,2368.3,20.07
2509503,Montadas,PB,Nordeste,26,196.6,7.56
3142700,Montalvânia,MG,Sudeste,237,2211.06,9.33
3203502,Montanha,ES,Sudeste,708,11070.75,15.64
2407708,Montanhas,RN,Nordeste,157,1189.69,7.58
4312351,Montauri,RS,Sul,115,1214.6,10.56
2407807,Monte Alegre,RN,Nordeste,441,6727.85,15.26
1504802,Monte Alegre,PA,Norte,944,8460.51,8.96
5213509,Monte Alegre de Goiás,GO,Centro Oeste,34,348.43,10.25
3142809,Monte Alegre de Minas,MG,Sudeste,651,7105.11,10.91
2804201,Monte Alegre de Sergipe,SE,Nordeste,126,1351.3,10.72
2206605,Monte Alegre do Piauí,PI,Nordeste,92,1216.96,13.23
3531209,Monte Alegre do Sul,SP,Sudeste,290,3368.3,11.61
4312377,Monte Alegre dos Campos,RS,Sul,58,712.18,12.28
3531308,Monte Alto,SP,Sudeste,2702,22736.86,8.41
3531407,Monte Aprazível,SP,Sudeste,1209,16046.38,13.27
3142908,Monte Azul,MG,Sudeste,756,11112.7,14.7
3531506,Monte Azul Paulista,SP,Sudeste,744,9521.96,12.8
3143005,Monte Belo,MG,Sudeste,324,2198.4,6.79
4312385,Monte Belo do Sul,RS,Sul,200,2335.82,11.68
4211058,Monte Carlo,SC,Sul,87,1236.44,14.21
3143104,Monte Carmelo,MG,Sudeste,1680,26769.04,15.93
4211108,Monte Castelo,SC,Sul,101,1483.94,14.69
3531605,Monte Castelo,SP,Sudeste,267,3081.01,11.54
2407906,Monte das Gameleiras,RN,Nordeste,47,466.43,9.92
1713601,Monte do Carmo,TO,Norte,115,1383.61,12.03
3143153,Monte Formoso,MG,Sudeste,15,175.18,11.68
2509602,Monte Horebe,PB,Nordeste,43,320.94,7.46
3531803,Monte Mor,SP,Sudeste,1359,11982.52,8.82
1101401,Monte Negro,RO,Norte,519,4824.16,9.3
2921500,Monte Santo,BA,Nordeste,605,3978.15,6.58
3143203,Monte Santo de Minas,MG,Sudeste,557,5045.73,9.06
1713700,Monte Santo do Tocantins,TO,Norte,54,777.55,14.4
3143401,Monte Sião,MG,Sudeste,814,23000.67,28.26
2509701,Monteiro,PB,Nordeste,579,5678.91,9.81
3531704,Monteiro Lobato,SP,Sudeste,94,5448.26,57.96
2705408,Monteirópolis,AL,Nordeste,48,794.46,16.55
4312401,Montenegro,RS,Sul,3157,26474.24,8.39
2107001,Montes Altos,MA,Nordeste,232,2079.27,8.96
3143302,Montes Claros,MG,Sudeste,10058,131640.36,13.09
5213707,Montes Claros de Goiás,GO,Centro Oeste,472,6152.18,13.03
3143450,Montezuma,MG,Sudeste,63,386.75,6.14
5213756,Montividiu,GO,Centro Oeste,258,5898.13,22.86
5213772,Montividiu do Norte,GO,Centro Oeste,33,448.25,13.58
2308708,Morada Nova,CE,Nordeste,1291,18816.91,14.58
3143500,Morada Nova de Minas,MG,Sudeste,500,5907.52,11.82
2308807,Moraújo,CE,Nordeste,73,878.24,12.03
2614303,Moreilândia,PE,Nordeste,158,1007.41,6.38
4116109,Moreira Sales,PR,Sul,431,6587.57,15.28
2609402,Moreno,PE,Nordeste,594,6002.06,10.1
4312427,Mormaço,RS,Sul,140,1415.2,10.11
2921609,Morpará,BA,Nordeste,132,852.51,6.46
4116208,Morretes,PR,Sul,242,2597.92,10.74
5213806,Morrinhos,GO,Centro Oeste,1920,26752.11,13.93
2308906,Morrinhos,CE,Nordeste,166,1487.61,8.96
4312443,Morrinhos do Sul,RS,Sul,111,1161.46,10.46
3531902,Morro Agudo,SP,Sudeste,1384,16766.26,12.11
5213855,Morro Agudo de Goiás,GO,Centro Oeste,55,701.66,12.76
2206654,Morro Cabeça no Tempo,PI,Nordeste,18,143.37,7.96
4211207,Morro da Fumaça,SC,Sul,451,5158.71,11.44
3143609,Morro da Garça,MG,Sudeste,53,888.12,16.76
2921708,Morro do Chapéu,BA,Nordeste,469,10790.5,23.01
2206670,Morro do Chapéu do Piauí,PI,Nordeste,83,702.03,8.46
3143708,Morro do Pilar,MG,Sudeste,17,232.24,13.66
4211256,Morro Grande,SC,Sul,62,1699.88,27.42
4312450,Morro Redondo,RS,Sul,257,1564.86,6.09
4312476,Morro Reuter,RS,Sul,586,4462.69,7.62
2107100,Morros,MA,Nordeste,234,7934.81,33.91
2921807,Mortugaba,BA,Nordeste,437,2663.76,6.1
3532009,Morungaba,SP,Sudeste,277,3684.98,13.3
5213905,Mossâmedes,GO,Centro Oeste,151,2958.88,19.6
2408003,Mossoró,RN,Nordeste,20590,158284.1,7.69
4312500,Mostardas,RS,Sul,292,5013.27,17.17
3532058,Motuca,SP,Sudeste,126,849.14,6.74
5214002,Mozarlândia,GO,Centro Oeste,764,7956.42,10.41
1504901,Muaná,PA,Norte,156,1296.09,8.31
1400308,Mucajaí,RR,Norte,131,1970.64,15.04
2309003,Mucambo,CE,Nordeste,187,4536.31,24.26
2921906,Mucugê,BA,Nordeste,263,2334.53,8.88
4312609,Muçum,RS,Sul,242,2481.49,10.25
2922003,Mucuri,BA,Nordeste,1278,10352.28,8.1
3203601,Mucurici,ES,Sudeste,159,4784.67,30.09
4312617,Muitos Capões,RS,Sul,121,1894.12,15.65
4312625,Muliterno,RS,Sul,80,706.27,8.83
2309102,Mulungu,CE,Nordeste,97,708.1,7.3
2509800,Mulungu,PB,Nordeste,84,1706.72,20.32
2922052,Mulungu do Morro,BA,Nordeste,110,776.05,7.06
2922102,Mundo Novo,BA,Nordeste,186,2424.09,13.03
5005681,Mundo Novo,MS,Centro Oeste,1578,17926.8,11.36
5214051,Mundo Novo,GO,Centro Oeste,206,2044.02,9.92
3143807,Munhoz,MG,Sudeste,144,3984.52,27.67
4116307,Munhoz de Melo,PR,Sul,212,10356.5,48.85
2922201,Muniz Ferreira,BA,Nordeste,97,783.5,8.08
3203700,Muniz Freire,ES,Sudeste,503,7380.55,14.67
2922250,Muquém do São Francisco,BA,Nordeste,192,1753.1,9.13
3203809,Muqui,ES,Sudeste,445,4364.2,9.81
3143906,Muriaé,MG,Sudeste,6036,62044.4,10.28
2804300,Muribeca,SE,Nordeste,28,539.94,19.28
2705507,Murici,AL,Nordeste,404,3977.39,9.85
2206696,Murici dos Portelas,PI,Nordeste,54,358.75,6.64
1713957,Muricilândia,TO,Norte,39,355.62,9.12
2922300,Muritiba,BA,Nordeste,359,3204.59,8.93
3532108,Murutinga do Sul,SP,Sudeste,353,2413.82,6.84
2922409,Mutuípe,BA,Nordeste,374,3593.83,9.61
3144003,Mutum,MG,Sudeste,800,8125.69,10.16
5214101,Mutunópolis,GO,Centro Oeste,112,984.03,8.79
3144102,Muzambinho,MG,Sudeste,584,7523.44,12.88
3144201,Nacip Raydan,MG,Sudeste,60,346.0,5.77
3532157,Nantes,SP,Sudeste,99,797.46,8.06
3144300,Nanuque,MG,Sudeste,705,12909.43,18.31
4312658,Não-Me-Toque,RS,Sul,1077,8516.55,7.91
3144359,Naque,MG,Sudeste,255,2772.18,10.87
3532207,Narandiba,SP,Sudeste,272,6788.32,24.96
2408102,Natal,RN,Nordeste,21653,189466.59,8.75
3144375,Natalândia,MG,Sudeste,81,631.58,7.8
3144409,Natércia,MG,Sudeste,121,1384.88,11.45
3303104,Natividade,RJ,Sudeste,719,5712.73,7.95
1714203,Natividade,TO,Norte,288,3647.93,12.67
3532306,Natividade da Serra,SP,Sudeste,53,362.67,6.84
2509909,Natuba,PB,Nordeste,12,88.16,7.35
4211306,Navegantes,SC,Sul,2038,17321.61,8.5
5005707,Naviraí,MS,Centro Oeste,4664,48459.85,10.39
1714302,Nazaré,TO,Norte,71,825.18,11.62
2922508,Nazaré,BA,Nordeste,301,2649.13,8.8
2609501,Nazaré da Mata,PE,Nordeste,415,4928.12,11.87
2206704,Nazaré do Piauí,PI,Nordeste,148,1376.81,9.3
3532405,Nazaré Paulista,SP,Sudeste,275,2253.23,8.19
3144508,Nazareno,MG,Sudeste,159,1968.02,12.38
2510006,Nazarezinho,PB,Nordeste,144,1250.44,8.68
2206720,Nazária,PI,Nordeste,26,537.1,20.66
5214408,Nazário,GO,Centro Oeste,251,2757.91,10.99
2804409,Neópolis,SE,Nordeste,117,7086.39,60.57
3144607,Nepomuceno,MG,Sudeste,612,4642.66,7.59
5214507,Nerópolis,GO,Centro Oeste,751,8237.88,10.97
3532504,Neves Paulista,SP,Sudeste,399,5342.08,13.39
1303007,Nhamundá,AM,Norte,14,121.8,8.7
3532603,Nhandeara,SP,Sudeste,842,6858.61,8.15
4312674,Nicolau Vergueiro,RS,Sul,75,1125.55,15.01
2922607,Nilo Peçanha,BA,Nordeste,82,685.21,8.36
3303203,Nilópolis,RJ,Sudeste,628,5419.78,8.63
2107209,Nina Rodrigues,MA,Nordeste,75,639.56,8.53
3144656,Ninheira,MG,Sudeste,107,1148.62,10.73
5005806,Nioaque,MS,Centro Oeste,861,8349.46,9.7
3532702,Nipoã,SP,Sudeste,439,5683.16,12.95
5214606,Niquelândia,GO,Centro Oeste,1005,13661.07,13.59
2408201,Nísia Floresta,RN,Nordeste,1469,15919.5,10.84
3303302,Niterói,RJ,Sudeste,11273,85492.3,7.58
5105903,Nobres,MT,Centro Oeste,1276,28051.48,21.98
4312708,Nonoai,RS,Sul,508,5800.43,11.42
2922656,Nordestina,BA,Nordeste,156,1243.48,7.97
1400407,Normandia,RR,Norte,9,102.1,11.34
5106000,Nortelândia,MT,Centro Oeste,353,4930.14,13.97
2804458,Nossa Senhora Aparecida,SE,Nordeste,52,479.42,9.22
2804508,Nossa Senhora da Glória,SE,Nordeste,560,8060.32,14.39
2804607,Nossa Senhora das Dores,SE,Nordeste,214,2220.12,10.37
4116406,Nossa Senhora das Graças,PR,Sul,203,2859.85,14.09
2804706,Nossa Senhora de Lourdes,SE,Nordeste,77,756.06,9.82
2206753,Nossa Senhora de Nazaré,PI,Nordeste,111,720.98,6.5
5106109,Nossa Senhora do Livramento,MT,Centro Oeste,533,19898.1,37.33
2804805,Nossa Senhora do Socorro,SE,Nordeste,1229,14319.31,11.65
2206803,Nossa Senhora dos Remédios,PI,Nordeste,45,402.25,8.94
3532801,Nova Aliança,SP,Sudeste,249,2701.94,10.85
4116505,Nova Aliança do Ivaí,PR,Sul,79,5949.49,75.31
4312757,Nova Alvorada,RS,Sul,238,2458.59,10.33
5006002,Nova Alvorada do Sul,MS,Centro Oeste,1370,17766.91,12.97
5214705,Nova América,GO,Centro Oeste,69,529.61,7.68
4116604,Nova América da Colina,PR,Sul,80,872.73,10.91
5006200,Nova Andradina,MS,Centro Oeste,4443,40196.48,9.05
4312807,Nova Araçá,RS,Sul,348,4373.22,12.57
5214804,Nova Aurora,GO,Centro Oeste,79,3052.45,38.64
4116703,Nova Aurora,PR,Sul,1263,29715.13,23.53
5106158,Nova Bandeirantes,MT,Centro Oeste,666,7166.65,10.76
4312906,Nova Bassano,RS,Sul,644,7944.79,12.34
3144672,Nova Belém,MG,Sudeste,115,1019.08,8.86
4312955,Nova Boa Vista,RS,Sul,212,1731.94,8.17
5106208,Nova Brasilândia,MT,Centro Oeste,155,1349.69,8.71
1100148,Nova Brasilândia D'Oeste,RO,Norte,691,6838.29,9.9
4313003,Nova Bréscia,RS,Sul,305,4403.02,14.44
3532827,Nova Campina,SP,Sudeste,41,996.45,24.3
2922706,Nova Canaã,BA,Nordeste,119,1110.39,9.33
5106216,Nova Canaã do Norte,MT,Centro Oeste,895,7928.96,8.86
3532843,Nova Canaã Paulista,SP,Sudeste,143,1181.61,8.26
4313011,Nova Candelária,RS,Sul,446,3793.51,8.51
4116802,Nova Cantu,PR,Sul,211,2987.76,14.16
3532868,Nova Castilho,SP,Sudeste,88,843.97,9.59
2107258,Nova Colinas,MA,Nordeste,63,980.07,15.56
5214838,Nova Crixás,GO,Centro Oeste,441,20602.02,46.72
2408300,Nova Cruz,RN,Nordeste,623,6114.86,9.82
3144706,Nova Era,MG,Sudeste,307,3515.72,11.45
4211405,Nova Erechim,SC,Sul,253,6457.22,25.52
4116901,Nova Esperança,PR,Sul,1348,26084.77,19.35
1504950,Nova Esperança do Piriá,PA,Norte,125,1512.77,12.1
4116950,Nova Esperança do Sudoeste,PR,Sul,341,4935.37,14.47
4313037,Nova Esperança do Sul,RS,Sul,404,2212.98,5.48
3532900,Nova Europa,SP,Sudeste,364,2224.48,6.11
4117008,Nova Fátima,PR,Sul,147,2125.2,14.46
2922730,Nova Fátima,BA,Nordeste,97,1036.73,10.69
2510105,Nova Floresta,PB,Nordeste,65,781.46,12.02
3303401,Nova Friburgo,RJ,Sudeste,4293,51033.21,11.89
5214861,Nova Glória,GO,Centro Oeste,273,2831.05,10.37
3533007,Nova Granada,SP,Sudeste,1142,15079.89,13.2
5108808,Nova Guarita,MT,Centro Oeste,457,4715.75,10.32
3533106,Nova Guataporanga,SP,Sudeste,131,887.05,6.77
4313060,Nova Hartz,RS,Sul,1388,10565.18,7.61
2922755,Nova Ibiá,BA,Nordeste,84,781.09,9.3
3303500,Nova Iguaçu,RJ,Sudeste,4033,38663.49,9.59
5214879,Nova Iguaçu de Goiás,GO,Centro Oeste,140,1168.43,8.35
3533205,Nova Independência,SP,Sudeste,224,1446.05,6.46
2107308,Nova Iorque,MA,Nordeste,65,500.59,7.7
1504976,Nova Ipixuna,PA,Norte,222,2672.83,12.04
4211454,Nova Itaberaba,SC,Sul,287,7192.13,25.06
2922805,Nova Itarana,BA,Nordeste,45,428.78,9.53
5106182,Nova Lacerda,MT,Centro Oeste,401,9230.26,23.02
4117057,Nova Laranjeiras,PR,Sul,197,2776.91,14.1
3144805,Nova Lima,MG,Sudeste,3493,31401.97,8.99
4117107,Nova Londrina,PR,Sul,834,17009.07,20.39
3533304,Nova Luzitânia,SP,Sudeste,306,1338.47,4.37
1100338,Nova Mamoré,RO,Norte,485,5548.8,11.44
5108857,Nova Marilândia,MT,Centro Oeste,239,7213.6,30.18
5108907,Nova Maringá,MT,Centro Oeste,312,6773.4,21.71
3144904,Nova Módica,MG,Sudeste,101,897.31,8.88
5108956,Nova Monte Verde,MT,Centro Oeste,481,6364.48,13.23
5106224,Nova Mutum,MT,Centro Oeste,3715,69502.91,18.71
5106174,Nova Nazaré,MT,Centro Oeste,135,1416.41,10.49
3533403,Nova Odessa,SP,Sudeste,2094,16051.19,7.67
4117206,Nova Olímpia,PR,Sul,244,3274.52,13.42
5106232,Nova Olímpia,MT,Centro Oeste,903,7270.12,8.05
1714880,Nova Olinda,TO,Norte,222,4203.31,18.93
2510204,Nova Olinda,PB,Nordeste,90,629.07,6.99
2309201,Nova Olinda,CE,Nordeste,144,3797.37,26.37
2107357,Nova Olinda do Maranhão,MA,Nordeste,88,1259.87,14.32
1303106,Nova Olinda do Norte,AM,Norte,6,191.15,31.86
4313086,Nova Pádua,RS,Sul,244,3836.6,15.72
4313102,Nova Palma,RS,Sul,268,1944.28,7.25
2510303,Nova Palmeira,PB,Nordeste,59,470.44,7.97
4313201,Nova Petrópolis,RS,Sul,1465,12779.23,8.72
3145000,Nova Ponte,MG,Sudeste,421,13876.6,32.96
3145059,Nova Porteirinha,MG,Sudeste,903,15578.7,17.25
4313300,Nova Prata,RS,Sul,1138,12537.44,11.02
4117255,Nova Prata do Iguaçu,PR,Sul,862,12677.92,14.71
4313334,Nova Ramada,RS,Sul,105,1362.89,12.98
2922854,Nova Redenção,BA,Nordeste,82,681.22,8.31
3145109,Nova Resende,MG,Sudeste,676,10280.76,15.21
5214903,Nova Roma,GO,Centro Oeste,23,258.28,11.23
4313359,Nova Roma do Sul,RS,Sul,315,6546.73,20.78
1715002,Nova Rosalândia,TO,Norte,107,9731.9,90.95
2309300,Nova Russas,CE,Nordeste,823,9010.84,10.95
4117214,Nova Santa Bárbara,PR,Sul,93,994.51,10.69
5106190,Nova Santa Helena,MT,Centro Oeste,293,5878.12,20.06
4313375,Nova Santa Rita,RS,Sul,1237,10262.11,8.3
2207959,Nova Santa Rita,PI,Nordeste,56,427.57,7.64
4117222,Nova Santa Rosa,PR,Sul,1171,23845.21,20.36
3145208,Nova Serrana,MG,Sudeste,2171,33647.07,15.5
2922904,Nova Soure,BA,Nordeste,455,5012.07,11.02
4117271,Nova Tebas,PR,Sul,150,1940.2,12.93
1505007,Nova Timboteua,PA,Norte,171,1514.67,8.86
4211504,Nova Trento,SC,Sul,454,4231.03,9.32
5106240,Nova Ubiratã,MT,Centro Oeste,539,32287.85,59.9
1101435,Nova União,RO,Norte,379,3307.88,8.73
3136603,Nova União,MG,Sudeste,110,2215.4,20.14
3203908,Nova Venécia,ES,Sudeste,2664,35483.46,13.32
5215009,Nova Veneza,GO,Centro Oeste,313,3396.13,10.85
4211603,Nova Veneza,SC,Sul,199,3394.42,17.06
2923001,Nova Viçosa,BA,Nordeste,1244,9330.74,7.5
5106257,Nova Xavantina,MT,Centro Oeste,1820,34357.45,18.88
3533254,Novais,SP,Sudeste,138,1219.7,8.84
1715101,Novo Acordo,TO,Norte,65,836.45,12.87
1303205,Novo Airão,AM,Norte,41,712.3,17.37
1715150,Novo Alegre,TO,Norte,55,613.7,11.16
1303304,Novo Aripuanã,AM,Norte,1,10.0,10.0
4313490,Novo Barreiro,RS,Sul,219,1654.89,7.56
5215207,Novo Brasil,GO,Centro Oeste,179,1630.64,9.11
4313391,Novo Cabrais,RS,Sul,303,2725.64,9.0
3145307,Novo Cruzeiro,MG,Sudeste,220,4356.86,19.8
5215231,Novo Gama,GO,Centro Oeste,311,3553.67,11.43
4313409,Novo Hamburgo,RS,Sul,9509,80788.33,8.5
4211652,Novo Horizonte,SC,Sul,90,1361.63,15.13
3533502,Novo Horizonte,SP,Sudeste,2910,23782.37,8.17
2923035,Novo Horizonte,BA,Nordeste,316,2705.67,8.56
5106273,Novo Horizonte do Norte,MT,Centro Oeste,281,2930.11,10.43
1100502,Novo Horizonte do Oeste,RO,Norte,261,5160.54,19.77
5006259,Novo Horizonte do Sul,MS,Centro Oeste,434,6285.39,14.48
4117297,Novo Itacolomi,PR,Sul,151,3272.97,21.68
1715259,Novo Jardim,TO,Norte,25,222.77,8.91
2705606,Novo Lino,AL,Nordeste,47,473.2,10.07
4313425,Novo Machado,RS,Sul,239,1937.29,8.11
5106265,Novo Mundo,MT,Centro Oeste,333,4528.23,13.6
2309409,Novo Oriente,CE,Nordeste,553,4343.32,7.85
3145356,Novo Oriente de Minas,MG,Sudeste,109,952.76,8.74
2206902,Novo Oriente do Piauí,PI,Nordeste,131,2830.05,21.6
5215256,Novo Planalto,GO,Centro Oeste,203,4328.34,21.32
1505031,Novo Progresso,PA,Norte,997,14600.87,14.64
1505064,Novo Repartimento,PA,Norte,749,7251.97,9.68
2206951,Novo Santo Antônio,PI,Nordeste,64,734.87,11.48
5106315,Novo Santo Antônio,MT,Centro Oeste,83,716.97,8.64
5106281,Novo São Joaquim,MT,Centro Oeste,504,10297.01,20.43
4313441,Novo Tiradentes,RS,Sul,70,899.08,12.84
2923050,Novo Triunfo,BA,Nordeste,139,1062.09,7.64
4313466,Novo Xingu,RS,Sul,152,1851.79,12.18
3145372,Novorizonte,MG,Sudeste,53,552.77,10.43
3533601,Nuporanga,SP,Sudeste,303,6484.94,21.4
1505106,Óbidos,PA,Norte,503,5973.99,11.88
2309458,Ocara,CE,Nordeste,214,2864.3,13.38
3533700,Ocauçu,SP,Sudeste,212,1812.53,8.55
2207009,Oeiras,PI,Nordeste,1600,16864.89,10.54
1505205,Oeiras do Pará,PA,Norte,175,1496.38,8.55
1600501,Oiapoque,AP,Norte,114,2354.07,20.65
3145406,Olaria,MG,Sudeste,17,218.18,12.83
3533809,Óleo,SP,Sudeste,29,385.01,13.28
2510402,Olho d'Água,PB,Nordeste,82,625.63,7.63
2107407,Olho d'Água das Cunhãs,MA,Nordeste,345,2965.05,8.59
2705705,Olho d'Água das Flores,AL,Nordeste,286,3213.93,11.24
2408409,Olho d'Água do Borges,RN,Nordeste,201,1509.75,7.51
2705804,Olho d'Água do Casado,AL,Nordeste,96,640.12,6.67
2207108,Olho D'Água do Piauí,PI,Nordeste,35,259.8,7.42
2705903,Olho d'Água Grande,AL,Nordeste,36,217.68,6.05
3145455,Olhos-d'Água,MG,Sudeste,50,420.77,8.42
3533908,Olímpia,SP,Sudeste,3709,32197.6,8.68
3145505,Olímpio Noronha,MG,Sudeste,17,295.52,17.38
2609600,Olinda,PE,Nordeste,4746,40247.64,8.48
2107456,Olinda Nova do Maranhão,MA,Nordeste,66,558.99,8.47
2923100,Olindina,BA,Nordeste,254,2197.6,8.65
2510501,Olivedos,PB,Nordeste,25,387.05,15.48
3145604,Oliveira,MG,Sudeste,712,7633.43,10.72
1715507,Oliveira de Fátima,TO,Norte,33,347.53,10.53
2923209,Oliveira dos Brejinhos,BA,Nordeste,704,10512.86,14.93
3145703,Oliveira Fortes,MG,Sudeste,16,119.38,7.46
2706000,Olivença,AL,Nordeste,82,826.47,10.08
3145802,Onça de Pitangui,MG,Sudeste,747,6119.55,8.19
3534005,Onda Verde,SP,Sudeste,177,1783.24,10.07
3145851,Oratórios,MG,Sudeste,44,627.21,14.25
3534104,Oriente,SP,Sudeste,200,2098.35,10.49
3534203,Orindiúva,SP,Sudeste,449,3845.39,8.56
1505304,Oriximiná,PA,Norte,842,7785.12,9.25
3145877,Orizânia,MG,Sudeste,148,881.0,5.95
5215306,Orizona,GO,Centro Oeste,571,16258.09,28.47
3534302,Orlândia,SP,Sudeste,1689,15997.64,9.47
4211702,Orleans,SC,Sul,627,10637.54,16.97
2609709,Orobó,PE,Nordeste,222,2288.46,10.31
2609808,Orocó,PE,Nordeste,155,2258.88,14.57
2309508,Orós,CE,Nordeste,336,3073.38,9.15
4117305,Ortigueira,PR,Sul,241,4045.92,16.79
3534401,Osasco,SP,Sudeste,1389,16973.09,12.22
3534500,Oscar Bressane,SP,Sudeste,130,1304.88,10.04
4313508,Osório,RS,Sul,1919,17547.31,9.14
3534609,Osvaldo Cruz,SP,Sudeste,1592,15140.03,9.51
4211751,Otacílio Costa,SC,Sul,228,2811.8,12.33
1505403,Ourém,PA,Norte,172,2170.34,12.62
2923308,Ouriçangas,BA,Nordeste,33,304.03,9.21
2609907,Ouricuri,PE,Nordeste,1368,11900.58,8.7
1505437,Ourilândia do Norte,PA,Norte,684,6837.92,10.0
3534708,Ourinhos,SP,Sudeste,3433,25353.08,7.39
4117404,Ourizona,PR,Sul,174,1916.18,11.01
4211801,Ouro,SC,Sul,374,7049.92,18.85
3145901,Ouro Branco,MG,Sudeste,738,6859.32,9.29
2408508,Ouro Branco,RN,Nordeste,282,2270.61,8.05
2706109,Ouro Branco,AL,Nordeste,93,3870.4,41.62
3146008,Ouro Fino,MG,Sudeste,1143,13755.75,12.03
3146107,Ouro Preto,MG,Sudeste,955,10531.84,11.03
1100155,Ouro Preto do Oeste,RO,Norte,1602,16406.36,10.24
2510600,Ouro Velho,PB,Nordeste,63,655.57,10.41
3534807,Ouro Verde,SP,Sudeste,360,7772.79,21.59
4211850,Ouro Verde,SC,Sul,68,1314.8,19.34
5215405,Ouro Verde de Goiás,GO,Centro Oeste,153,7793.25,50.94
3146206,Ouro Verde de Minas,MG,Sudeste,81,595.47,7.35
4117453,Ouro Verde do Oeste,PR,Sul,358,7708.68,21.53
3534757,Ouroeste,SP,Sudeste,800,6993.05,8.74
2923357,Ourolândia,BA,Nordeste,250,3275.06,13.1
5215504,Ouvidor,GO,Centro Oeste,317,8184.77,25.82
3534906,Pacaembu,SP,Sudeste,657,6346.27,9.66
1505486,Pacajá,PA,Norte,306,3844.05,12.56
2309607,Pacajus,CE,Nordeste,1308,17706.01,13.54
1400456,Pacaraima,RR,Norte,11,342.43,31.13
2309706,Pacatuba,CE,Nordeste,1183,11386.04,9.62
2804904,Pacatuba,SE,Nordeste,52,463.03,8.9
2107506,Paço do Lumiar,MA,Nordeste,4747,46505.39,9.8
2309805,Pacoti,CE,Nordeste,92,818.26,8.89
2309904,Pacujá,CE,Nordeste,163,978.18,6.0
5215603,Padre Bernardo,GO,Centro Oeste,360,20053.74,55.7
3146255,Padre Carvalho,MG,Sudeste,36,444.03,12.33
2207207,Padre Marcos,PI,Nordeste,98,716.61,7.31
3146305,Padre Paraíso,MG,Sudeste,118,947.94,8.03
2207306,Paes Landim,PI,Nordeste,100,820.52,8.21
3146552,Pai Pedro,MG,Sudeste,84,1597.29,19.02
4211876,Paial,SC,Sul,82,3412.69,41.62
4117503,Paiçandu,PR,Sul,1530,11721.07,7.66
4313607,Paim Filho,RS,Sul,253,3786.9,14.97
3146404,Paineiras,MG,Sudeste,173,1483.51,8.58
4211892,Painel,SC,Sul,31,307.38,9.92
3146503,Pains,MG,Sudeste,204,14159.57,69.41
3146602,Paiva,MG,Sudeste,28,248.21,8.86
2207355,Pajeú do Piauí,PI,Nordeste,45,347.12,7.71
2706208,Palestina,AL,Nordeste,38,280.61,7.38
3535002,Palestina,SP,Sudeste,681,6062.88,8.9
5215652,Palestina de Goiás,GO,Centro Oeste,75,982.97,13.11
1505494,Palestina do Pará,PA,Norte,74,872.66,11.79
2310001,Palhano,CE,Nordeste,175,1568.68,8.96
4211900,Palhoça,SC,Sul,3830,29299.81,7.65
3146701,Palma,MG,Sudeste,136,1145.29,8.42
4212007,Palma Sola,SC,Sul,285,3158.35,11.08
2310100,Palmácia,CE,Nordeste,40,349.53,8.74
2610004,Palmares,PE,Nordeste,965,8746.0,9.06
4313656,Palmares do Sul,RS,Sul,243,3240.02,13.33
3535101,Palmares Paulista,SP,Sudeste,493,2089.42,4.24
4117602,Palmas,PR,Sul,440,8130.06,18.48
1721000,Palmas,TO,Norte,21897,205791.46,9.4
2923407,Palmas de Monte Alto,BA,Nordeste,1243,7838.39,6.31
4117701,Palmeira,PR,Sul,999,12528.7,12.54
4212056,Palmeira,SC,Sul,38,1969.58,51.83
4313706,Palmeira das Missões,RS,Sul,1232,12141.17,9.85
2207405,Palmeira do Piauí,PI,Nordeste,91,869.43,9.55
3535200,Palmeira d'Oeste,SP,Sudeste,712,6218.87,8.73
2706307,Palmeira dos Índios,AL,Nordeste,1247,13192.56,10.58
2207504,Palmeirais,PI,Nordeste,144,1324.27,9.2
2107605,Palmeirândia,MA,Nordeste,81,766.75,9.47
1715705,Palmeirante,TO,Norte,54,878.55,16.27
2923506,Palmeiras,BA,Nordeste,230,4978.44,21.65
5215702,Palmeiras de Goiás,GO,Centro Oeste,1805,18545.63,10.27
1713809,Palmeiras do Tocantins,TO,Norte,107,1469.48,13.73
2610103,Palmeirina,PE,Nordeste,91,484.92,5.33
1715754,Palmeirópolis,TO,Norte,291,2783.2,9.56
5215801,Palmelo,GO,Centro Oeste,54,992.39,18.38
5215900,Palminópolis,GO,Centro Oeste,200,2665.64,13.33
4117800,Palmital,PR,Sul,200,2071.32,10.36
3535309,Palmital,SP,Sudeste,984,7129.83,7.25
4313805,Palmitinho,RS,Sul,511,5173.64,10.12
4212106,Palmitos,SC,Sul,1021,30596.04,29.97
3146750,Palmópolis,MG,Sudeste,30,187.82,6.26
4117909,Palotina,PR,Sul,3798,61337.46,16.15
5216007,Panamá,GO,Centro Oeste,93,2403.55,25.84
4313904,Panambi,RS,Sul,1879,14113.39,7.51
3204005,Pancas,ES,Sudeste,856,12574.53,14.69
2610202,Panelas,PE,Nordeste,266,1761.71,6.62
3535408,Panorama,SP,Sudeste,891,7785.56,8.74
4313953,Pantano Grande,RS,Sul,317,5911.75,18.65
2706406,Pão de Açúcar,AL,Nordeste,393,3296.97,8.39
3146909,Papagaios,MG,Sudeste,376,19422.65,51.66
4212205,Papanduva,SC,Sul,449,5591.2,12.45
2207553,Paquetá,PI,Nordeste,59,476.0,8.07
3147105,Pará de Minas,MG,Sudeste,2639,41815.56,15.85
3303609,Paracambi,RJ,Sudeste,396,6002.45,15.16
3147006,Paracatu,MG,Sudeste,3004,79761.34,26.55
2310209,Paracuru,CE,Nordeste,785,9305.06,11.85
1505502,Paragominas,PA,Norte,3884,45262.93,11.65
3147204,Paraguaçu,MG,Sudeste,737,10079.25,13.68
3535507,Paraguaçu Paulista,SP,Sudeste,1658,14234.69,8.59
4314001,Paraí,RS,Sul,630,9206.09,14.61
3303708,Paraíba do Sul,RJ,Sudeste,539,16611.48,30.82
2107704,Paraibano,MA,Nordeste,391,7332.26,18.75
3535606,Paraibuna,SP,Sudeste,371,3001.46,8.09
2310258,Paraipaba,CE,Nordeste,619,6008.42,9.71
3535705,Paraíso,SP,Sudeste,329,2299.44,6.99
4212239,Paraíso,SC,Sul,172,3723.14,21.65
5006275,Paraíso das Águas,MS,Centro Oeste,370,9205.09,24.88
4118006,Paraíso do Norte,PR,Sul,850,12140.45,14.28
4314027,Paraíso do Sul,RS,Sul,639,4520.66,7.07
1716109,Paraíso do Tocantins,TO,Norte,2546,24529.71,9.63
3147303,Paraisópolis,MG,Sudeste,323,23174.88,71.75
2310308,Parambu,CE,Nordeste,302,2519.77,8.34
2923605,Paramirim,BA,Nordeste,1152,8316.64,7.22
2310407,Paramoti,CE,Nordeste,111,1214.28,10.94
2408607,Paraná,RN,Nordeste,150,1112.81,7.42
1716208,Paranã,TO,Norte,151,2046.99,13.56
4118105,Paranacity,PR,Sul,449,5079.31,11.31
4118204,Paranaguá,PR,Sul,734,8834.43,12.04
5006309,Paranaíba,MS,Centro Oeste,4221,56463.48,13.38
5216304,Paranaiguara,GO,Centro Oeste,262,2651.07,10.12
5106299,Paranaíta,MT,Centro Oeste,849,25075.98,29.54
3535804,Paranapanema,SP,Sudeste,694,13717.25,19.77
4118303,Paranapoema,PR,Sul,120,1296.13,10.8
3535903,Paranapuã,SP,Sudeste,251,2424.34,9.66
2610301,Paranatama,PE,Nordeste,172,1342.91,7.81
5106307,Paranatinga,MT,Centro Oeste,1138,18998.67,16.69
4118402,Paranavaí,PR,Sul,4947,80943.99,16.36
5006358,Paranhos,MS,Centro Oeste,292,3018.38,10.34
3147402,Paraopeba,MG,Sudeste,654,22479.95,34.37
3536000,Parapuã,SP,Sudeste,416,8762.83,21.06
2510659,Parari,PB,Nordeste,6,69.58,11.6
2923704,Paratinga,BA,Nordeste,711,4771.32,6.71
3303807,Paraty,RJ,Sudeste,494,4486.13,9.08
2408706,Paraú,RN,Nordeste,112,670.09,5.98
1505536,Parauapebas,PA,Norte,8973,82878.58,9.24
5216403,Paraúna,GO,Centro Oeste,440,5332.23,12.12
2408805,Parazinho,RN,Nordeste,84,895.06,10.66
3536109,Pardinho,SP,Sudeste,562,4052.42,7.21
4314035,Pareci Novo,RS,Sul,474,5277.92,11.13
1101450,Parecis,RO,Norte,78,708.0,9.08
2408904,Parelhas,RN,Nordeste,924,7654.79,8.28
2706422,Pariconha,AL,Nordeste,137,808.37,5.9
1303403,Parintins,AM,Norte,259,4339.17,16.75
2923803,Paripiranga,BA,Nordeste,372,3181.43,8.55
2706448,Paripueira,AL,Nordeste,688,6265.22,9.11
3536208,Pariquera-Açu,SP,Sudeste,131,1092.77,8.34
3536257,Parisi,SP,Sudeste,187,2096.94,11.21
2207603,Parnaguá,PI,Nordeste,69,627.69,9.1
2207702,Parnaíba,PI,Nordeste,5268,47288.52,8.98
2403251,Parnamirim,RN,Nordeste,12408,91949.8,7.41
2610400,Parnamirim,PE,Nordeste,412,3224.17,7.83
2107803,Parnarama,MA,Nordeste,414,4301.48,10.39
4314050,Parobé,RS,Sul,3620,23262.12,6.43
2409100,Passa e Fica,RN,Nordeste,170,1837.08,10.81
3147600,Passa Quatro,MG,Sudeste,297,2348.42,7.91
4314068,Passa Sete,RS,Sul,312,2365.64,7.58
3147709,Passa Tempo,MG,Sudeste,161,4354.05,27.04
3147808,Passa Vinte,MG,Sudeste,12,74.29,6.19
3147501,Passabém,MG,Sudeste,16,310.18,19.39
2409209,Passagem,RN,Nordeste,47,450.42,9.58
2510709,Passagem,PB,Nordeste,38,261.1,6.87
2107902,Passagem Franca,MA,Nordeste,281,2823.65,10.05
2207751,Passagem Franca do Piauí,PI,Nordeste,12,185.08,15.42
2610509,Passira,PE,Nordeste,522,6705.76,12.85
2706505,Passo de Camaragibe,AL,Nordeste,199,3409.26,17.13
4212254,Passo de Torres,SC,Sul,397,2643.59,6.66
4314076,Passo do Sobrado,RS,Sul,384,3361.65,8.75
4314100,Passo Fundo,RS,Sul,7032,63788.87,9.07
3147907,Passos,MG,Sudeste,4863,46913.11,9.65
4212270,Passos Maia,SC,Sul,99,1529.48,15.45
2108009,Pastos Bons,MA,Nordeste,269,4678.42,17.39
3147956,Patis,MG,Sudeste,40,639.84,16.0
4118451,Pato Bragado,PR,Sul,890,12385.04,13.92
4118501,Pato Branco,PR,Sul,2707,33408.16,12.34
2510808,Patos,PB,Nordeste,5466,44129.25,8.07
3148004,Patos de Minas,MG,Sudeste,5282,70926.2,13.43
2207777,Patos do Piauí,PI,Nordeste,77,611.56,7.94
3148103,Patrocínio,MG,Sudeste,2509,38378.06,15.3
3148202,Patrocínio do Muriaé,MG,Sudeste,238,3612.62,15.18
3536307,Patrocínio Paulista,SP,Sudeste,342,8474.48,24.78
2409308,Patu,RN,Nordeste,479,3313.24,6.92
3303856,Paty do Alferes,RJ,Sudeste,509,13015.86,25.57
2923902,Pau Brasil,BA,Nordeste,103,762.93,7.41
1505551,Pau D'Arco,PA,Norte,170,3423.92,20.14
1716307,Pau D'Arco,TO,Norte,98,1071.04,10.93
2207793,Pau D'Arco do Piauí,PI,Nordeste,7,53.0,7.57
2409407,Pau dos Ferros,RN,Nordeste,2464,18716.66,7.6
2610608,Paudalho,PE,Nordeste,1253,14710.81,11.74
1303502,Pauini,AM,Norte,13,193.0,14.85
3148301,Paula Cândido,MG,Sudeste,211,1632.69,7.74
4118600,Paula Freitas,PR,Sul,125,1629.72,13.04
3536406,Paulicéia,SP,Sudeste,674,4454.63,6.61
3536505,Paulínia,SP,Sudeste,4879,34926.72,7.16
2108058,Paulino Neves,MA,Nordeste,88,867.65,9.86
2510907,Paulista,PB,Nordeste,470,5102.77,10.86
2610707,Paulista,PE,Nordeste,5748,42941.64,7.47
2207801,Paulistana,PI,Nordeste,630,7800.25,12.38
3536570,Paulistânia,SP,Sudeste,131,880.63,6.72
3148400,Paulistas,MG,Sudeste,42,530.38,12.63
2924009,Paulo Afonso,BA,Nordeste,4960,30691.76,6.19
4314134,Paulo Bento,RS,Sul,179,2696.93,15.07
3536604,Paulo de Faria,SP,Sudeste,439,3156.05,7.19
4118709,Paulo Frontin,PR,Sul,209,2369.94,11.34
2706604,Paulo Jacinto,AL,Nordeste,71,580.1,8.17
4212304,Paulo Lopes,SC,Sul,317,3065.6,9.67
2108108,Paulo Ramos,MA,Nordeste,293,3729.08,12.73
3148509,Pavão,MG,Sudeste,119,1218.14,10.24
4314159,Paverama,RS,Sul,407,3709.0,9.11
2207850,Pavussu,PI,Nordeste,76,701.31,9.23
2924058,Pé de Serra,BA,Nordeste,215,1693.26,7.88
4118808,Peabiru,PR,Sul,688,6286.2,9.14
3148608,Peçanha,MG,Sudeste,150,1298.13,8.65
3536703,Pederneiras,SP,Sudeste,1422,12457.4,8.76
2610806,Pedra,PE,Nordeste,326,3305.86,10.14
3148707,Pedra Azul,MG,Sudeste,134,1402.66,10.47
3536802,Pedra Bela,SP,Sudeste,138,1613.38,11.69
3148756,Pedra Bonita,MG,Sudeste,87,512.11,5.89
2310506,Pedra Branca,CE,Nordeste,358,7959.0,22.23
2511004,Pedra Branca,PB,Nordeste,91,1362.41,14.97
1600154,Pedra Branca do Amapari,AP,Norte,48,626.23,13.05
3148806,Pedra do Anta,MG,Sudeste,67,523.18,7.81
3148905,Pedra do Indaiá,MG,Sudeste,216,18800.44,87.04
3149002,Pedra Dourada,MG,Sudeste,48,464.9,9.69
2409506,Pedra Grande,RN,Nordeste,86,788.8,9.17
2511103,Pedra Lavrada,PB,Nordeste,52,300.89,5.79
2805000,Pedra Mole,SE,Nordeste,15,92.31,6.15
2409605,Pedra Preta,RN,Nordeste,43,251.3,5.84
5106372,Pedra Preta,MT,Centro Oeste,1474,26230.49,17.8
3149101,Pedralva,MG,Sudeste,233,3678.1,15.79
3536901,Pedranópolis,SP,Sudeste,325,2935.46,9.03
2924108,Pedrão,BA,Nordeste,56,513.97,9.18
4314175,Pedras Altas,RS,Sul,16,157.14,9.82
2511202,Pedras de Fogo,PB,Nordeste,288,4546.55,15.79
3149150,Pedras de Maria da Cruz,MG,Sudeste,84,1052.15,12.53
4212403,Pedras Grandes,SC,Sul,86,1724.84,20.06
3537008,Pedregulho,SP,Sudeste,381,6731.96,17.67
3537107,Pedreira,SP,Sudeste,718,5906.74,8.23
2108207,Pedreiras,MA,Nordeste,2325,19151.59,8.24
2805109,Pedrinhas,SE,Nordeste,41,375.32,9.15
3537156,Pedrinhas Paulista,SP,Sudeste,276,2032.53,7.36
3149200,Pedrinópolis,MG,Sudeste,83,13318.98,160.47
1716505,Pedro Afonso,TO,Norte,625,6438.22,10.3
2924207,Pedro Alexandre,BA,Nordeste,64,587.23,9.18
2409704,Pedro Avelino,RN,Nordeste,111,2189.13,19.72
3204054,Pedro Canário,ES,Sudeste,554,15835.26,28.58
3537206,Pedro de Toledo,SP,Sudeste,100,930.24,9.3
2108256,Pedro do Rosário,MA,Nordeste,109,903.5,8.29
5006408,Pedro Gomes,MS,Centro Oeste,504,5012.46,9.95
2207900,Pedro II,PI,Nordeste,612,4551.52,7.44
2207934,Pedro Laurentino,PI,Nordeste,41,346.99,8.46
3149309,Pedro Leopoldo,MG,Sudeste,822,27180.28,33.07
4314209,Pedro Osório,RS,Sul,250,2091.89,8.37
2512721,Pedro Régis,PB,Nordeste,15,143.4,9.56
3149408,Pedro Teixeira,MG,Sudeste,10,67.28,6.73
2409803,Pedro Velho,RN,Nordeste,173,1548.57,8.95
1716604,Peixe,TO,Norte,312,3463.09,11.1
1505601,Peixe-Boi,PA,Norte,73,812.7,11.13
5106422,Peixoto de Azevedo,MT,Centro Oeste,1446,14699.92,10.17
4314308,Pejuçara,RS,Sul,279,1815.52,6.51
4314407,Pelotas,RS,Sul,8231,61115.09,7.42
2310605,Penaforte,CE,Nordeste,157,1459.65,9.3
2108306,Penalva,MA,Nordeste,218,2012.85,9.23
3537305,Penápolis,SP,Sudeste,4188,32572.98,7.78
2409902,Pendências,RN,Nordeste,352,3065.14,8.71
2706703,Penedo,AL,Nordeste,1083,17524.7,16.18
4212502,Penha,SC,Sul,1512,11874.12,7.85
2310704,Pentecoste,CE,Nordeste,507,6290.98,12.41
3149507,Pequeri,MG,Sudeste,36,2589.0,71.92
3149606,Pequi,MG,Sudeste,123,1841.02,14.97
1716653,Pequizeiro,TO,Norte,109,873.09,8.01
3149705,Perdigão,MG,Sudeste,428,6313.76,14.75
3149804,Perdizes,MG,Sudeste,327,5888.34,18.01
3149903,Perdões,MG,Sudeste,429,12036.96,28.06
3537404,Pereira Barreto,SP,Sudeste,1914,12438.86,6.5
3537503,Pereiras,SP,Sudeste,286,3553.24,12.42
2310803,Pereiro,CE,Nordeste,235,2737.46,11.65
2108405,Peri Mirim,MA,Nordeste,88,4109.12,46.69
3149952,Periquito,MG,Sudeste,230,1610.31,7.0
4212601,Peritiba,SC,Sul,170,2486.77,14.63
2108454,Peritoró,MA,Nordeste,268,6586.87,24.58
4118857,Perobal,PR,Sul,463,5868.16,12.67
4118907,Pérola,PR,Sul,806,7279.31,9.03
4119004,Pérola d'Oeste,PR,Sul,563,6719.84,11.94
5216452,Perolândia,GO,Centro Oeste,54,1975.57,36.58
3537602,Peruíbe,SP,Sudeste,1438,10671.4,7.42
3150000,Pescador,MG,Sudeste,108,828.29,7.67
4212650,Pescaria Brava,SC,Sul,141,1193.68,8.47
2610905,Pesqueira,PE,Nordeste,972,10998.65,11.32
2611002,Petrolândia,PE,Nordeste,1476,11365.66,7.7
4212700,Petrolândia,SC,Sul,501,5936.07,11.85
2611101,Petrolina,PE,Nordeste,27310,199620.05,7.31
5216809,Petrolina de Goiás,GO,Centro Oeste,245,2827.28,11.54
3303906,Petrópolis,RJ,Sudeste,3428,32934.42,9.61
2706802,Piaçabuçu,AL,Nordeste,260,2475.21,9.52
3537701,Piacatu,SP,Sudeste,360,6523.39,18.12
2511301,Piancó,PB,Nordeste,448,6439.88,14.37
2924306,Piatã,BA,Nordeste,221,1945.09,8.8
3150109,Piau,MG,Sudeste,50,553.85,11.08
4314423,Picada Café,RS,Sul,497,3458.01,6.96
1505635,Piçarra,PA,Norte,161,1909.27,11.86
2208007,Picos,PI,Nordeste,4366,44233.93,10.13
2511400,Picuí,PB,Nordeste,289,1908.42,6.6
3537800,Piedade,SP,Sudeste,903,10489.78,11.62
3150158,Piedade de Caratinga,MG,Sudeste,300,2711.03,9.04
3150208,Piedade de Ponte Nova,MG,Sudeste,556,11884.82,21.38
3150307,Piedade do Rio Grande,MG,Sudeste,71,608.17,8.57
3150406,Piedade dos Gerais,MG,Sudeste,86,1059.4,12.32
4119103,Piên,PR,Sul,540,5034.88,9.32
2924405,Pilão Arcado,BA,Nordeste,385,2470.52,6.42
2706901,Pilar,AL,Nordeste,559,9546.68,17.08
2511509,Pilar,PB,Nordeste,123,2335.91,18.99
5216908,Pilar de Goiás,GO,Centro Oeste,59,499.83,8.47
3537909,Pilar do Sul,SP,Sudeste,490,5401.41,11.02
2511608,Pilões,PB,Nordeste,35,382.52,10.93
2410009,Pilões,RN,Nordeste,140,867.22,6.19
2511707,Pilõezinhos,PB,Nordeste,23,275.03,11.96
3150505,Pimenta,MG,Sudeste,298,3377.86,11.34
1100189,Pimenta Bueno,RO,Norte,1508,18395.81,12.2
2208106,Pimenteiras,PI,Nordeste,115,1262.08,10.97
1101468,Pimenteiras do Oeste,RO,Norte,22,1755.07,79.78
2924504,Pindaí,BA,Nordeste,1325,7121.4,5.37
3538006,Pindamonhangaba,SP,Sudeste,2687,38826.18,14.45
2108504,Pindaré-Mirim,MA,Nordeste,544,7315.22,13.45
2707008,Pindoba,AL,Nordeste,25,331.9,13.28
2924603,Pindobaçu,BA,Nordeste,136,1102.8,8.11
3538105,Pindorama,SP,Sudeste,685,5756.13,8.4
1717008,Pindorama do Tocantins,TO,Norte,62,873.51,14.09
2310852,Pindoretama,CE,Nordeste,482,8593.22,17.83
3150539,Pingo-d'Água,MG,Sudeste,109,611.74,5.61
4119152,Pinhais,PR,Sul,1276,17197.5,13.48
4314456,Pinhal,RS,Sul,111,2089.14,18.82
4314464,Pinhal da Serra,RS,Sul,67,605.03,9.03
4119251,Pinhal de São Bento,PR,Sul,143,3435.3,24.02
4314472,Pinhal Grande,RS,Sul,239,1462.99,6.12
4119202,Pinhalão,PR,Sul,129,2120.58,16.44
4212908,Pinhalzinho,SC,Sul,974,13932.35,14.3
3538204,Pinhalzinho,SP,Sudeste,410,3978.64,9.7
4119301,Pinhão,PR,Sul,167,2946.55,17.64
2805208,Pinhão,SE,Nordeste,31,325.16,10.49
3303955,Pinheiral,RJ,Sudeste,283,8878.55,31.37
4314498,Pinheirinho do Vale,RS,Sul,310,4564.63,14.72
2108603,Pinheiro,MA,Nordeste,1070,12386.33,11.58
4314506,Pinheiro Machado,RS,Sul,97,798.06,8.23
4213005,Pinheiro Preto,SC,Sul,107,2814.1,26.3
3204104,Pinheiros,ES,Sudeste,787,23702.8,30.12
2924652,Pintadas,BA,Nordeste,142,1184.13,8.34
4314548,Pinto Bandeira,RS,Sul,185,2868.07,15.5
3150570,Pintópolis,MG,Sudeste,56,348.78,6.23
2208205,Pio IX,PI,Nordeste,258,1783.09,6.91
2108702,Pio XII,MA,Nordeste,282,3189.79,11.31
3538303,Piquerobi,SP,Sudeste,246,6916.33,28.12
2310902,Piquet Carneiro,CE,Nordeste,295,2380.11,8.07
3538501,Piquete,SP,Sudeste,110,789.66,7.18
3538600,Piracaia,SP,Sudeste,621,5145.62,8.29
5217104,Piracanjuba,GO,Centro Oeste,838,11785.35,14.06
3150604,Piracema,MG,Sudeste,140,2125.51,15.18
3538709,Piracicaba,SP,Sudeste,9471,87369.06,9.22
2208304,Piracuruca,PI,Nordeste,1168,9679.97,8.29
3304003,Piraí,RJ,Sudeste,306,11356.99,37.11
2924678,Piraí do Norte,BA,Nordeste,77,493.78,6.41
4119400,Piraí do Sul,PR,Sul,184,3928.71,21.35
3538808,Piraju,SP,Sudeste,513,4670.66,9.1
3150703,Pirajuba,MG,Sudeste,211,3895.24,18.46
3538907,Pirajuí,SP,Sudeste,758,7797.59,10.29
2805307,Pirambu,SE,Nordeste,96,1825.04,19.01
3150802,Piranga,MG,Sudeste,121,1840.98,15.21
3539004,Pirangi,SP,Sudeste,668,13011.64,19.48
3150901,Piranguçu,MG,Sudeste,119,1149.57,9.66
3151008,Piranguinho,MG,Sudeste,270,2072.03,7.67
5217203,Piranhas,GO,Centro Oeste,498,5663.98,11.37
2707107,Piranhas,AL,Nordeste,641,7711.49,12.03
2108801,Pirapemas,MA,Nordeste,67,714.25,10.66
3151107,Pirapetinga,MG,Sudeste,407,2821.45,6.93
4314555,Pirapó,RS,Sul,179,1215.21,6.79
3151206,Pirapora,MG,Sudeste,1289,40795.14,31.65
3539103,Pirapora do Bom Jesus,SP,Sudeste,79,1160.12,14.69
3539202,Pirapozinho,SP,Sudeste,1517,13769.68,9.08
4119509,Piraquara,PR,Sul,572,6610.07,11.56
1717206,Piraquê,TO,Norte,49,533.71,10.89
3539301,Pirassununga,SP,Sudeste,2737,22687.3,8.29
4314605,Piratini,RS,Sul,276,2492.64,9.03
3539400,Piratininga,SP,Sudeste,994,7443.37,7.49
4213104,Piratuba,SC,Sul,271,6461.82,23.84
3151305,Piraúba,MG,Sudeste,430,4231.28,9.84
5217302,Pirenópolis,GO,Centro Oeste,941,8759.13,9.31
5217401,Pires do Rio,GO,Centro Oeste,1062,16082.25,15.14
2310951,Pires Ferreira,CE,Nordeste,180,1414.27,7.86
2924702,Piripá,BA,Nordeste,209,1614.05,7.72
2208403,Piripiri,PI,Nordeste,2284,15423.32,6.75
2924801,Piritiba,BA,Nordeste,239,1884.59,7.89
2511806,Pirpirituba,PB,Nordeste,67,1138.41,16.99
4119608,Pitanga,PR,Sul,698,9891.54,14.17
4119657,Pitangueiras,PR,Sul,118,2270.58,19.24
3539509,Pitangueiras,SP,Sudeste,1377,15106.96,10.97
3151404,Pitangui,MG,Sudeste,408,3022.45,7.41
2511905,Pitimbu,PB,Nordeste,225,2324.08,10.33
1717503,Pium,TO,Norte,148,1849.79,12.5
3204203,Piúma,ES,Sudeste,601,6088.44,10.13
3151503,Piumhi,MG,Sudeste,1498,47437.27,31.67
1505650,Placas,PA,Norte,253,2956.17,11.68
1200385,Plácido de Castro,AC,Norte,402,3928.19,9.77
5217609,Planaltina,GO,Centro Oeste,569,19143.64,33.64
4119707,Planaltina do Paraná,PR,Sul,211,2475.57,11.73
2924900,Planaltino,BA,Nordeste,62,502.95,8.11
2925006,Planalto,BA,Nordeste,298,2666.79,8.95
4119806,Planalto,PR,Sul,1102,12150.61,11.03
3539608,Planalto,SP,Sudeste,390,2550.53,6.54
4314704,Planalto,RS,Sul,544,4653.29,8.55
4213153,Planalto Alegre,SC,Sul,139,5702.14,41.02
5106455,Planalto da Serra,MT,Centro Oeste,94,895.12,9.52
3151602,Planura,MG,Sudeste,742,10325.33,13.92
3539707,Platina,SP,Sudeste,128,978.5,7.64
3539806,Poá,SP,Sudeste,913,14435.89,15.81
2611200,Poção,PE,Nordeste,92,1066.47,11.59
2108900,Poção de Pedras,MA,Nordeste,372,2782.94,7.48
2512002,Pocinhos,PB,Nordeste,90,2276.73,25.3
2410108,Poço Branco,RN,Nordeste,168,1829.1,10.89
2512036,Poço Dantas,PB,Nordeste,65,306.09,4.71
4314753,Poço das Antas,RS,Sul,133,1853.46,13.94
2707206,Poço das Trincheiras,AL,Nordeste,127,830.95,6.54
2512077,Poço de José de Moura,PB,Nordeste,106,499.57,4.71
3151701,Poço Fundo,MG,Sudeste,599,4729.86,7.9
2805406,Poço Redondo,SE,Nordeste,274,5277.04,19.26
2805505,Poço Verde,SE,Nordeste,170,1833.94,10.79
2925105,Poções,BA,Nordeste,784,5495.6,7.01
5106505,Poconé,MT,Centro Oeste,1362,47252.05,34.69
3151800,Poços de Caldas,MG,Sudeste,2118,23008.98,10.86
3151909,Pocrane,MG,Sudeste,366,3432.4,9.38
2925204,Pojuca,BA,Nordeste,597,6954.15,11.65
3539905,Poloni,SP,Sudeste,271,3252.33,12.0
2512101,Pombal,PB,Nordeste,1136,10725.98,9.44
2611309,Pombos,PE,Nordeste,412,5999.73,14.56
4213203,Pomerode,SC,Sul,1456,12492.27,8.58
3540002,Pompéia,SP,Sudeste,980,10533.67,10.75
3152006,Pompéu,MG,Sudeste,851,9728.34,11.43
3540101,Pongaí,SP,Sudeste,200,4283.13,21.42
1505700,Ponta de Pedras,PA,Norte,148,1352.07,9.14
4119905,Ponta Grossa,PR,Sul,3413,50503.84,14.8
5006606,Ponta Porã,MS,Centro Oeste,4115,54060.54,13.14
3540200,Pontal,SP,Sudeste,802,4933.83,6.15
5106653,Pontal do Araguaia,MT,Centro Oeste,541,9512.84,17.58
4119954,Pontal do Paraná,PR,Sul,612,5763.44,9.42
5217708,Pontalina,GO,Centro Oeste,876,10671.98,12.18
3540259,Pontalinda,SP,Sudeste,191,1704.9,8.93
4314779,Pontão,RS,Sul,119,1995.37,16.77
4213302,Ponte Alta,SC,Sul,63,1061.17,16.84
1717800,Ponte Alta do Bom Jesus,TO,Norte,89,681.51,7.66
4213351,Ponte Alta do Norte,SC,Sul,23,390.56,16.98
1717909,Ponte Alta do Tocantins,TO,Norte,47,542.43,11.54
5106703,Ponte Branca,MT,Centro Oeste,82,628.8,7.67
3152105,Ponte Nova,MG,Sudeste,240,6187.36,25.78
4314787,Ponte Preta,RS,Sul,174,3433.57,19.73
4213401,Ponte Serrada,SC,Sul,241,3732.36,15.49
5106752,Pontes e Lacerda,MT,Centro Oeste,3920,49451.32,12.62
3540309,Pontes Gestal,SP,Sudeste,275,2073.91,7.54
3204252,Ponto Belo,ES,Sudeste,191,4422.51,23.15
3152131,Ponto Chique,MG,Sudeste,36,649.17,18.03
3152170,Ponto dos Volantes,MG,Sudeste,115,941.91,8.19
2925253,Ponto Novo,BA,Nordeste,213,1868.72,8.77
3540408,Populina,SP,Sudeste,278,4034.23,14.51
2311009,Poranga,CE,Nordeste,71,625.83,8.81
3540507,Porangaba,SP,Sudeste,565,7130.36,12.62
5218003,Porangatu,GO,Centro Oeste,2391,22492.02,9.41
3304102,Porciúncula,RJ,Sudeste,601,4481.39,7.46
4120002,Porecatu,PR,Sul,710,5331.31,7.51
2410207,Portalegre,RN,Nordeste,151,1290.61,8.55
4314803,Portão,RS,Sul,1868,14150.27,7.58
5218052,Porteirão,GO,Centro Oeste,140,1635.72,11.68
2311108,Porteiras,CE,Nordeste,153,1737.71,11.36
3152204,Porteirinha,MG,Sudeste,261,27924.38,106.99
1505809,Portel,PA,Norte,1188,9416.03,7.93
5218102,Portelândia,GO,Centro Oeste,95,3573.82,37.62
2208502,Porto,PI,Nordeste,84,663.29,7.9
1200807,Porto Acre,AC,Norte,300,2714.89,9.05
4314902,Porto Alegre,RS,Sul,13157,123084.94,9.36
5106778,Porto Alegre do Norte,MT,Centro Oeste,450,5080.08,11.29
2208551,Porto Alegre do Piauí,PI,Nordeste,28,199.4,7.12
1718006,Porto Alegre do Tocantins,TO,Norte,165,2930.77,17.76
4120101,Porto Amazonas,PR,Sul,46,676.1,14.7
4120150,Porto Barreiro,PR,Sul,95,1221.21,12.85
4213500,Porto Belo,SC,Sul,374,3977.49,10.64
2707305,Porto Calvo,AL,Nordeste,275,2698.74,9.81
2805604,Porto da Folha,SE,Nordeste,391,3134.81,8.02
1505908,Porto de Moz,PA,Norte,203,2331.19,11.48
2707404,Porto de Pedras,AL,Nordeste,208,2841.83,13.66
2410256,Porto do Mangue,RN,Nordeste,133,832.06,6.26
5106802,Porto dos Gaúchos,MT,Centro Oeste,359,6392.65,17.81
5106828,Porto Esperidião,MT,Centro Oeste,608,7529.3,12.38
5106851,Porto Estrela,MT,Centro Oeste,175,1652.44,9.44
3540606,Porto Feliz,SP,Sudeste,1959,33942.4,17.33
3540705,Porto Ferreira,SP,Sudeste,1331,12576.84,9.45
3152303,Porto Firme,MG,Sudeste,159,1419.09,8.93
2109007,Porto Franco,MA,Nordeste,1396,13564.6,9.72
1600535,Porto Grande,AP,Norte,124,1446.15,11.66
4315008,Porto Lucena,RS,Sul,310,2353.69,7.59
4315057,Porto Mauá,RS,Sul,226,1462.76,6.47
5006903,Porto Murtinho,MS,Centro Oeste,406,5085.35,12.53
1718204,Porto Nacional,TO,Norte,3861,56948.66,14.75
3304110,Porto Real,RJ,Sudeste,351,3410.84,9.72
2707503,Porto Real do Colégio,AL,Nordeste,265,2092.69,7.9
4120200,Porto Rico,PR,Sul,716,8459.08,11.81
2109056,Porto Rico do Maranhão,MA,Nordeste,6,58.0,9.67
2925303,Porto Seguro,BA,Nordeste,5489,56790.96,10.35
4213609,Porto União,SC,Sul,362,4284.03,11.83
1100205,Porto Velho,RO,Norte,15578,201922.33,12.96
4315073,Porto Vera Cruz,RS,Sul,1175,8774.9,7.47
4120309,Porto Vitória,PR,Sul,87,1606.72,18.47
1200393,Porto Walter,AC,Norte,55,499.07,9.07
4315107,Porto Xavier,RS,Sul,848,7693.84,9.07
5218300,Posse,GO,Centro Oeste,516,6277.77,12.17
3152402,Poté,MG,Sudeste,189,4445.89,23.52
2311207,Potengi,CE,Nordeste,48,418.66,8.72
3540754,Potim,SP,Sudeste,189,2168.46,11.47
2925402,Potiraguá,BA,Nordeste,112,961.17,8.58
3540804,Potirendaba,SP,Sudeste,664,5786.9,8.72
2311231,Potiretama,CE,Nordeste,88,662.68,7.53
3152501,Pouso Alegre,MG,Sudeste,3338,34313.93,10.28
3152600,Pouso Alto,MG,Sudeste,167,2303.62,13.79
4315131,Pouso Novo,RS,Sul,58,1087.26,18.75
4213708,Pouso Redondo,SC,Sul,417,4813.15,11.54
5107008,Poxoréu,MT,Centro Oeste,773,20458.93,26.47
3540853,Pracinha,SP,Sudeste,95,633.81,6.67
1600550,Pracuúba,AP,Norte,4,29.5,7.38
2925501,Prado,BA,Nordeste,1189,13211.96,11.11
4120333,Prado Ferreira,PR,Sul,99,1398.68,14.13
3540903,Pradópolis,SP,Sudeste,1038,10164.91,9.79
3152709,Prados,MG,Sudeste,184,1543.31,8.39
3541000,Praia Grande,SP,Sudeste,1804,13836.17,7.67
4213807,Praia Grande,SC,Sul,217,2871.77,13.23
1718303,Praia Norte,TO,Norte,113,853.59,7.55
1506005,Prainha,PA,Norte,257,2218.37,8.63
4120358,Pranchita,PR,Sul,396,4646.44,11.73
3152808,Prata,MG,Sudeste,240,9280.9,38.67
2512200,Prata,PB,Nordeste,47,1661.05,35.34
2208601,Prata do Piauí,PI,Nordeste,53,330.98,6.24
3541059,Pratânia,SP,Sudeste,99,1216.72,12.29
3152907,Pratápolis,MG,Sudeste,395,3116.0,7.89
3153004,Pratinha,MG,Sudeste,84,925.1,11.01
3541109,Presidente Alves,SP,Sudeste,227,5735.96,25.27
3541208,Presidente Bernardes,SP,Sudeste,830,16902.77,20.36
3153103,Presidente Bernardes,MG,Sudeste,122,3930.51,32.22
4213906,Presidente Castello Branco,SC,Sul,105,1485.05,14.14
4120408,Presidente Castelo Branco,PR,Sul,194,3590.97,18.51
2109106,Presidente Dutra,MA,Nordeste,1908,21172.87,11.1
2925600,Presidente Dutra,BA,Nordeste,414,3474.22,8.39
3541307,Presidente Epitácio,SP,Sudeste,3214,29240.01,9.1
1303536,Presidente Figueiredo,AM,Norte,82,5925.62,72.26
4214003,Presidente Getúlio,SC,Sul,814,7605.92,9.34
2925709,Presidente Jânio Quadros,BA,Nordeste,166,1153.05,6.95
2109205,Presidente Juscelino,MA,Nordeste,62,892.72,14.4
3153202,Presidente Juscelino,MG,Sudeste,66,807.75,12.24
3204302,Presidente Kennedy,ES,Sudeste,247,10186.43,41.24
1718402,Presidente Kennedy,TO,Norte,93,1000.99,10.76
3153301,Presidente Kubitschek,MG,Sudeste,18,178.95,9.94
4315149,Presidente Lucena,RS,Sul,368,3036.27,8.25
2109239,Presidente Médici,MA,Nordeste,31,278.43,8.98
1100254,Presidente Médici,RO,Norte,1169,11605.54,9.93
4214102,Presidente Nereu,SC,Sul,139,1197.44,8.61
3153400,Presidente Olegário,MG,Sudeste,653,13361.68,20.46
3541406,Presidente Prudente,SP,Sudeste,15233,106474.21,6.99
2109270,Presidente Sarney,MA,Nordeste,59,513.19,8.7
2925758,Presidente Tancredo Neves,BA,Nordeste,365,3515.47,9.63
2109304,Presidente Vargas,MA,Nordeste,49,448.69,9.16
3541505,Presidente Venceslau,SP,Sudeste,2887,24493.77,8.48
1506104,Primavera,PA,Norte,106,818.79,7.72
2611408,Primavera,PE,Nordeste,72,858.09,11.92
1101476,Primavera de Rondônia,RO,Norte,157,1311.87,8.36
5107040,Primavera do Leste,MT,Centro Oeste,5250,79322.84,15.11
2109403,Primeira Cruz,MA,Nordeste,39,447.99,11.49
4120507,Primeiro de Maio,PR,Sul,717,7549.21,10.53
4214151,Princesa,SC,Sul,203,3388.55,16.69
2512309,Princesa Isabel,PB,Nordeste,403,3937.33,9.77
5218391,Professor Jamil,GO,Centro Oeste,89,1242.71,13.96
4315156,Progresso,RS,Sul,262,3264.59,12.46
3541604,Promissão,SP,Sudeste,1611,11003.32,6.83
2805703,Propriá,SE,Nordeste,276,3032.01,10.99
4315172,Protásio Alves,RS,Sul,236,5163.73,21.88
3153608,Prudente de Morais,MG,Sudeste,139,8131.03,58.5
4120606,Prudentópolis,PR,Sul,1122,16357.53,14.58
1718451,Pugmil,TO,Norte,56,873.07,15.59
2410405,Pureza,RN,Nordeste,168,2756.93,16.41
4315206,Putinga,RS,Sul,236,2690.99,11.4
2512408,Puxinanã,PB,Nordeste,44,550.27,12.51
3541653,Quadra,SP,Sudeste,146,1866.56,12.78
4315305,Quaraí,RS,Sul,206,4412.4,21.42
3153707,Quartel Geral,MG,Sudeste,67,1679.12,25.06
4120655,Quarto Centenário,PR,Sul,233,4139.3,17.77
3541703,Quatá,SP,Sudeste,508,4772.0,9.39
4120705,Quatiguá,PR,Sul,164,2171.83,13.24
1506112,Quatipuru,PA,Norte,66,446.88,6.77
3304128,Quatis,RJ,Sudeste,144,2754.53,19.13
4120804,Quatro Barras,PR,Sul,238,3322.48,13.96
4315313,Quatro Irmãos,RS,Sul,83,863.84,10.41
4120853,Quatro Pontes,PR,Sul,719,12231.99,17.01
2707602,Quebrangulo,AL,Nordeste,95,1514.05,15.94
4120903,Quedas do Iguaçu,PR,Sul,856,14018.86,16.38
2208650,Queimada Nova,PI,Nordeste,162,1148.66,7.09
2512507,Queimadas,PB,Nordeste,296,9007.44,30.43
2925808,Queimadas,BA,Nordeste,413,3764.45,9.11
3304144,Queimados,RJ,Sudeste,589,7634.39,12.96
3541802,Queiroz,SP,Sudeste,128,666.1,5.2
3541901,Queluz,SP,Sudeste,92,1089.72,11.84
3153806,Queluzito,MG,Sudeste,53,1771.19,33.42
5107065,Querência,MT,Centro Oeste,1350,24061.39,17.82
4121000,Querência do Norte,PR,Sul,528,5475.93,10.37
4315321,Quevedos,RS,Sul,83,724.18,8.73
2925907,Quijingue,BA,Nordeste,292,2111.42,7.23
4214201,Quilombo,SC,Sul,564,10583.32,18.76
4121109,Quinta do Sol,PR,Sul,242,3939.09,16.28
3542008,Quintana,SP,Sudeste,297,1941.11,6.54
4315354,Quinze de Novembro,RS,Sul,359,3210.69,8.94
2611507,Quipapá,PE,Nordeste,127,1023.73,8.06
5218508,Quirinópolis,GO,Centro Oeste,2267,24840.86,10.96
3304151,Quissamã,RJ,Sudeste,549,6907.2,12.58
4121208,Quitandinha,PR,Sul,427,4934.23,11.56
2311264,Quiterianópolis,CE,Nordeste,275,2352.54,8.55
2512606,Quixaba,PB,Nordeste,122,916.29,7.51
2611533,Quixaba,PE,Nordeste,72,479.85,6.66
2925931,Quixabeira,BA,Nordeste,100,820.19,8.2
2311306,Quixadá,CE,Nordeste,1612,24485.72,15.19
2311355,Quixelô,CE,Nordeste,520,4572.92,8.79
2311405,Quixeramobim,CE,Nordeste,1694,18949.03,11.19
2311504,Quixeré,CE,Nordeste,639,21212.28,33.2
2410504,Rafael Fernandes,RN,Nordeste,381,2689.59,7.06
2410603,Rafael Godeiro,RN,Nordeste,146,1004.74,6.88
2925956,Rafael Jambeiro,BA,Nordeste,420,10037.95,23.9
3542107,Rafard,SP,Sudeste,192,4130.49,21.51
4121257,Ramilândia,PR,Sul,141,2133.42,15.13
3542206,Rancharia,SP,Sudeste,1063,9927.99,9.34
4121307,Rancho Alegre,PR,Sul,256,1946.5,7.6
4121356,Rancho Alegre D'Oeste,PR,Sul,168,2116.77,12.6
4214300,Rancho Queimado,SC,Sul,187,2041.64,10.92
2109452,Raposa,MA,Nordeste,1012,11742.16,11.6
3153905,Raposos,MG,Sudeste,75,463.72,6.18
3154002,Raul Soares,MG,Sudeste,856,7075.63,8.27
4121406,Realeza,PR,Sul,1267,16585.89,13.09
4121505,Rebouças,PR,Sul,392,5262.74,13.43
2611606,Recife,PE,Nordeste,14638,141829.31,9.69
3154101,Recreio,MG,Sudeste,451,7993.98,17.73
1718501,Recursolândia,TO,Norte,36,316.38,8.79
1506138,Redenção,PA,Norte,5279,55566.17,10.53
2311603,Redenção,CE,Nordeste,187,3336.63,17.84
3542305,Redenção da Serra,SP,Sudeste,42,386.19,9.2
2208700,Redenção do Gurguéia,PI,Nordeste,74,757.46,10.24
4315404,Redentora,RS,Sul,221,4478.77,20.27
3154150,Reduto,MG,Sudeste,191,1731.43,9.07
2208809,Regeneração,PI,Nordeste,198,2097.21,10.59
3542404,Regente Feijó,SP,Sudeste,1226,9545.32,7.79
3542503,Reginópolis,SP,Sudeste,249,5647.55,22.68
3542602,Registro,SP,Sudeste,820,5946.46,7.25
4315453,Relvado,RS,Sul,155,1936.28,12.49
2926004,Remanso,BA,Nordeste,1158,8449.63,7.3
2512705,Remígio,PB,Nordeste,84,1136.0,13.52
4121604,Renascença,PR,Sul,334,5954.43,17.83
2311702,Reriutaba,CE,Nordeste,451,3338.48,7.4
3304201,Resende,RJ,Sudeste,2477,19749.8,7.97
3154200,Resende Costa,MG,Sudeste,340,2185.68,6.43
4121703,Reserva,PR,Sul,198,3998.49,20.19
5107156,Reserva do Cabaçal,MT,Centro Oeste,135,930.86,6.9
4121752,Reserva do Iguaçu,PR,Sul,78,6505.73,83.41
3154309,Resplendor,MG,Sudeste,960,6537.31,6.81
3154408,Ressaquinha,MG,Sudeste,78,985.31,12.63
3542701,Restinga,SP,Sudeste,175,3542.96,20.25
4315503,Restinga Sêca,RS,Sul,498,6203.82,12.46
2926103,Retirolândia,BA,Nordeste,288,1965.58,6.82
2512747,Riachão,PB,Nordeste,13,160.74,12.36
2109502,Riachão,MA,Nordeste,431,9204.56,21.36
2926202,Riachão das Neves,BA,Nordeste,599,6448.14,10.76
2512754,Riachão do Bacamarte,PB,Nordeste,35,315.35,9.01
2805802,Riachão do Dantas,SE,Nordeste,64,443.67,6.93
2926301,Riachão do Jacuípe,BA,Nordeste,883,9724.49,11.01
2512762,Riachão do Poço,PB,Nordeste,26,551.53,21.21
1718550,Riachinho,TO,Norte,63,508.97,8.08
3154457,Riachinho,MG,Sudeste,126,5910.67,46.91
2410702,Riacho da Cruz,RN,Nordeste,116,1201.33,10.36
2611705,Riacho das Almas,PE,Nordeste,678,7734.92,11.41
2926400,Riacho de Santana,BA,Nordeste,1087,7170.42,6.6
2410801,Riacho de Santana,RN,Nordeste,227,1297.37,5.72
2512788,Riacho de Santo Antônio,PB,Nordeste,6,98.84,16.47
2512804,Riacho dos Cavalos,PB,Nordeste,163,1408.51,8.64
3154507,Riacho dos Machados,MG,Sudeste,67,1050.65,15.68
2208858,Riacho Frio,PI,Nordeste,12,124.82,10.4
2410900,Riachuelo,RN,Nordeste,123,1133.29,9.21
2805901,Riachuelo,SE,Nordeste,27,1333.92,49.4
5218607,Rialma,GO,Centro Oeste,596,5944.17,9.97
5218706,Rianápolis,GO,Centro Oeste,258,2866.45,11.11
2109551,Ribamar Fiquene,MA,Nordeste,344,4277.94,12.44
5007109,Ribas do Rio Pardo,MS,Centro Oeste,1297,23720.82,18.29
3542800,Ribeira,SP,Sudeste,21,170.12,8.1
2926509,Ribeira do Amparo,BA,Nordeste,268,2308.12,8.61
2208874,Ribeira do Piauí,PI,Nordeste,45,350.77,7.79
2926608,Ribeira do Pombal,BA,Nordeste,2347,18330.05,7.81
2611804,Ribeirão,PE,Nordeste,289,4281.33,14.81
3542909,Ribeirão Bonito,SP,Sudeste,281,7834.32,27.88
3543006,Ribeirão Branco,SP,Sudeste,112,1088.02,9.71
5107180,Ribeirão Cascalheira,MT,Centro Oeste,479,17779.73,37.12
4121802,Ribeirão Claro,PR,Sul,326,3654.71,11.21
3543105,Ribeirão Corrente,SP,Sudeste,128,2917.09,22.79
3154606,Ribeirão das Neves,MG,Sudeste,1554,16589.81,10.68
2926657,Ribeirão do Largo,BA,Nordeste,58,574.8,9.91
4121901,Ribeirão do Pinhal,PR,Sul,210,3471.36,16.53
3543204,Ribeirão do Sul,SP,Sudeste,180,1590.36,8.84
3543238,Ribeirão dos Índios,SP,Sudeste,138,951.18,6.89
3543253,Ribeirão Grande,SP,Sudeste,54,515.75,9.55
3543303,Ribeirão Pires,SP,Sudeste,838,5624.1,6.71
3543402,Ribeirão Preto,SP,Sudeste,20747,175651.29,8.47
3154705,Ribeirão Vermelho,MG,Sudeste,80,536.75,6.71
5107198,Ribeirãozinho,MT,Centro Oeste,170,1682.91,9.9
2208908,Ribeiro Gonçalves,PI,Nordeste,84,2397.76,28.54
2806008,Ribeirópolis,SE,Nordeste,228,2578.94,11.31
3543600,Rifaina,SP,Sudeste,242,3201.62,13.23
3543709,Rincão,SP,Sudeste,302,8655.34,28.66
3543808,Rinópolis,SP,Sudeste,517,3239.04,6.27
3154804,Rio Acima,MG,Sudeste,196,1506.45,7.69
4122008,Rio Azul,PR,Sul,706,9471.13,13.42
3204351,Rio Bananal,ES,Sudeste,1535,19517.3,12.71
4122107,Rio Bom,PR,Sul,84,1487.35,17.71
3304300,Rio Bonito,RJ,Sudeste,1455,13331.44,9.16
4122156,Rio Bonito do Iguaçu,PR,Sul,317,3573.2,11.27
5107206,Rio Branco,MT,Centro Oeste,533,5263.14,9.87
1200401,Rio Branco,AC,Norte,12753,128066.11,10.04
4122172,Rio Branco do Ivaí,PR,Sul,74,841.44,11.37
4122206,Rio Branco do Sul,PR,Sul,96,1506.61,15.69
5007208,Rio Brilhante,MS,Centro Oeste,2493,21878.42,8.78
3154903,Rio Casca,MG,Sudeste,213,2480.92,11.65
3304409,Rio Claro,RJ,Sudeste,137,1737.05,12.68
3543907,Rio Claro,SP,Sudeste,4062,33616.35,8.28
1100262,Rio Crespo,RO,Norte,165,2016.77,12.22
1718659,Rio da Conceição,TO,Norte,25,207.02,8.28
4214409,Rio das Antas,SC,Sul,189,5908.69,31.26
3304508,Rio das Flores,RJ,Sudeste,72,11323.27,157.27
3304524,Rio das Ostras,RJ,Sudeste,5893,40472.6,6.87
3544004,Rio das Pedras,SP,Sudeste,709,12018.37,16.95
2926707,Rio de Contas,BA,Nordeste,755,6247.32,8.27
3304557,Rio de Janeiro,RJ,Sudeste,40363,384693.39,9.53
2926806,Rio do Antônio,BA,Nordeste,604,12701.11,21.03
4214508,Rio do Campo,SC,Sul,320,3741.49,11.69
2408953,Rio do Fogo,RN,Nordeste,287,2177.61,7.59
4214607,Rio do Oeste,SC,Sul,360,4192.34,11.65
2926905,Rio do Pires,BA,Nordeste,721,4285.9,5.94
3155108,Rio do Prado,MG,Sudeste,50,4108.75,82.18
4214805,Rio do Sul,SC,Sul,1878,18513.82,9.86
3155009,Rio Doce,MG,Sudeste,23,159.72,6.94
1718709,Rio dos Bois,TO,Norte,43,410.11,9.54
4214706,Rio dos Cedros,SC,Sul,473,4438.14,9.38
4315552,Rio dos Índios,RS,Sul,107,1298.06,12.13
3155207,Rio Espera,MG,Sudeste,47,9884.95,210.32
2611903,Rio Formoso,PE,Nordeste,142,1549.06,10.91
4214904,Rio Fortuna,SC,Sul,313,6747.87,21.56
4315602,Rio Grande,RS,Sul,3114,24067.28,7.73
3544103,Rio Grande da Serra,SP,Sudeste,134,868.72,6.48
2209005,Rio Grande do Piauí,PI,Nordeste,118,829.34,7.03
2707701,Rio Largo,AL,Nordeste,1325,15387.13,11.61
3155306,Rio Manso,MG,Sudeste,199,3700.08,18.59
1506161,Rio Maria,PA,Norte,622,6754.53,10.86
4215000,Rio Negrinho,SC,Sul,737,7758.92,10.53
5007307,Rio Negro,MS,Centro Oeste,409,4441.78,10.86
4122305,Rio Negro,PR,Sul,560,6104.75,10.9
3155405,Rio Novo,MG,Sudeste,188,2045.16,10.88
3204401,Rio Novo do Sul,ES,Sudeste,327,3335.63,10.2
3155504,Rio Paranaíba,MG,Sudeste,295,22483.16,76.21
4315701,Rio Pardo,RS,Sul,1195,10930.61,9.15
3155603,Rio Pardo de Minas,MG,Sudeste,261,3388.81,12.98
3155702,Rio Piracicaba,MG,Sudeste,253,2541.5,10.05
3155801,Rio Pomba,MG,Sudeste,663,6146.76,9.27
3155900,Rio Preto,MG,Sudeste,82,780.48,9.52
1303569,Rio Preto da Eva,AM,Norte,67,3633.57,54.23
5218789,Rio Quente,GO,Centro Oeste,214,3651.44,17.06
2927002,Rio Real,BA,Nordeste,212,2033.87,9.59
4215059,Rio Rufino,SC,Sul,53,429.93,8.11
1718758,Rio Sono,TO,Norte,74,1008.93,13.63
2512903,Rio Tinto,PB,Nordeste,278,3769.29,13.56
5218805,Rio Verde,GO,Centro Oeste,7641,102242.91,13.38
5007406,Rio Verde de Mato Grosso,MS,Centro Oeste,1160,17255.07,14.88
3156007,Rio Vermelho,MG,Sudeste,77,845.86,10.99
3544202,Riolândia,SP,Sudeste,469,5475.66,11.68
4315750,Riozinho,RS,Sul,220,1603.77,7.29
4215075,Riqueza,SC,Sul,252,3870.66,15.36
3156106,Ritápolis,MG,Sudeste,114,994.19,8.72
3543501,Riversul,SP,Sudeste,185,983.64,5.32
4315800,Roca Sales,RS,Sul,581,5221.46,8.99
5007505,Rochedo,MS,Centro Oeste,370,8810.18,23.81
3156205,Rochedo de Minas,MG,Sudeste,36,286.77,7.97
4215109,Rodeio,SC,Sul,709,5905.75,8.33
4315909,Rodeio Bonito,RS,Sul,203,2821.52,13.9
3156304,Rodeiro,MG,Sudeste,450,4960.06,11.02
2927101,Rodelas,BA,Nordeste,215,2687.49,12.5
2411007,Rodolfo Fernandes,RN,Nordeste,190,1456.54,7.67
1200427,Rodrigues Alves,AC,Norte,124,1164.37,9.39
4315958,Rolador,RS,Sul,179,2897.19,16.19
4122404,Rolândia,PR,Sul,1850,33341.9,18.02
4316006,Rolante,RS,Sul,1880,14021.55,7.46
1100288,Rolim de Moura,RO,Norte,2457,30459.53,12.4
3156403,Romaria,MG,Sudeste,120,4273.86,35.62
4215208,Romelândia,SC,Sul,269,6947.23,25.83
4122503,Roncador,PR,Sul,259,3364.89,12.99
4316105,Ronda Alta,RS,Sul,532,5262.96,9.89
4316204,Rondinha,RS,Sul,469,6677.52,14.24
5107578,Rondolândia,MT,Centro Oeste,78,969.97,12.44
4122602,Rondon,PR,Sul,540,11315.34,20.95
1506187,Rondon do Pará,PA,Norte,1329,12266.26,9.23
5107602,Rondonópolis,MT,Centro Oeste,21629,198528.37,9.18
4316303,Roque Gonzales,RS,Sul,584,4150.37,7.11
1400472,Rorainópolis,RR,Norte,113,1798.35,15.91
3544251,Rosana,SP,Sudeste,1523,9383.54,6.16
2109601,Rosário,MA,Nordeste,426,14833.67,34.82
3156452,Rosário da Limeira,MG,Sudeste,158,980.2,6.2
2806107,Rosário do Catete,SE,Nordeste,51,504.12,9.88
4122651,Rosário do Ivaí,PR,Sul,149,1368.62,9.19
4316402,Rosário do Sul,RS,Sul,1483,13558.3,9.14
5107701,Rosário Oeste,MT,Centro Oeste,772,14505.0,18.79
3544301,Roseira,SP,Sudeste,193,17613.1,91.26
2707800,Roteiro,AL,Nordeste,30,348.83,11.63
3156502,Rubelita,MG,Sudeste,57,654.62,11.48
3544400,Rubiácea,SP,Sudeste,141,1124.11,7.97
5218904,Rubiataba,GO,Centro Oeste,665,6003.71,9.03
3156601,Rubim,MG,Sudeste,111,938.13,8.45
3544509,Rubinéia,SP,Sudeste,619,4174.68,6.74
1506195,Rurópolis,PA,Norte,482,4661.02,9.67
2311801,Russas,CE,Nordeste,2391,43412.44,18.16
2411106,Ruy Barbosa,RN,Nordeste,54,303.94,5.63
2927200,Ruy Barbosa,BA,Nordeste,3534,36922.94,10.45
3156700,Sabará,MG,Sudeste,839,12302.72,14.66
4122701,Sabáudia,PR,Sul,374,6385.87,17.07
3544608,Sabino,SP,Sudeste,235,1818.43,7.74
3156809,Sabinópolis,MG,Sudeste,123,1617.91,13.15
2311900,Saboeiro,CE,Nordeste,138,987.63,7.16
3156908,Sacramento,MG,Sudeste,835,16206.0,19.41
4316428,Sagrada Família,RS,Sul,109,1089.79,10.0
3544707,Sagres,SP,Sudeste,120,625.97,5.22
2612000,Sairé,PE,Nordeste,295,4190.23,14.2
4316436,Saldanha Marinho,RS,Sul,167,1211.25,7.25
3544806,Sales,SP,Sudeste,616,4363.82,7.08
3544905,Sales Oliveira,SP,Sudeste,516,5334.33,10.34
3545001,Salesópolis,SP,Sudeste,345,4409.79,12.78
4215307,Salete,SC,Sul,374,4467.3,11.94
2612109,Salgadinho,PE,Nordeste,14,165.29,11.81
2513000,Salgadinho,PB,Nordeste,48,493.81,10.29
2806206,Salgado,SE,Nordeste,241,2566.39,10.65
2513109,Salgado de São Félix,PB,Nordeste,47,944.22,20.09
4122800,Salgado Filho,PR,Sul,204,3832.24,18.79
2612208,Salgueiro,PE,Nordeste,2328,17108.98,7.35
3157005,Salinas,MG,Sudeste,1376,26290.25,19.11
2927309,Salinas da Margarida,BA,Nordeste,218,1706.93,7.83
1506203,Salinópolis,PA,Norte,1611,18088.69,11.23
2311959,Salitre,CE,Nordeste,118,969.91,8.22
3545100,Salmourão,SP,Sudeste,253,1199.6,4.74
2612307,Saloá,PE,Nordeste,146,1547.84,10.6
3545159,Saltinho,SP,Sudeste,433,8323.05,19.22
4215356,Saltinho,SC,Sul,139,1863.19,13.4
3545209,Salto,SP,Sudeste,3616,24272.89,6.71
3157104,Salto da Divisa,MG,Sudeste,94,1686.61,17.94
3545308,Salto de Pirapora,SP,Sudeste,546,7384.11,13.52
5107750,Salto do Céu,MT,Centro Oeste,265,2010.14,7.59
4122909,Salto do Itararé,PR,Sul,51,730.86,14.33
4316451,Salto do Jacuí,RS,Sul,471,3170.96,6.73
4123006,Salto do Lontra,PR,Sul,876,14254.43,16.27
3545407,Salto Grande,SP,Sudeste,250,2929.52,11.72
4215406,Salto Veloso,SC,Sul,150,3758.73,25.06
2927408,Salvador,BA,Nordeste,17391,170438.05,9.8
4316477,Salvador das Missões,RS,Sul,486,4527.66,9.32
4316501,Salvador do Sul,RS,Sul,260,2998.61,11.53
1506302,Salvaterra,PA,Norte,234,2179.57,9.31
2109700,Sambaíba,MA,Nordeste,108,3218.14,29.8
1718808,Sampaio,TO,Norte,90,631.72,7.02
4316600,Sananduva,RS,Sul,923,10000.55,10.83
5219001,Sanclerlândia,GO,Centro Oeste,443,5052.22,11.4
1718840,Sandolândia,TO,Norte,148,1283.4,8.67
3545506,Sandovalina,SP,Sudeste,329,1638.89,4.98
4215455,Sangão,SC,Sul,229,3770.84,16.47
2612406,Sanharó,PE,Nordeste,321,2741.81,8.54
3545605,Santa Adélia,SP,Sudeste,670,9805.17,14.63
3545704,Santa Albertina,SP,Sudeste,580,7499.15,12.93
4123105,Santa Amélia,PR,Sul,119,2019.02,16.97
3157203,Santa Bárbara,MG,Sudeste,429,3996.61,9.32
2927507,Santa Bárbara,BA,Nordeste,225,4539.63,20.18
5219100,Santa Bárbara de Goiás,GO,Centro Oeste,189,2031.61,10.75
3157252,Santa Bárbara do Leste,MG,Sudeste,215,1752.02,8.15
3157278,Santa Bárbara do Monte Verde,MG,Sudeste,39,616.74,15.81
1506351,Santa Bárbara do Pará,PA,Norte,218,2836.57,13.01
4316709,Santa Bárbara do Sul,RS,Sul,595,4590.54,7.72
3157302,Santa Bárbara do Tugúrio,MG,Sudeste,52,740.73,14.24
3545803,Santa Bárbara d'Oeste,SP,Sudeste,4407,35691.13,8.1
3546009,Santa Branca,SP,Sudeste,324,8100.13,25.0
2927606,Santa Brígida,BA,Nordeste,221,1452.55,6.57
5107248,Santa Carmem,MT,Centro Oeste,369,6037.66,16.36
4215505,Santa Cecília,SC,Sul,68,1300.17,19.12
2513158,Santa Cecília,PB,Nordeste,32,277.24,8.66
4123204,Santa Cecília do Pavão,PR,Sul,94,811.53,8.63
4316733,Santa Cecília do Sul,RS,Sul,78,1414.24,18.13
4316758,Santa Clara do Sul,RS,Sul,513,4480.8,8.73
3546108,Santa Clara d'Oeste,SP,Sudeste,2166,20626.43,9.52
2513208,Santa Cruz,PB,Nordeste,163,1806.96,11.09
2411205,Santa Cruz,RN,Nordeste,1200,10599.14,8.83
2612455,Santa Cruz,PE,Nordeste,265,1942.07,7.33
2927705,Santa Cruz Cabrália,BA,Nordeste,753,6620.62,8.79
2612471,Santa Cruz da Baixa Verde,PE,Nordeste,322,2112.93,6.56
3546207,Santa Cruz da Conceição,SP,Sudeste,178,2433.2,13.67
3546256,Santa Cruz da Esperança,SP,Sudeste,67,696.78,10.4
2927804,Santa Cruz da Vitória,BA,Nordeste,60,587.87,9.8
3546306,Santa Cruz das Palmeiras,SP,Sudeste,562,6726.8,11.97
5219209,Santa Cruz de Goiás,GO,Centro Oeste,107,1674.4,15.65
3157336,Santa Cruz de Minas,MG,Sudeste,84,719.76,8.57
4123303,Santa Cruz de Monte Castelo,PR,Sul,461,7164.92,15.54
3157377,Santa Cruz de Salinas,MG,Sudeste,24,213.04,8.88
1506401,Santa Cruz do Arari,PA,Norte,2,20.0,10.0
2612505,Santa Cruz do Capibaribe,PE,Nordeste,2888,25676.49,8.89
3157401,Santa Cruz do Escalvado,MG,Sudeste,146,1101.79,7.55
2209104,Santa Cruz do Piauí,PI,Nordeste,144,1231.21,8.55
3546405,Santa Cruz do Rio Pardo,SP,Sudeste,1557,15368.62,9.87
4316808,Santa Cruz do Sul,RS,Sul,8315,65587.12,7.89
5107743,Santa Cruz do Xingu,MT,Centro Oeste,72,1666.09,23.14
2209153,Santa Cruz dos Milagres,PI,Nordeste,51,567.47,11.13
3157500,Santa Efigênia de Minas,MG,Sudeste,60,1468.99,24.48
3546504,Santa Ernestina,SP,Sudeste,238,1123.02,4.72
4123402,Santa Fé,PR,Sul,806,10728.79,13.31
5219258,Santa Fé de Goiás,GO,Centro Oeste,233,2695.25,11.57
3157609,Santa Fé de Minas,MG,Sudeste,53,2505.28,47.27
1718865,Santa Fé do Araguaia,TO,Norte,145,1499.02,10.34
3546603,Santa Fé do Sul,SP,Sudeste,3642,26014.37,7.14
2209203,Santa Filomena,PI,Nordeste,42,719.22,17.12
2612554,Santa Filomena,PE,Nordeste,179,1179.99,6.59
2109759,Santa Filomena do Maranhão,MA,Nordeste,27,191.01,7.07
3546702,Santa Gertrudes,SP,Sudeste,437,3651.13,8.35
4123501,Santa Helena,PR,Sul,4881,48191.8,9.87
4215554,Santa Helena,SC,Sul,187,2791.5,14.93
2109809,Santa Helena,MA,Nordeste,302,2887.01,9.56
2513307,Santa Helena,PB,Nordeste,122,1199.28,9.83
5219308,Santa Helena de Goiás,GO,Centro Oeste,1443,15572.12,10.79
3157658,Santa Helena de Minas,MG,Sudeste,42,246.72,5.87
4123600,Santa Inês,PR,Sul,132,1254.54,9.5
2513356,Santa Inês,PB,Nordeste,32,343.59,10.74
2109908,Santa Inês,MA,Nordeste,3351,41274.3,12.32
2927903,Santa Inês,BA,Nordeste,114,941.15,8.26
3546801,Santa Isabel,SP,Sudeste,798,7576.53,9.49
5219357,Santa Isabel,GO,Centro Oeste,117,1254.91,10.73
4123709,Santa Isabel do Ivaí,PR,Sul,408,5117.56,12.54
1303601,Santa Isabel do Rio Negro,AM,Norte,3,40.0,13.33
4123808,Santa Izabel do Oeste,PR,Sul,761,14649.04,19.25
1506500,Santa Izabel do Pará,PA,Norte,1125,16412.35,14.59
3157708,Santa Juliana,MG,Sudeste,440,6856.68,15.58
3204500,Santa Leopoldina,ES,Sudeste,556,6047.63,10.88
4123824,Santa Lúcia,PR,Sul,211,2955.06,14.01
3546900,Santa Lúcia,SP,Sudeste,239,3688.55,15.43
2209302,Santa Luz,PI,Nordeste,61,488.2,8.0
2513406,Santa Luzia,PB,Nordeste,324,3458.44,10.67
2110005,Santa Luzia,MA,Nordeste,1008,15542.83,15.42
2928059,Santa Luzia,BA,Nordeste,156,1560.56,10.0
3157807,Santa Luzia,MG,Sudeste,1615,15513.07,9.61
2806305,Santa Luzia do Itanhy,SE,Nordeste,52,730.35,14.05
2707909,Santa Luzia do Norte,AL,Nordeste,73,668.78,9.16
1506559,Santa Luzia do Pará,PA,Norte,179,1674.6,9.36
2110039,Santa Luzia do Paruá,MA,Nordeste,194,1995.32,10.29
1100296,Santa Luzia D'Oeste,RO,Norte,275,4472.72,16.26
3157906,Santa Margarida,MG,Sudeste,415,6355.81,15.32
4316972,Santa Margarida do Sul,RS,Sul,152,2983.79,19.63
4316907,Santa Maria,RS,Sul,9585,73977.86,7.72
2409332,Santa Maria,RN,Nordeste,75,579.5,7.73
2612604,Santa Maria da Boa Vista,PE,Nordeste,901,11575.79,12.85
3547007,Santa Maria da Serra,SP,Sudeste,143,1928.28,13.48
2928109,Santa Maria da Vitória,BA,Nordeste,1080,9478.66,8.78
1506583,Santa Maria das Barreiras,PA,Norte,303,3295.11,10.87
3158003,Santa Maria de Itabira,MG,Sudeste,100,2270.63,22.71
3204559,Santa Maria de Jetibá,ES,Sudeste,1443,19355.55,13.41
2612703,Santa Maria do Cambucá,PE,Nordeste,190,1813.99,9.55
4316956,Santa Maria do Herval,RS,Sul,447,3666.75,8.2
4123857,Santa Maria do Oeste,PR,Sul,166,3051.06,18.38
1506609,Santa Maria do Pará,PA,Norte,456,8997.03,19.73
3158102,Santa Maria do Salto,MG,Sudeste,35,278.12,7.95
3158201,Santa Maria do Suaçuí,MG,Sudeste,244,3164.84,12.97
1718881,Santa Maria do Tocantins,TO,Norte,48,597.85,12.46
3304607,Santa Maria Madalena,RJ,Sudeste,157,1755.33,11.18
4123907,Santa Mariana,PR,Sul,372,4249.94,11.42
3547106,Santa Mercedes,SP,Sudeste,178,2903.86,16.31
4123956,Santa Mônica,PR,Sul,122,2280.3,18.69
2312205,Santa Quitéria,CE,Nordeste,699,13110.09,18.76
2110104,Santa Quitéria do Maranhão,MA,Nordeste,312,3481.76,11.16
2110203,Santa Rita,MA,Nordeste,447,7166.35,16.03
2513703,Santa Rita,PB,Nordeste,1101,13778.96,12.51
3159209,Santa Rita de Caldas,MG,Sudeste,221,6375.58,28.85
2928406,Santa Rita de Cássia,BA,Nordeste,460,4074.3,8.86
3159407,Santa Rita de Ibitipoca,MG,Sudeste,14,203.86,14.56
3159308,Santa Rita de Jacutinga,MG,Sudeste,29,195.64,6.75
3159357,Santa Rita de Minas,MG,Sudeste,137,1180.94,8.62
5219407,Santa Rita do Araguaia,GO,Centro Oeste,155,3885.1,25.07
3159506,Santa Rita do Itueto,MG,Sudeste,265,2271.3,8.57
5219456,Santa Rita do Novo Destino,GO,Centro Oeste,37,702.9,19.0
5007554,Santa Rita do Pardo,MS,Centro Oeste,411,6882.76,16.75
3547502,Santa Rita do Passa Quatro,SP,Sudeste,844,8842.71,10.48
3159605,Santa Rita do Sapucaí,MG,Sudeste,944,11741.41,12.44
1718899,Santa Rita do Tocantins,TO,Norte,56,671.54,11.99
5107768,Santa Rita do Trivelato,MT,Centro Oeste,168,4322.5,25.73
3547403,Santa Rita d'Oeste,SP,Sudeste,242,1592.37,6.58
4317202,Santa Rosa,RS,Sul,6858,45368.15,6.62
3159704,Santa Rosa da Serra,MG,Sudeste,56,546.25,9.75
5219506,Santa Rosa de Goiás,GO,Centro Oeste,95,1246.95,13.13
4215604,Santa Rosa de Lima,SC,Sul,126,1866.66,14.81
2806503,Santa Rosa de Lima,SE,Nordeste,24,300.52,12.52
3547601,Santa Rosa de Viterbo,SP,Sudeste,676,7515.84,11.12
2209377,Santa Rosa do Piauí,PI,Nordeste,125,820.25,6.56
1200435,Santa Rosa do Purus,AC,Norte,6,108.5,18.08
4215653,Santa Rosa do Sul,SC,Sul,304,2858.65,9.4
1718907,Santa Rosa do Tocantins,TO,Norte,110,1381.77,12.56
3547650,Santa Salete,SP,Sudeste,273,2381.8,8.72
3204609,Santa Teresa,ES,Sudeste,937,12825.14,13.69
2513802,Santa Teresinha,PB,Nordeste,133,1281.54,9.64
4317251,Santa Tereza,RS,Sul,87,841.46,9.67
5219605,Santa Tereza de Goiás,GO,Centro Oeste,108,1022.51,9.47
4124020,Santa Tereza do Oeste,PR,Sul,474,12743.52,26.89
1719004,Santa Tereza do Tocantins,TO,Norte,41,484.44,11.82
2612802,Santa Terezinha,PE,Nordeste,194,1372.47,7.07
4215679,Santa Terezinha,SC,Sul,511,4529.11,8.86
5107776,Santa Terezinha,MT,Centro Oeste,213,1911.47,8.97
2928505,Santa Terezinha,BA,Nordeste,84,1296.47,15.43
5219704,Santa Terezinha de Goiás,GO,Centro Oeste,324,7941.92,24.51
4124053,Santa Terezinha de Itaipu,PR,Sul,2257,19347.41,8.57
4215687,Santa Terezinha do Progresso,SC,Sul,89,1819.52,20.44
1720002,Santa Terezinha do Tocantins,TO,Norte,45,793.28,17.63
3159803,Santa Vitória,MG,Sudeste,1201,8506.86,7.08
4317301,Santa Vitória do Palmar,RS,Sul,573,9563.69,16.69
2928000,Santaluz,BA,Nordeste,525,3748.42,7.14
2928208,Santana,BA,Nordeste,618,4597.52,7.44
1600600,Santana,AP,Norte,2686,30401.1,11.32
4317004,Santana da Boa Vista,RS,Sul,78,513.52,6.58
3547205,Santana da Ponte Pensa,SP,Sudeste,159,1690.19,10.63
3158300,Santana da Vargem,MG,Sudeste,243,2090.05,8.6
3158409,Santana de Cataguases,MG,Sudeste,135,999.3,7.4
2513505,Santana de Mangueira,PB,Nordeste,71,396.76,5.59
3547304,Santana de Parnaíba,SP,Sudeste,3898,37399.59,9.59
3158508,Santana de Pirapama,MG,Sudeste,184,2716.8,14.77
2312007,Santana do Acaraú,CE,Nordeste,267,2473.8,9.27
1506708,Santana do Araguaia,PA,Norte,601,7211.21,12.0
2312106,Santana do Cariri,CE,Nordeste,89,680.08,7.64
3158607,Santana do Deserto,MG,Sudeste,22,304.58,13.84
3158706,Santana do Garambéu,MG,Sudeste,11,117.85,10.71
2708006,Santana do Ipanema,AL,Nordeste,987,17687.81,17.92
4124004,Santana do Itararé,PR,Sul,141,2068.49,14.67
3158805,Santana do Jacaré,MG,Sudeste,36,754.36,20.95
4317103,Sant'Ana do Livramento,RS,Sul,1736,16310.23,9.4
3158904,Santana do Manhuaçu,MG,Sudeste,266,5016.05,18.86
2110237,Santana do Maranhão,MA,Nordeste,55,557.82,10.14
2411403,Santana do Matos,RN,Nordeste,316,2724.24,8.62
2708105,Santana do Mundaú,AL,Nordeste,87,643.93,7.4
3158953,Santana do Paraíso,MG,Sudeste,2170,18125.88,8.35
2209351,Santana do Piauí,PI,Nordeste,72,481.25,6.68
3159001,Santana do Riacho,MG,Sudeste,215,2113.92,9.83
2806404,Santana do São Francisco,SE,Nordeste,25,271.35,10.85
2411429,Santana do Seridó,RN,Nordeste,138,912.09,6.61
2513604,Santana dos Garrotes,PB,Nordeste,93,752.94,8.1
3159100,Santana dos Montes,MG,Sudeste,48,720.08,15.0
2928307,Santanópolis,BA,Nordeste,90,751.68,8.35
1506807,Santarém,PA,Norte,13845,141671.73,10.23
1506906,Santarém Novo,PA,Norte,30,483.02,16.1
4317400,Santiago,RS,Sul,3391,21220.05,6.26
4215695,Santiago do Sul,SC,Sul,53,1129.38,21.31
5107263,Santo Afonso,MT,Centro Oeste,174,1674.17,9.62
2928604,Santo Amaro,BA,Nordeste,546,5008.06,9.17
4215703,Santo Amaro da Imperatriz,SC,Sul,654,6066.74,9.28
2806602,Santo Amaro das Brotas,SE,Nordeste,63,1018.22,16.16
2110278,Santo Amaro do Maranhão,MA,Nordeste,234,4077.83,17.43
3547700,Santo Anastácio,SP,Sudeste,1230,20103.72,16.34
3547809,Santo André,SP,Sudeste,2731,22998.18,8.42
2513851,Santo André,PB,Nordeste,8,55.2,6.9
4317509,Santo Ângelo,RS,Sul,4807,34211.84,7.12
2411502,Santo Antônio,RN,Nordeste,410,3385.75,8.26
3547908,Santo Antônio da Alegria,SP,Sudeste,299,3034.15,10.15
5219712,Santo Antônio da Barra,GO,Centro Oeste,138,2425.26,17.57
4317608,Santo Antônio da Patrulha,RS,Sul,1731,17315.26,10.0
4124103,Santo Antônio da Platina,PR,Sul,1118,23825.85,21.31
4317707,Santo Antônio das Missões,RS,Sul,681,5701.16,8.37
5219738,Santo Antônio de Goiás,GO,Centro Oeste,346,4598.66,13.29
2928703,Santo Antônio de Jesus,BA,Nordeste,3213,27244.58,8.48
5107800,Santo Antônio de Leverger,MT,Centro Oeste,1132,18611.58,16.44
2209401,Santo Antônio de Lisboa,PI,Nordeste,137,1232.54,9.0
3304706,Santo Antônio de Pádua,RJ,Sudeste,1772,15744.68,8.89
3548005,Santo Antônio de Posse,SP,Sudeste,462,5686.59,12.31
3159902,Santo Antônio do Amparo,MG,Sudeste,208,6670.09,32.07
3548054,Santo Antônio do Aracanguá,SP,Sudeste,924,16089.3,17.41
3160009,Santo Antônio do Aventureiro,MG,Sudeste,77,827.34,10.74
4124202,Santo Antônio do Caiuá,PR,Sul,115,1339.97,11.65
5219753,Santo Antônio do Descoberto,GO,Centro Oeste,374,10179.46,27.22
3160108,Santo Antônio do Grama,MG,Sudeste,57,767.87,13.47
1303700,Santo Antônio do Içá,AM,,0,0.0,
3160207,Santo Antônio do Itambé,MG,Sudeste,23,436.89,19.0
3160306,Santo Antônio do Jacinto,MG,Sudeste,53,284.02,5.36
3548104,Santo Antônio do Jardim,SP,Sudeste,279,2818.84,10.1
5107792,Santo Antônio do Leste,MT,Centro Oeste,141,6084.77,43.15
3160405,Santo Antônio do Monte,MG,Sudeste,941,10478.12,11.14
4317558,Santo Antônio do Palma,RS,Sul,150,2222.01,14.81
4124301,Santo Antônio do Paraíso,PR,Sul,56,672.26,12.0
3548203,Santo Antônio do Pinhal,SP,Sudeste,173,1512.11,8.74
4317756,Santo Antônio do Planalto,RS,Sul,266,2582.32,9.71
3160454,Santo Antônio do Retiro,MG,Sudeste,54,284.51,5.27
3160504,Santo Antônio do Rio Abaixo,MG,Sudeste,30,250.04,8.33
4124400,Santo Antônio do Sudoeste,PR,Sul,782,10791.48,13.8
1507003,Santo Antônio do Tauá,PA,Norte,318,5163.02,16.24
2110302,Santo Antônio dos Lopes,MA,Nordeste,349,5684.98,16.29
2209450,Santo Antônio dos Milagres,PI,Nordeste,17,111.56,6.56
4317806,Santo Augusto,RS,Sul,932,7826.3,8.4
4317905,Santo Cristo,RS,Sul,1534,12630.32,8.23
2928802,Santo Estêvão,BA,Nordeste,1020,7977.46,7.82
3548302,Santo Expedito,SP,Sudeste,343,1426.36,4.16
4317954,Santo Expedito do Sul,RS,Sul,112,1003.3,8.96
3160603,Santo Hipólito,MG,Sudeste,38,325.64,8.57
4124509,Santo Inácio,PR,Sul,542,5903.66,10.89
2209500,Santo Inácio do Piauí,PI,Nordeste,90,562.35,6.25
3548401,Santópolis do Aguapeí,SP,Sudeste,143,1321.24,9.24
3548500,Santos,SP,Sudeste,1317,16748.9,12.72
3160702,Santos Dumont,MG,Sudeste,292,6534.91,22.38
2312304,São Benedito,CE,Nordeste,731,11992.95,16.41
2110401,São Benedito do Rio Preto,MA,Nordeste,131,1535.76,11.72
2612901,São Benedito do Sul,PE,Nordeste,51,608.87,11.94
2513927,São Bentinho,PB,Nordeste,64,596.96,9.33
2513901,São Bento,PB,Nordeste,1649,16876.55,10.23
2110500,São Bento,MA,Nordeste,264,2664.6,10.09
3160801,São Bento Abade,MG,Sudeste,43,9391.11,218.4
2411601,São Bento do Norte,RN,Nordeste,63,2093.59,33.23
3548609,São Bento do Sapucaí,SP,Sudeste,199,2362.52,11.87
4215802,São Bento do Sul,SC,Sul,1870,16007.42,8.56
1720101,São Bento do Tocantins,TO,Norte,66,595.35,9.02
2411700,São Bento do Trairí,RN,Nordeste,89,661.2,7.43
2613008,São Bento do Una,PE,Nordeste,750,7843.81,10.46
4215752,São Bernardino,SC,Sul,102,1328.13,13.02
2110609,São Bernardo,MA,Nordeste,360,3758.66,10.44
3548708,São Bernardo do Campo,SP,Sudeste,2870,21957.98,7.65
4215901,São Bonifácio,SC,Sul,124,2737.25,22.07
4318002,São Borja,RS,Sul,3812,31980.13,8.39
2708204,São Brás,AL,Nordeste,44,5478.86,124.52
3160900,São Brás do Suaçuí,MG,Sudeste,45,3427.34,76.16
2209559,São Braz do Piauí,PI,Nordeste,23,197.49,8.59
1507102,São Caetano de Odivelas,PA,Norte,249,2613.05,10.49
3548807,São Caetano do Sul,SP,Sudeste,801,6401.16,7.99
2613107,São Caitano,PE,Nordeste,385,8768.7,22.78
3548906,São Carlos,SP,Sudeste,6332,51550.01,8.14
4216008,São Carlos,SC,Sul,459,9204.13,20.05
4124608,São Carlos do Ivaí,PR,Sul,458,4928.59,10.76
2806701,São Cristóvão,SE,Nordeste,899,9577.66,10.65
4216057,São Cristóvão do Sul,SC,Sul,36,537.76,14.94
2928901,São Desidério,BA,Nordeste,919,15654.71,17.03
2928950,São Domingos,BA,Nordeste,160,1230.38,7.69
4216107,São Domingos,SC,Sul,347,6521.7,18.79
5219803,São Domingos,GO,Centro Oeste,72,959.66,13.33
2806800,São Domingos,SE,Nordeste,78,692.64,8.88
2513968,São Domingos,PB,Nordeste,17,196.96,11.59
3160959,São Domingos das Dores,MG,Sudeste,245,2117.88,8.64
1507151,São Domingos do Araguaia,PA,Norte,444,5567.18,12.54
2110658,São Domingos do Azeitão,MA,Nordeste,127,3330.65,26.23
1507201,São Domingos do Capim,PA,Norte,170,1988.71,11.7
2513943,São Domingos do Cariri,PB,Nordeste,22,210.97,9.59
2110708,São Domingos do Maranhão,MA,Nordeste,913,16019.15,17.55
3204658,São Domingos do Norte,ES,Sudeste,568,9327.69,16.42
3161007,São Domingos do Prata,MG,Sudeste,361,5847.69,16.2
4318051,São Domingos do Sul,RS,Sul,183,2041.12,11.15
2929107,São Felipe,BA,Nordeste,224,1897.02,8.47
1101484,São Felipe D'Oeste,RO,Norte,260,2221.19,8.54
2929008,São Félix,BA,Nordeste,59,395.4,6.7
2110807,São Félix de Balsas,MA,Nordeste,58,506.08,8.73
3161056,São Félix de Minas,MG,Sudeste,79,736.86,9.33
5107859,São Félix do Araguaia,MT,Centro Oeste,429,6878.93,16.03
2929057,São Félix do Coribe,BA,Nordeste,592,12332.61,20.83
2209609,São Félix do Piauí,PI,Nordeste,76,571.54,7.52
1720150,São Félix do Tocantins,TO,Norte,28,301.62,10.77
1507300,São Félix do Xingu,PA,Norte,1059,10822.48,10.22
2411809,São Fernando,RN,Nordeste,123,1496.98,12.17
3304805,São Fidélis,RJ,Sudeste,1990,12647.28,6.36
3549003,São Francisco,SP,Sudeste,229,1774.7,7.75
3161106,São Francisco,MG,Sudeste,870,27778.84,31.93
2806909,São Francisco,SE,Nordeste,25,240.85,9.63
2513984,São Francisco,PB,Nordeste,106,1792.94,16.91
4318101,São Francisco de Assis,RS,Sul,1132,7610.75,6.72
2209658,São Francisco de Assis do Piauí,PI,Nordeste,55,428.47,7.79
5219902,São Francisco de Goiás,GO,Centro Oeste,171,2525.39,14.77
3304755,São Francisco de Itabapoana,RJ,Sudeste,1101,10162.68,9.23
3161205,São Francisco de Paula,MG,Sudeste,82,1089.04,13.28
4318200,São Francisco de Paula,RS,Sul,875,9132.71,10.44
3161304,São Francisco de Sales,MG,Sudeste,415,2867.94,6.91
2110856,São Francisco do Brejão,MA,Nordeste,222,2474.39,11.15
2929206,São Francisco do Conde,BA,Nordeste,213,1877.77,8.82
3161403,São Francisco do Glória,MG,Sudeste,80,2660.16,33.25
1101492,São Francisco do Guaporé,RO,Norte,534,5797.77,10.86
2110906,São Francisco do Maranhão,MA,Nordeste,108,768.15,7.11
2411908,São Francisco do Oeste,RN,Nordeste,256,1682.65,6.57
1507409,São Francisco do Pará,PA,Norte,211,2089.54,9.9
2209708,São Francisco do Piauí,PI,Nordeste,96,586.64,6.11
4216206,São Francisco do Sul,SC,Sul,2034,13466.3,6.62
4318309,São Gabriel,RS,Sul,2465,19742.38,8.01
2929255,São Gabriel,BA,Nordeste,501,4425.95,8.83
1303809,São Gabriel da Cachoeira,AM,Norte,11,152.72,13.88
3204708,São Gabriel da Palha,ES,Sudeste,1473,19383.83,13.16
5007695,São Gabriel do Oeste,MS,Centro Oeste,2320,26967.19,11.62
3161502,São Geraldo,MG,Sudeste,311,3247.18,10.44
3161601,São Geraldo da Piedade,MG,Sudeste,89,709.85,7.98
1507458,São Geraldo do Araguaia,PA,Norte,540,6201.97,11.49
3161650,São Geraldo do Baixio,MG,Sudeste,142,882.36,6.21
3304904,São Gonçalo,RJ,Sudeste,8821,65235.17,7.4
3161700,São Gonçalo do Abaeté,MG,Sudeste,274,9115.27,33.27
2312403,São Gonçalo do Amarante,CE,Nordeste,1085,23815.52,21.95
2412005,São Gonçalo do Amarante,RN,Nordeste,3372,23871.89,7.08
2209757,São Gonçalo do Gurguéia,PI,Nordeste,35,478.12,13.66
3161809,São Gonçalo do Pará,MG,Sudeste,279,8632.85,30.94
2209807,São Gonçalo do Piauí,PI,Nordeste,102,684.3,6.71
3161908,São Gonçalo do Rio Abaixo,MG,Sudeste,213,3654.89,17.16
3125507,São Gonçalo do Rio Preto,MG,Sudeste,41,394.81,9.63
3162005,São Gonçalo do Sapucaí,MG,Sudeste,444,16337.11,36.8
2929305,São Gonçalo dos Campos,BA,Nordeste,674,7020.76,10.42
3162104,São Gotardo,MG,Sudeste,587,24503.43,41.74
4318408,São Jerônimo,RS,Sul,780,10388.74,13.32
4124707,São Jerônimo da Serra,PR,Sul,154,1566.21,10.17
4124806,São João,PR,Sul,588,7933.44,13.49
2613206,São João,PE,Nordeste,279,2515.43,9.02
2111003,São João Batista,MA,Nordeste,91,1137.55,12.5
4216305,São João Batista,SC,Sul,591,6843.63,11.58
3162203,São João Batista do Glória,MG,Sudeste,477,5198.74,10.9
1400506,São João da Baliza,RR,Norte,43,686.97,15.98
3305000,São João da Barra,RJ,Sudeste,1381,18178.85,13.16
3549102,São João da Boa Vista,SP,Sudeste,2419,22077.43,9.13
2209856,São João da Canabrava,PI,Nordeste,70,550.69,7.87
2209872,São João da Fronteira,PI,Nordeste,100,624.66,6.25
3162252,São João da Lagoa,MG,Sudeste,77,1001.04,13.0
3162302,São João da Mata,MG,Sudeste,65,452.28,6.96
5220058,São João da Paraúna,GO,Centro Oeste,85,1046.56,12.31
1507466,São João da Ponta,PA,Norte,45,460.86,10.24
3162401,São João da Ponte,MG,Sudeste,243,2549.07,10.49
2209906,São João da Serra,PI,Nordeste,125,940.44,7.52
4318424,São João da Urtiga,RS,Sul,353,4443.11,12.59
2209955,São João da Varjota,PI,Nordeste,69,710.52,10.3
5220009,São João d'Aliança,GO,Centro Oeste,86,1528.51,17.77
3549201,São João das Duas Pontes,SP,Sudeste,171,1307.9,7.65
3162450,São João das Missões,MG,Sudeste,52,839.02,16.13
3549250,São João de Iracema,SP,Sudeste,110,779.68,7.09
3305109,São João de Meriti,RJ,Sudeste,1498,14912.34,9.95
1507474,São João de Pirabas,PA,Norte,82,895.97,10.93
3162500,São João del Rei,MG,Sudeste,1924,16096.42,8.37
1507508,São João do Araguaia,PA,Norte,160,2119.05,13.24
2209971,São João do Arraial,PI,Nordeste,45,280.73,6.24
4124905,São João do Caiuá,PR,Sul,192,7475.5,38.93
2514008,São João do Cariri,PB,Nordeste,44,1456.53,33.1
2111029,São João do Carú,MA,Nordeste,123,895.71,7.28
4216354,São João do Itaperiú,SC,Sul,267,3082.15,11.54
4125001,São João do Ivaí,PR,Sul,404,4914.61,12.16
2312502,São João do Jaguaribe,CE,Nordeste,94,756.24,8.05
3162559,São João do Manhuaçu,MG,Sudeste,325,2846.57,8.76
3162575,São João do Manteninha,MG,Sudeste,222,1845.83,8.31
4216255,São João do Oeste,SC,Sul,626,9836.98,15.71
3162609,São João do Oriente,MG,Sudeste,289,2459.05,8.51
3162658,São João do Pacuí,MG,Sudeste,48,740.76,15.43
3162708,São João do Paraíso,MG,Sudeste,338,2655.39,7.86
2111052,São João do Paraíso,MA,Nordeste,306,4349.81,14.22
3549300,São João do Pau d'Alho,SP,Sudeste,167,1381.47,8.27
2210003,São João do Piauí,PI,Nordeste,602,8502.03,14.12
4318432,São João do Polêsine,RS,Sul,151,1368.7,9.06
2500700,São João do Rio do Peixe,PB,Nordeste,528,14101.13,26.71
2412104,São João do Sabugi,RN,Nordeste,412,2768.83,6.72
2111078,São João do Soter,MA,Nordeste,150,1163.28,7.76
4216404,São João do Sul,SC,Sul,325,3634.61,11.18
2514107,São João do Tigre,PB,Nordeste,16,114.29,7.14
4125100,São João do Triunfo,PR,Sul,591,5804.28,9.82
2111102,São João dos Patos,MA,Nordeste,833,12996.06,15.6
3162807,São João Evangelista,MG,Sudeste,241,3318.07,13.77
3162906,São João Nepomuceno,MG,Sudeste,760,9763.6,12.85
4216503,São Joaquim,SC,Sul,350,5344.45,15.27
3549409,São Joaquim da Barra,SP,Sudeste,1837,22851.39,12.44
3162922,São Joaquim de Bicas,MG,Sudeste,436,4560.54,10.46
2613305,São Joaquim do Monte,PE,Nordeste,195,1658.93,8.51
4318440,São Jorge,RS,Sul,232,2752.91,11.87
4125308,São Jorge do Ivaí,PR,Sul,442,4415.28,9.99
4125357,São Jorge do Patrocínio,PR,Sul,578,6456.23,11.17
4125209,São Jorge d'Oeste,PR,Sul,712,10769.71,15.13
4216602,São José,SC,Sul,2987,26069.06,8.73
3162948,São José da Barra,MG,Sudeste,403,4049.06,10.05
3549508,São José da Bela Vista,SP,Sudeste,321,3582.3,11.16
4125407,São José da Boa Vista,PR,Sul,169,2806.53,16.61
2613404,São José da Coroa Grande,PE,Nordeste,400,3668.21,9.17
2514206,São José da Lagoa Tapada,PB,Nordeste,132,2428.15,18.4
2708303,São José da Laje,AL,Nordeste,217,1615.34,7.44
3162955,São José da Lapa,MG,Sudeste,307,4812.29,15.68
3163003,São José da Safira,MG,Sudeste,35,217.24,6.21
2708402,São José da Tapera,AL,Nordeste,313,2796.84,8.94
3163102,São José da Varginha,MG,Sudeste,2289,20968.7,9.16
2929354,São José da Vitória,BA,Nordeste,18,133.02,7.39
4318457,São José das Missões,RS,Sul,81,586.59,7.24
4125456,São José das Palmeiras,PR,Sul,257,3013.56,11.73
2514305,São José de Caiana,PB,Nordeste,33,270.14,8.19
2514404,São José de Espinharas,PB,Nordeste,112,1249.74,11.16
2412203,São José de Mipibu,RN,Nordeste,1382,16115.07,11.66
2514503,São José de Piranhas,PB,Nordeste,446,4225.01,9.47
2514552,São José de Princesa,PB,Nordeste,26,194.61,7.48
2111201,São José de Ribamar,MA,Nordeste,8068,75526.32,9.36
3305133,São José de Ubá,RJ,Sudeste,304,2142.94,7.05
3163201,São José do Alegre,MG,Sudeste,84,703.22,8.37
3549607,São José do Barreiro,SP,Sudeste,34,523.77,15.4
2613503,São José do Belmonte,PE,Nordeste,1348,14357.87,10.65
2514602,São José do Bonfim,PB,Nordeste,89,626.74,7.04
2514651,São José do Brejo do Cruz,PB,Nordeste,76,489.35,6.44
3204807,São José do Calçado,ES,Sudeste,234,2116.42,9.04
2412302,São José do Campestre,RN,Nordeste,131,1290.21,9.85
4216701,São José do Cedro,SC,Sul,758,19769.29,26.08
4216800,São José do Cerrito,SC,Sul,125,944.84,7.56
3163300,São José do Divino,MG,Sudeste,83,724.14,8.72
2210052,São José do Divino,PI,Nordeste,187,1568.56,8.39
2613602,São José do Egito,PE,Nordeste,1192,9934.45,8.33
3163409,São José do Goiabal,MG,Sudeste,147,1117.12,7.6
4318465,São José do Herval,RS,Sul,69,1138.81,16.5
4318481,São José do Hortêncio,RS,Sul,513,3769.46,7.35
4318499,São José do Inhacorá,RS,Sul,244,2095.75,8.59
2929370,São José do Jacuípe,BA,Nordeste,135,1078.24,7.99
3163508,São José do Jacuri,MG,Sudeste,84,725.63,8.64
3163607,São José do Mantimento,MG,Sudeste,97,717.96,7.4
4318507,São José do Norte,RS,Sul,447,3584.11,8.02
4318606,São José do Ouro,RS,Sul,444,4664.02,10.5
2210102,São José do Peixe,PI,Nordeste,36,260.66,7.24
2210201,São José do Piauí,PI,Nordeste,91,798.66,8.78
5107297,São José do Povo,MT,Centro Oeste,237,1854.2,7.82
5107305,São José do Rio Claro,MT,Centro Oeste,962,13567.65,14.1
3549706,São José do Rio Pardo,SP,Sudeste,1587,14976.88,9.44
3549805,São José do Rio Preto,SP,Sudeste,21867,152467.57,6.97
2514701,São José do Sabugi,PB,Nordeste,78,1004.14,12.87
2412401,São José do Seridó,RN,Nordeste,268,2745.59,10.24
4318614,São José do Sul,RS,Sul,206,2807.42,13.63
3305158,São José do Vale do Rio Preto,RJ,Sudeste,259,5585.79,21.57
5107354,São José do Xingu,MT,Centro Oeste,142,3139.53,22.11
4318622,São José dos Ausentes,RS,Sul,74,746.89,10.09
2111250,São José dos Basílios,MA,Nordeste,127,817.68,6.44
3549904,São José dos Campos,SP,Sudeste,11640,136840.87,11.76
2514800,São José dos Cordeiros,PB,Nordeste,28,278.78,9.96
4125506,São José dos Pinhais,PR,Sul,2564,37143.04,14.49
5107107,São José dos Quatro Marcos,MT,Centro Oeste,1719,29428.51,17.12
2514453,São José dos Ramos,PB,Nordeste,21,326.57,15.55
2210300,São Julião,PI,Nordeste,177,1064.65,6.01
4318705,São Leopoldo,RS,Sul,7073,56015.06,7.92
3163706,São Lourenço,MG,Sudeste,742,5871.27,7.91
2613701,São Lourenço da Mata,PE,Nordeste,1186,10935.96,9.22
3549953,São Lourenço da Serra,SP,Sudeste,81,676.41,8.35
4216909,São Lourenço do Oeste,SC,Sul,661,19213.0,29.07
2210359,São Lourenço do Piauí,PI,Nordeste,42,317.15,7.55
4318804,São Lourenço do Sul,RS,Sul,2257,19853.47,8.8
4217006,São Ludgero,SC,Sul,212,4447.93,20.98
2111300,São Luís,MA,Nordeste,27013,288766.74,10.69
5220108,São Luís de Montes Belos,GO,Centro Oeste,1852,18821.12,10.16
2312601,São Luís do Curu,CE,Nordeste,143,1559.48,10.91
2210375,São Luis do Piauí,PI,Nordeste,39,283.97,7.28
2708501,São Luís do Quitunde,AL,Nordeste,157,1747.83,11.13
2111409,São Luís Gonzaga do Maranhão,MA,Nordeste,348,2853.7,8.2
1400605,São Luiz do Anauá,RR,Norte,291,1041.28,3.58
5220157,São Luiz do Norte,GO,Centro Oeste,111,1239.46,11.17
3550001,São Luiz do Paraitinga,SP,Sudeste,213,2365.96,11.11
4318903,São Luiz Gonzaga,RS,Sul,2940,22444.78,7.63
2514909,São Mamede,PB,Nordeste,212,2294.75,10.82
4125555,São Manoel do Paraná,PR,Sul,117,1535.89,13.13
3550100,São Manuel,SP,Sudeste,683,10179.12,14.9
4319000,São Marcos,RS,Sul,1417,16075.58,11.34
4319109,São Martinho,RS,Sul,571,4444.15,7.78
4217105,São Martinho,SC,Sul,257,4627.57,18.01
4319125,São Martinho da Serra,RS,Sul,103,867.62,8.42
3204906,São Mateus,ES,Sudeste,5525,85552.7,15.48
2111508,São Mateus do Maranhão,MA,Nordeste,914,7950.72,8.7
4125605,São Mateus do Sul,PR,Sul,781,9201.35,11.78
2412500,São Miguel,RN,Nordeste,613,5428.37,8.86
3550209,São Miguel Arcanjo,SP,Sudeste,655,5101.81,7.79
2210383,São Miguel da Baixa Grande,PI,Nordeste,47,303.19,6.45
4217154,São Miguel da Boa Vista,SC,Sul,138,1768.51,12.82
2929404,São Miguel das Matas,BA,Nordeste,246,2562.32,10.42
4319158,São Miguel das Missões,RS,Sul,530,5254.96,9.92
2515005,São Miguel de Taipu,PB,Nordeste,172,2187.04,12.72
2807006,São Miguel do Aleixo,SE,Nordeste,23,231.9,10.08
3163805,São Miguel do Anta,MG,Sudeste,313,2758.88,8.81
5220207,São Miguel do Araguaia,GO,Centro Oeste,1100,14412.37,13.1
2210391,São Miguel do Fidalgo,PI,Nordeste,66,415.13,6.29
2412559,São Miguel do Gostoso,RN,Nordeste,417,4358.89,10.45
1507607,São Miguel do Guamá,PA,Norte,564,6020.95,10.68
1100320,São Miguel do Guaporé,RO,Norte,893,9372.38,10.5
4125704,São Miguel do Iguaçu,PR,Sul,2792,32956.89,11.8
4217204,São Miguel do Oeste,SC,Sul,1387,22236.53,16.03
5220264,São Miguel do Passa Quatro,GO,Centro Oeste,218,2851.88,13.08
2210409,São Miguel do Tapuio,PI,Nordeste,257,2109.66,8.21
1720200,São Miguel do Tocantins,TO,Norte,269,2188.66,8.14
2708600,São Miguel dos Campos,AL,Nordeste,798,6975.52,8.74
2708709,São Miguel dos Milagres,AL,Nordeste,294,4150.58,14.12
4319208,São Nicolau,RS,Sul,302,2367.59,7.84
5220280,São Patrício,GO,Centro Oeste,98,869.82,8.88
3550308,São Paulo,SP,Sudeste,25575,257930.0,10.09
4319307,São Paulo das Missões,RS,Sul,588,4370.42,7.43
1303908,São Paulo de Olivença,AM,,0,0.0,
2412609,São Paulo do Potengi,RN,Nordeste,507,4162.82,8.21
2412708,São Pedro,RN,Nordeste,112,1148.73,10.26
3550407,São Pedro,SP,Sudeste,1227,12275.71,10.0
2111532,São Pedro da Água Branca,MA,Nordeste,281,2760.4,9.82
3305208,São Pedro da Aldeia,RJ,Sudeste,3102,24745.65,7.98
5107404,São Pedro da Cipa,MT,Centro Oeste,269,1910.19,7.1
4319356,São Pedro da Serra,RS,Sul,163,2022.55,12.41
3163904,São Pedro da União,MG,Sudeste,153,1515.31,9.9
4319364,São Pedro das Missões,RS,Sul,66,580.1,8.79
4217253,São Pedro de Alcântara,SC,Sul,168,1489.19,8.86
4319372,São Pedro do Butiá,RS,Sul,407,4722.34,11.6
4125753,São Pedro do Iguaçu,PR,Sul,322,4874.2,15.14
4125803,São Pedro do Ivaí,PR,Sul,313,3381.16,10.8
4125902,São Pedro do Paraná,PR,Sul,321,3463.91,10.79
2210508,São Pedro do Piauí,PI,Nordeste,203,6020.67,29.66
3164100,São Pedro do Suaçuí,MG,Sudeste,67,717.01,10.7
4319406,São Pedro do Sul,RS,Sul,880,6241.14,7.09
3550506,São Pedro do Turvo,SP,Sudeste,169,1353.6,8.01
2111573,São Pedro dos Crentes,MA,Nordeste,97,1129.02,11.64
3164001,São Pedro dos Ferros,MG,Sudeste,140,1391.91,9.94
2412807,São Rafael,RN,Nordeste,265,1878.3,7.09
2111607,São Raimundo das Mangabeiras,MA,Nordeste,532,7533.11,14.16
2111631,São Raimundo do Doca Bezerra,MA,Nordeste,41,325.58,7.94
2210607,São Raimundo Nonato,PI,Nordeste,935,11822.59,12.64
2111672,São Roberto,MA,Nordeste,95,476.94,5.02
3164209,São Romão,MG,Sudeste,138,26289.04,190.5
3550605,São Roque,SP,Sudeste,1197,9190.59,7.68
3164308,São Roque de Minas,MG,Sudeste,253,2736.51,10.82
3204955,São Roque do Canaã,ES,Sudeste,538,8228.68,15.29
1720259,São Salvador do Tocantins,TO,Norte,60,770.11,12.84
2708808,São Sebastião,AL,Nordeste,424,4473.57,10.55
3550704,São Sebastião,SP,Sudeste,3054,39754.55,13.02
4126009,São Sebastião da Amoreira,PR,Sul,203,2332.91,11.49
3164407,São Sebastião da Bela Vista,MG,Sudeste,141,1447.27,10.26
1507706,São Sebastião da Boa Vista,PA,Norte,57,776.61,13.62
3550803,São Sebastião da Grama,SP,Sudeste,337,2523.75,7.49
3164431,São Sebastião da Vargem Alegre,MG,Sudeste,198,1453.9,7.34
2515104,São Sebastião de Lagoa de Roça,PB,Nordeste,40,518.55,12.96
3305307,São Sebastião do Alto,RJ,Sudeste,285,2571.64,9.02
3164472,São Sebastião do Anta,MG,Sudeste,107,915.14,8.55
4319505,São Sebastião do Caí,RS,Sul,1363,12091.02,8.87
3164506,São Sebastião do Maranhão,MG,Sudeste,178,1315.83,7.39
3164605,São Sebastião do Oeste,MG,Sudeste,350,26209.52,74.88
3164704,São Sebastião do Paraíso,MG,Sudeste,2743,20660.18,7.53
2929503,São Sebastião do Passé,BA,Nordeste,403,4141.65,10.28
3164803,São Sebastião do Rio Preto,MG,Sudeste,10,108.87,10.89
3164902,São Sebastião do Rio Verde,MG,Sudeste,50,572.38,11.45
1720309,São Sebastião do Tocantins,TO,Norte,64,858.19,13.41
1303957,São Sebastião do Uatumã,AM,Norte,6,130.84,21.81
2515203,São Sebastião do Umbuzeiro,PB,Nordeste,24,201.18,8.38
4319604,São Sepé,RS,Sul,1017,10409.99,10.24
5220405,São Simão,GO,Centro Oeste,783,8574.27,10.95
3550902,São Simão,SP,Sudeste,327,8147.65,24.92
3165008,São Tiago,MG,Sudeste,325,7807.4,24.02
3165107,São Tomás de Aquino,MG,Sudeste,237,2120.02,8.95
4126108,São Tomé,PR,Sul,355,5784.77,16.3
2412906,São Tomé,RN,Nordeste,214,2205.55,10.31
3165206,São Tomé das Letras,MG,Sudeste,132,1247.52,9.45
4319703,São Valentim,RS,Sul,196,2092.89,10.68
4319711,São Valentim do Sul,RS,Sul,101,1605.28,15.89
1720499,São Valério,TO,Norte,95,988.15,10.4
4319737,São Valério do Sul,RS,Sul,69,558.05,8.09
4319752,São Vendelino,RS,Sul,199,1922.63,9.66
3551009,São Vicente,SP,Sudeste,874,6353.5,7.27
2413003,São Vicente,RN,Nordeste,209,1489.82,7.13
3165305,São Vicente de Minas,MG,Sudeste,59,786.96,13.34
2515401,São Vicente do Seridó,PB,Nordeste,39,274.35,7.03
4319802,São Vicente do Sul,RS,Sul,639,5234.93,8.19
2111706,São Vicente Ferrer,MA,Nordeste,145,1866.56,12.87
2613800,São Vicente Férrer,PE,Nordeste,99,1779.16,17.97
2515302,Sapé,PB,Nordeste,323,4071.66,12.61
2929602,Sapeaçu,BA,Nordeste,207,1860.4,8.99
5107875,Sapezal,MT,Centro Oeste,1374,24039.91,17.5
4319901,Sapiranga,RS,Sul,5162,36865.92,7.14
4126207,Sapopema,PR,Sul,59,5540.08,93.9
3305406,Sapucaia,RJ,Sudeste,399,12125.32,30.39
1507755,Sapucaia,PA,Norte,137,1521.73,11.11
4320008,Sapucaia do Sul,RS,Sul,3926,26188.07,6.67
3165404,Sapucaí-Mirim,MG,Sudeste,83,600.77,7.24
3305505,Saquarema,RJ,Sudeste,3340,21504.4,6.44
4320107,Sarandi,RS,Sul,1231,12457.38,10.12
4126256,Sarandi,PR,Sul,3697,34335.0,9.29
3551108,Sarapuí,SP,Sudeste,177,1582.7,8.94
3165503,Sardoá,MG,Sudeste,180,1465.24,8.14
3551207,Sarutaiá,SP,Sudeste,26,176.71,6.8
3165537,Sarzedo,MG,Sudeste,464,7153.28,15.42
2929701,Sátiro Dias,BA,Nordeste,187,2741.36,14.66
2708907,Satuba,AL,Nordeste,726,4906.04,6.76
2111722,Satubinha,MA,Nordeste,82,1168.57,14.25
2929750,Saubara,BA,Nordeste,140,1035.21,7.39
4126272,Saudade do Iguaçu,PR,Sul,295,4716.82,15.99
4217303,Saudades,SC,Sul,545,8259.76,15.16
2929800,Saúde,BA,Nordeste,64,466.57,7.29
4217402,Schroeder,SC,Sul,1378,8708.73,6.32
2929909,Seabra,BA,Nordeste,858,7062.25,8.23
4217501,Seara,SC,Sul,862,17184.26,19.94
3551306,Sebastianópolis do Sul,SP,Sudeste,315,2498.11,7.93
2210623,Sebastião Barros,PI,Nordeste,15,122.75,8.18
2930006,Sebastião Laranjeiras,BA,Nordeste,570,4534.67,7.96
2210631,Sebastião Leal,PI,Nordeste,119,3318.6,27.89
4320206,Seberi,RS,Sul,772,8517.25,11.03
4320230,Sede Nova,RS,Sul,205,1676.25,8.18
4320263,Segredo,RS,Sul,467,3183.43,6.82
4320305,Selbach,RS,Sul,513,3996.99,7.79
5007802,Selvíria,MS,Centro Oeste,447,3148.87,7.04
3165560,Sem-Peixe,MG,Sudeste,33,321.13,9.73
1200500,Sena Madureira,AC,Norte,501,5960.08,11.9
2111748,Senador Alexandre Costa,MA,Nordeste,45,704.39,15.65
3165578,Senador Amaral,MG,Sudeste,137,1475.97,10.77
5220454,Senador Canedo,GO,Centro Oeste,3728,39844.91,10.69
3165602,Senador Cortes,MG,Sudeste,18,235.53,13.08
2413102,Senador Elói de Souza,RN,Nordeste,95,2063.08,21.72
3165701,Senador Firmino,MG,Sudeste,339,2433.63,7.18
2413201,Senador Georgino Avelino,RN,Nordeste,48,500.39,10.42
1200450,Senador Guiomard,AC,Norte,548,8064.44,14.72
3165800,Senador José Bento,MG,Sudeste,39,280.81,7.2
1507805,Senador José Porfírio,PA,Norte,134,1298.69,9.69
2111763,Senador La Rocque,MA,Nordeste,609,6212.53,10.2
3165909,Senador Modestino Gonçalves,MG,Sudeste,38,412.41,10.85
2312700,Senador Pompeu,CE,Nordeste,460,3857.93,8.39
2708956,Senador Rui Palmeira,AL,Nordeste,90,800.63,8.9
2312809,Senador Sá,CE,Nordeste,71,642.76,9.05
4320321,Senador Salgado Filho,RS,Sul,98,867.37,8.85
4126306,Sengés,PR,Sul,203,2263.67,11.15
2930105,Senhor do Bonfim,BA,Nordeste,1999,14762.48,7.38
3166006,Senhora de Oliveira,MG,Sudeste,70,646.83,9.24
3166105,Senhora do Porto,MG,Sudeste,31,395.99,12.77
3166204,Senhora dos Remédios,MG,Sudeste,125,951.48,7.61
4320354,Sentinela do Sul,RS,Sul,194,3894.69,20.08
2930204,Sento Sé,BA,Nordeste,819,9139.17,11.16
4320404,Serafina Corrêa,RS,Sul,891,8928.13,10.02
3166303,Sericita,MG,Sudeste,78,629.46,8.07
1101500,Seringueiras,RO,Norte,460,4346.02,9.45
4320453,Sério,RS,Sul,101,2064.25,20.44
3166402,Seritinga,MG,Sudeste,19,187.5,9.87
3305554,Seropédica,RJ,Sudeste,463,41150.23,88.88
3205002,Serra,ES,Sudeste,12454,130489.59,10.48
4217550,Serra Alta,SC,Sul,216,3548.98,16.43
3551405,Serra Azul,SP,Sudeste,171,1481.52,8.66
3166501,Serra Azul de Minas,MG,Sudeste,12,174.01,14.5
2515500,Serra Branca,PB,Nordeste,147,1795.2,12.21
2410306,Serra Caiada,RN,Nordeste,150,1519.66,10.13
2515609,Serra da Raiz,PB,Nordeste,26,544.21,20.93
3166600,Serra da Saudade,MG,Sudeste,25,345.0,13.8
2413300,Serra de São Bento,RN,Nordeste,108,1017.55,9.42
2413359,Serra do Mel,RN,Nordeste,424,3506.02,8.27
1600055,Serra do Navio,AP,Norte,5,89.1,17.82
2930154,Serra do Ramalho,BA,Nordeste,895,8369.81,9.35
3166808,Serra do Salitre,MG,Sudeste,338,9756.61,28.87
3166709,Serra dos Aimorés,MG,Sudeste,76,711.85,9.37
2930303,Serra Dourada,BA,Nordeste,383,2601.75,6.79
2515708,Serra Grande,PB,Nordeste,28,197.63,7.06
3551603,Serra Negra,SP,Sudeste,625,6260.97,10.02
2413409,Serra Negra do Norte,RN,Nordeste,316,3508.15,11.1
5107883,Serra Nova Dourada,MT,Centro Oeste,44,432.15,9.82
2930402,Serra Preta,BA,Nordeste,132,1039.36,7.87
2515807,Serra Redonda,PB,Nordeste,24,170.8,7.12
2613909,Serra Talhada,PE,Nordeste,4920,33070.56,6.72
3551504,Serrana,SP,Sudeste,860,7215.5,8.39
3166907,Serrania,MG,Sudeste,99,1526.63,15.42
2111789,Serrano do Maranhão,MA,Nordeste,21,237.44,11.31
5220504,Serranópolis,GO,Centro Oeste,145,2264.3,15.62
3166956,Serranópolis de Minas,MG,Sudeste,97,1286.4,13.26
4126355,Serranópolis do Iguaçu,PR,Sul,687,10878.88,15.84
3167004,Serranos,MG,Sudeste,19,158.38,8.34
2515906,Serraria,PB,Nordeste,18,168.9,9.38
2930501,Serrinha,BA,Nordeste,2008,16374.21,8.15
2413508,Serrinha,RN,Nordeste,73,594.04,8.14
2413557,Serrinha dos Pintos,RN,Nordeste,158,1172.77,7.42
2614006,Serrita,PE,Nordeste,344,3257.53,9.47
3167103,Serro,MG,Sudeste,117,1516.32,12.96
2930600,Serrolândia,BA,Nordeste,187,1494.31,7.99
4126405,Sertaneja,PR,Sul,386,4150.46,10.75
2614105,Sertânia,PE,Nordeste,595,6909.77,11.61
4126504,Sertanópolis,PR,Sul,1315,13508.71,10.27
4320503,Sertão,RS,Sul,362,4426.12,12.23
4320552,Sertão Santana,RS,Sul,401,3040.97,7.58
3551702,Sertãozinho,SP,Sudeste,3787,36392.33,9.61
2515930,Sertãozinho,PB,Nordeste,24,235.18,9.8
3551801,Sete Barras,SP,Sudeste,130,1551.17,11.93
4320578,Sete de Setembro,RS,Sul,153,1535.31,10.03
3167202,Sete Lagoas,MG,Sudeste,4093,57810.41,14.12
5007703,Sete Quedas,MS,Centro Oeste,557,7383.42,13.26
3165552,Setubinha,MG,Sudeste,51,297.82,5.84
4320602,Severiano de Almeida,RS,Sul,319,5168.71,16.2
2413607,Severiano Melo,RN,Nordeste,440,3053.35,6.94
3551900,Severínia,SP,Sudeste,669,4215.1,6.3
4217600,Siderópolis,SC,Sul,590,6401.27,10.85
5007901,Sidrolândia,MS,Centro Oeste,2684,35312.9,13.16
2210656,Sigefredo Pacheco,PI,Nordeste,90,676.28,7.51
3305604,Silva Jardim,RJ,Sudeste,387,3393.32,8.77
5220603,Silvânia,GO,Centro Oeste,710,15926.69,22.43
1720655,Silvanópolis,TO,Norte,144,1739.67,12.08
4320651,Silveira Martins,RS,Sul,73,730.26,10.0
3167301,Silveirânia,MG,Sudeste,55,444.9,8.09
3552007,Silveiras,SP,Sudeste,68,612.26,9.0
1304005,Silves,AM,Norte,8,99.0,12.38
3167400,Silvianópolis,MG,Sudeste,134,4698.82,35.07
2807105,Simão Dias,SE,Nordeste,372,3586.71,9.64
3167509,Simão Pereira,MG,Sudeste,42,371.12,8.84
2210706,Simões,PI,Nordeste,254,1977.33,7.78
2930709,Simões Filho,BA,Nordeste,1069,14471.25,13.54
5220686,Simolândia,GO,Centro Oeste,79,908.44,11.5
3167608,Simonésia,MG,Sudeste,1210,13951.84,11.53
2210805,Simplício Mendes,PI,Nordeste,337,2486.41,7.38
4320677,Sinimbu,RS,Sul,486,4122.28,8.48
5107909,Sinop,MT,Centro Oeste,13215,155244.91,11.75
4126603,Siqueira Campos,PR,Sul,357,5948.78,16.66
2614204,Sirinhaém,PE,Nordeste,329,2891.18,8.79
2807204,Siriri,SE,Nordeste,24,204.99,8.54
5220702,Sítio d'Abadia,GO,Centro Oeste,21,360.02,17.14
2930758,Sítio do Mato,BA,Nordeste,387,3587.45,9.27
2930766,Sítio do Quinto,BA,Nordeste,127,961.55,7.57
2413706,Sítio Novo,RN,Nordeste,78,763.16,9.78
2111805,Sítio Novo,MA,Nordeste,473,4059.59,8.58
1720804,Sítio Novo do Tocantins,TO,Norte,199,2124.99,10.68
2930774,Sobradinho,BA,Nordeste,1368,12729.01,9.3
4320701,Sobradinho,RS,Sul,923,6943.43,7.52
2515971,Sobrado,PB,Nordeste,84,3672.46,43.72
2312908,Sobral,CE,Nordeste,4269,42234.72,9.89
3167707,Sobrália,MG,Sudeste,198,1174.62,5.93
3552106,Socorro,SP,Sudeste,1133,10681.29,9.43
2210904,Socorro do Piauí,PI,Nordeste,83,485.21,5.85
2516003,Solânea,PB,Nordeste,170,1634.31,9.61
2516102,Soledade,PB,Nordeste,154,2031.73,13.19
4320800,Soledade,RS,Sul,971,10508.36,10.82
3167806,Soledade de Minas,MG,Sudeste,123,993.13,8.07
2614402,Solidão,PE,Nordeste,79,605.03,7.66
2313005,Solonópole,CE,Nordeste,372,12409.33,33.36
4217709,Sombrio,SC,Sul,753,13023.3,17.3
5007935,Sonora,MS,Centro Oeste,1235,13271.24,10.75
3205010,Sooretama,ES,Sudeste,900,20939.03,23.27
3552205,Sorocaba,SP,Sudeste,10671,91285.41,8.55
5107925,Sorriso,MT,Centro Oeste,8044,133196.28,16.56
2516151,Sossêgo,PB,Nordeste,21,161.83,7.71
1507904,Soure,PA,Norte,200,1977.53,9.89
2516201,Sousa,PB,Nordeste,2591,32780.01,12.65
2930808,Souto Soares,BA,Nordeste,114,1179.3,10.34
1720853,Sucupira,TO,Norte,69,533.07,7.73
2111904,Sucupira do Norte,MA,Nordeste,102,2228.8,21.85
2111953,Sucupira do Riachão,MA,Nordeste,49,586.9,11.98
3552304,Sud Mennucci,SP,Sudeste,521,3890.19,7.47
4217758,Sul Brasil,SC,Sul,123,2077.08,16.89
4126652,Sulina,PR,Sul,217,3525.28,16.25
3552403,Sumaré,SP,Sudeste,4719,34133.76,7.23
2516300,Sumé,PB,Nordeste,190,1809.14,9.52
3305703,Sumidouro,RJ,Sudeste,437,4431.33,10.14
2614501,Surubim,PE,Nordeste,1410,13496.36,9.57
2210938,Sussuapara,PI,Nordeste,232,2357.57,10.16
3552551,Suzanápolis,SP,Sudeste,401,2440.1,6.09
3552502,Suzano,SP,Sudeste,2804,28844.39,10.29
4320859,Tabaí,RS,Sul,159,1635.77,10.29
5107941,Tabaporã,MT,Centro Oeste,590,11518.04,19.52
3552601,Tabapuã,SP,Sudeste,664,5606.55,8.44
3552700,Tabatinga,SP,Sudeste,453,8722.46,19.25
1304062,Tabatinga,AM,Norte,36,733.9,20.39
2614600,Tabira,PE,Nordeste,758,6271.53,8.27
3552809,Taboão da Serra,SP,Sudeste,393,2963.34,7.54
1708254,Tabocão,TO,Norte,101,867.0,8.58
2930907,Tabocas do Brejo Velho,BA,Nordeste,302,1380.73,4.57
2413805,Taboleiro Grande,RN,Nordeste,107,1367.63,12.78
3167905,Tabuleiro,MG,Sudeste,80,872.11,10.9
2313104,Tabuleiro do Norte,CE,Nordeste,1016,8328.86,8.2
2614709,Tacaimbó,PE,Nordeste,140,2097.98,14.99
2614808,Tacaratu,PE,Nordeste,442,2979.77,6.74
3552908,Taciba,SP,Sudeste,357,2694.82,7.55
2516409,Tacima,PB,Nordeste,41,309.7,7.55
5007950,Tacuru,MS,Centro Oeste,345,3315.63,9.61
3553005,Taguaí,SP,Sudeste,250,3096.4,12.39
1720903,Taguatinga,TO,Norte,352,3296.01,9.36
3553104,Taiaçu,SP,Sudeste,182,1788.65,9.83
1507953,Tailândia,PA,Norte,1781,19402.26,10.89
4217808,Taió,SC,Sul,704,8815.49,12.52
3168002,Taiobeiras,MG,Sudeste,523,25927.55,49.57
1720937,Taipas do Tocantins,TO,Norte,16,478.66,29.92
2413904,Taipu,RN,Nordeste,168,1729.25,10.29
3553203,Taiúva,SP,Sudeste,265,2959.85,11.17
1720978,Talismã,TO,Norte,124,1437.19,11.59
2614857,Tamandaré,PE,Nordeste,831,8197.64,9.86
4126678,Tamarana,PR,Sul,156,2011.28,12.89
3553302,Tambaú,SP,Sudeste,634,5853.63,9.23
4126702,Tamboara,PR,Sul,281,8091.05,28.79
2313203,Tamboril,CE,Nordeste,375,3025.07,8.07
2210953,Tamboril do Piauí,PI,Nordeste,31,214.23,6.91
3553401,Tanabi,SP,Sudeste,1344,19925.95,14.83
4217907,Tangará,SC,Sul,226,4566.32,20.2
2414001,Tangará,RN,Nordeste,269,2883.31,10.72
5107958,Tangará da Serra,MT,Centro Oeste,7712,92724.82,12.02
3305752,Tanguá,RJ,Sudeste,737,5151.08,6.99
2931004,Tanhaçu,BA,Nordeste,1381,17131.22,12.4
2709004,Tanque d'Arca,AL,Nordeste,67,623.69,9.31
2210979,Tanque do Piauí,PI,Nordeste,42,267.6,6.37
2931053,Tanque Novo,BA,Nordeste,489,3994.06,8.17
2931103,Tanquinho,BA,Nordeste,102,963.59,9.45
3168051,Taparuba,MG,Sudeste,148,1541.82,10.42
1304104,Tapauá,AM,Norte,46,603.91,13.13
4320909,Tapejara,RS,Sul,1819,15465.37,8.5
4126801,Tapejara,PR,Sul,640,13321.39,20.81
4321006,Tapera,RS,Sul,672,5359.88,7.98
2931202,Taperoá,BA,Nordeste,131,1309.78,10.0
2516508,Taperoá,PB,Nordeste,126,1311.74,10.41
4321105,Tapes,RS,Sul,363,6554.2,18.06
4126900,Tapira,PR,Sul,285,5615.61,19.7
3168101,Tapira,MG,Sudeste,87,1258.75,14.47
3168200,Tapiraí,MG,Sudeste,47,811.56,17.27
3553500,Tapiraí,SP,Sudeste,32,323.27,10.1
2931301,Tapiramutá,BA,Nordeste,125,1272.81,10.18
3553609,Tapiratiba,SP,Sudeste,186,1987.87,10.69
5108006,Tapurah,MT,Centro Oeste,826,21018.1,25.45
4321204,Taquara,RS,Sul,3011,23591.06,7.83
3168309,Taquaraçu de Minas,MG,Sudeste,188,1578.8,8.4
3553658,Taquaral,SP,Sudeste,90,660.43,7.34
5221007,Taquaral de Goiás,GO,Centro Oeste,129,1308.19,10.14
2709103,Taquarana,AL,Nordeste,330,3291.77,9.98
4321303,Taquari,RS,Sul,1841,11291.57,6.13
3553708,Taquaritinga,SP,Sudeste,2492,31450.82,12.62
2615003,Taquaritinga do Norte,PE,Nordeste,725,7207.91,9.94
3553807,Taquarituba,SP,Sudeste,474,7653.32,16.15
3553856,Taquarivaí,SP,Sudeste,68,2132.97,31.37
4321329,Taquaruçu do Sul,RS,Sul,323,3666.37,11.35
5007976,Taquarussu,MS,Centro Oeste,304,2514.36,8.27
3553906,Tarabai,SP,Sudeste,463,2216.0,4.79
1200609,Tarauacá,AC,Norte,324,3882.5,11.98
2313252,Tarrafas,CE,Nordeste,65,593.71,9.13
1600709,Tartarugalzinho,AP,Norte,72,995.25,13.82
3553955,Tarumã,SP,Sudeste,706,6041.27,8.56
3168408,Tarumirim,MG,Sudeste,628,5558.13,8.85
2112001,Tasso Fragoso,MA,Nordeste,185,6257.25,33.82
3554003,Tatuí,SP,Sudeste,2834,25208.45,8.9
2313302,Tauá,CE,Nordeste,1237,12019.24,9.72
3554102,Taubaté,SP,Sudeste,6258,83721.36,13.38
4321352,Tavares,RS,Sul,106,1281.35,12.09
2516607,Tavares,PB,Nordeste,99,880.7,8.9
1304203,Tefé,AM,Norte,73,1951.83,26.74
2516706,Teixeira,PB,Nordeste,141,1191.93,8.45
2931350,Teixeira de Freitas,BA,Nordeste,6075,52468.27,8.64
4127007,Teixeira Soares,PR,Sul,254,4747.6,18.69
3168507,Teixeiras,MG,Sudeste,280,2968.03,10.6
1101559,Teixeirópolis,RO,Norte,288,2540.78,8.82
2313351,Tejuçuoca,CE,Nordeste,91,1029.8,11.32
3554201,Tejupá,SP,Sudeste,36,380.82,10.58
4127106,Telêmaco Borba,PR,Sul,450,6877.09,15.28
2807303,Telha,SE,Nordeste,17,245.94,14.47
2414100,Tenente Ananias,RN,Nordeste,361,3147.37,8.72
2414159,Tenente Laurentino Cruz,RN,Nordeste,160,1489.53,9.31
4321402,Tenente Portela,RS,Sul,873,8845.51,10.13
2516755,Tenório,PB,Nordeste,17,287.87,16.93
2931400,Teodoro Sampaio,BA,Nordeste,50,824.23,16.48
3554300,Teodoro Sampaio,SP,Sudeste,1471,10038.2,6.82
2931509,Teofilândia,BA,Nordeste,384,2457.83,6.4
3168606,Teófilo Otoni,MG,Sudeste,2887,26352.42,9.13
2931608,Teolândia,BA,Nordeste,135,978.85,7.25
2709152,Teotônio Vilela,AL,Nordeste,628,11668.39,18.58
5008008,Terenos,MS,Centro Oeste,1283,34854.0,27.17
2211001,Teresina,PI,Nordeste,38256,367961.01,9.62
5221080,Teresina de Goiás,GO,Centro Oeste,26,306.84,11.8
3305802,Teresópolis,RJ,Sudeste,2457,31226.44,12.71
2615102,Terezinha,PE,Nordeste,28,342.27,12.22
5221197,Terezópolis de Goiás,GO,Centro Oeste,169,2907.64,17.2
1507961,Terra Alta,PA,Norte,105,1134.4,10.8
4127205,Terra Boa,PR,Sul,855,11460.0,13.4
4321436,Terra de Areia,RS,Sul,295,3029.16,10.27
2615201,Terra Nova,PE,Nordeste,270,1862.96,6.9
2931707,Terra Nova,BA,Nordeste,58,510.52,8.8
5108055,Terra Nova do Norte,MT,Centro Oeste,814,10689.7,13.13
4127304,Terra Rica,PR,Sul,806,7745.46,9.61
4127403,Terra Roxa,PR,Sul,1513,19370.42,12.8
3554409,Terra Roxa,SP,Sudeste,440,3180.02,7.23
1507979,Terra Santa,PA,Norte,323,2741.14,8.49
5108105,Tesouro,MT,Centro Oeste,79,2078.52,26.31
4321451,Teutônia,RS,Sul,1942,19779.13,10.18
1101609,Theobroma,RO,Norte,1396,13690.93,9.81
2313401,Tianguá,CE,Nordeste,1172,15789.42,13.47
4127502,Tibagi,PR,Sul,206,5417.36,26.3
2411056,Tibau,RN,Nordeste,623,5674.44,9.11
2414209,Tibau do Sul,RN,Nordeste,757,8655.31,11.43
3554508,Tietê,SP,Sudeste,1540,18822.49,12.22
4217956,Tigrinhos,SC,Sul,110,2321.85,21.11
4218004,Tijucas,SC,Sul,1091,9833.92,9.01
4127601,Tijucas do Sul,PR,Sul,207,3107.8,15.01
2615300,Timbaúba,PE,Nordeste,866,7609.42,8.79
2414308,Timbaúba dos Batistas,RN,Nordeste,153,1282.21,8.38
4218103,Timbé do Sul,SC,Sul,80,2535.54,31.69
2112100,Timbiras,MA,Nordeste,320,2759.98,8.62
4218202,Timbó,SC,Sul,1979,17374.75,8.78
4218251,Timbó Grande,SC,Sul,45,818.01,18.18
3554607,Timburi,SP,Sudeste,107,300.11,2.8
2112209,Timon,MA,Nordeste,8601,105775.69,12.3
3168705,Timóteo,MG,Sudeste,2843,18883.42,6.64
4321469,Tio Hugo,RS,Sul,116,1479.52,12.75
3168804,Tiradentes,MG,Sudeste,279,2802.44,10.04
4321477,Tiradentes do Sul,RS,Sul,323,2932.72,9.08
3168903,Tiros,MG,Sudeste,203,2635.21,12.98
2807402,Tobias Barreto,SE,Nordeste,441,4166.92,9.45
1721109,Tocantínia,TO,Norte,81,943.46,11.65
1721208,Tocantinópolis,TO,Norte,703,6349.21,9.03
3169000,Tocantins,MG,Sudeste,755,6098.4,8.08
3169059,Tocos do Moji,MG,Sudeste,99,597.58,6.04
3169109,Toledo,MG,Sudeste,136,1088.97,8.01
4127700,Toledo,PR,Sul,9635,118696.24,12.32
2807501,Tomar do Geru,SE,Nordeste,41,415.78,10.14
4127809,Tomazina,PR,Sul,207,3708.59,17.92
3169208,Tombos,MG,Sudeste,285,1759.97,6.18
1508001,Tomé-Açu,PA,Norte,925,11067.67,11.97
1304237,Tonantins,AM,Norte,2,36.0,18.0
2615409,Toritama,PE,Nordeste,1515,14304.83,9.44
5108204,Torixoréu,MT,Centro Oeste,250,2272.16,9.09
4321493,Toropi,RS,Sul,138,751.7,5.45
3554656,Torre de Pedra,SP,Sudeste,151,3153.96,20.89
4321501,Torres,RS,Sul,1451,14794.66,10.2
3554706,Torrinha,SP,Sudeste,147,1921.92,13.07
2414407,Touros,RN,Nordeste,873,8535.65,9.78
3554755,Trabiju,SP,Sudeste,95,565.46,5.95
1508035,Tracuateua,PA,Norte,83,2393.85,28.84
2615508,Tracunhaém,PE,Nordeste,138,1163.15,8.43
2709202,Traipu,AL,Nordeste,189,2081.76,11.01
1508050,Trairão,PA,Norte,175,2304.25,13.17
2313500,Trairi,CE,Nordeste,907,17734.62,19.55
3305901,Trajano de Moraes,RJ,Sudeste,105,763.0,7.27
4321600,Tramandaí,RS,Sul,1261,10613.45,8.42
4321626,Travesseiro,RS,Sul,133,1649.98,12.41
2931806,Tremedal,BA,Nordeste,303,2089.57,6.9
3554805,Tremembé,SP,Sudeste,1591,24093.69,15.14
4321634,Três Arroios,RS,Sul,231,3113.01,13.48
4218301,Três Barras,SC,Sul,172,2848.03,16.56
4127858,Três Barras do Paraná,PR,Sul,644,8411.22,13.06
4321667,Três Cachoeiras,RS,Sul,491,4870.29,9.92
3169307,Três Corações,MG,Sudeste,1631,30787.63,18.88
4321709,Três Coroas,RS,Sul,1376,11444.24,8.32
4321808,Três de Maio,RS,Sul,2013,16181.76,8.04
4321832,Três Forquilhas,RS,Sul,96,793.08,8.26
3554904,Três Fronteiras,SP,Sudeste,617,4208.01,6.82
5008305,Três Lagoas,MS,Centro Oeste,8105,69276.96,8.55
3169356,Três Marias,MG,Sudeste,727,8751.24,12.04
4321857,Três Palmeiras,RS,Sul,252,3321.03,13.18
4321907,Três Passos,RS,Sul,2182,18829.17,8.63
3169406,Três Pontas,MG,Sudeste,1562,15697.26,10.05
5221304,Três Ranchos,GO,Centro Oeste,260,6525.96,25.1
3306008,Três Rios,RJ,Sudeste,663,15190.0,22.91
4218350,Treviso,SC,Sul,237,1806.5,7.62
4218400,Treze de Maio,SC,Sul,334,3071.07,9.19
4218509,Treze Tílias,SC,Sul,231,5107.42,22.11
5221403,Trindade,GO,Centro Oeste,3527,36693.67,10.4
2615607,Trindade,PE,Nordeste,892,8780.36,9.84
4321956,Trindade do Sul,RS,Sul,355,6247.51,17.6
4322004,Triunfo,RS,Sul,740,6647.65,8.98
2615706,Triunfo,PE,Nordeste,519,3361.29,6.48
2516805,Triunfo,PB,Nordeste,147,1274.87,8.67
2414456,Triunfo Potiguar,RN,Nordeste,119,862.96,7.25
2112233,Trizidela do Vale,MA,Nordeste,1255,10308.63,8.21
5221452,Trombas,GO,Centro Oeste,100,963.77,9.64
4218608,Trombudo Central,SC,Sul,235,2389.72,10.17
4218707,Tubarão,SC,Sul,3234,31910.12,9.87
2931905,Tucano,BA,Nordeste,2124,18140.18,8.54
1508084,Tucumã,PA,Norte,1031,12693.61,12.31
4322103,Tucunduva,RS,Sul,696,5749.54,8.26
1508100,Tucuruí,PA,Norte,4477,39475.32,8.82
2112274,Tufilândia,MA,Nordeste,37,568.17,15.36
3554953,Tuiuti,SP,Sudeste,176,1704.55,9.68
3169505,Tumiritinga,MG,Sudeste,378,5094.96,13.48
4218756,Tunápolis,SC,Sul,442,7049.52,15.95
4322152,Tunas,RS,Sul,64,579.73,9.06
4127882,Tunas do Paraná,PR,Sul,18,5144.64,285.81
4127908,Tuneiras do Oeste,PR,Sul,359,5687.57,15.84
2112308,Tuntum,MA,Nordeste,399,4032.02,10.11
3555000,Tupã,SP,Sudeste,2809,22544.78,8.03
3169604,Tupaciguara,MG,Sudeste,640,8184.26,12.79
2615805,Tupanatinga,PE,Nordeste,219,2117.29,9.67
4322186,Tupanci do Sul,RS,Sul,66,540.12,8.18
4322202,Tupanciretã,RS,Sul,783,7445.11,9.51
4322251,Tupandi,RS,Sul,483,5946.46,12.31
4322301,Tuparendi,RS,Sul,989,7215.46,7.3
2615904,Tuparetama,PE,Nordeste,301,2344.41,7.79
4127957,Tupãssi,PR,Sul,620,10332.47,16.67
3555109,Tupi Paulista,SP,Sudeste,1254,10785.65,8.6
1721257,Tupirama,TO,Norte,51,418.92,8.21
1721307,Tupiratins,TO,Norte,48,424.64,8.85
2112407,Turiaçu,MA,Nordeste,27,316.34,11.72
2112456,Turilândia,MA,Nordeste,101,848.98,8.41
3555208,Turiúba,SP,Sudeste,312,1272.69,4.08
3555307,Turmalina,SP,Sudeste,202,1685.18,8.34
3169703,Turmalina,MG,Sudeste,345,7983.77,23.14
4322327,Turuçu,RS,Sul,143,1631.69,11.41
2313559,Tururu,CE,Nordeste,76,1920.54,25.27
5221502,Turvânia,GO,Centro Oeste,199,7803.85,39.22
5221551,Turvelândia,GO,Centro Oeste,149,1596.56,10.72
4127965,Turvo,PR,Sul,212,2339.07,11.03
4218806,Turvo,SC,Sul,204,5085.76,24.93
3169802,Turvolândia,MG,Sudeste,149,1651.85,11.09
2112506,Tutóia,MA,Nordeste,741,8929.08,12.05
1304260,Uarini,AM,Norte,9,98.17,10.91
2932002,Uauá,BA,Nordeste,760,4866.15,6.4
3169901,Ubá,MG,Sudeste,4275,41474.99,9.7
3170008,Ubaí,MG,Sudeste,66,1072.84,16.26
2932101,Ubaíra,BA,Nordeste,228,2288.01,10.04
2932200,Ubaitaba,BA,Nordeste,203,1782.73,8.78
2313609,Ubajara,CE,Nordeste,487,7358.7,15.11
3170057,Ubaporanga,MG,Sudeste,521,4038.28,7.75
3555356,Ubarana,SP,Sudeste,221,1810.09,8.19
2932309,Ubatã,BA,Nordeste,344,3026.2,8.8
3555406,Ubatuba,SP,Sudeste,1271,12768.46,10.05
3170107,Uberaba,MG,Sudeste,10600,101228.49,9.55
3170206,Uberlândia,MG,Sudeste,21426,201924.55,9.42
3555505,Ubirajara,SP,Sudeste,115,1017.07,8.84
4128005,Ubiratã,PR,Sul,1332,19697.36,14.79
4322343,Ubiretama,RS,Sul,131,968.77,7.4
3555604,Uchoa,SP,Sudeste,357,3011.46,8.44
2932408,Uibaí,BA,Nordeste,341,2978.05,8.73
1400704,Uiramutã,RR,Norte,1,25.0,25.0
5221577,Uirapuru,GO,Centro Oeste,62,741.34,11.96
2516904,Uiraúna,PB,Nordeste,362,3617.54,9.99
1508126,Ulianópolis,PA,Norte,253,3848.86,15.21
2313708,Umari,CE,Nordeste,132,854.81,6.48
2414506,Umarizal,RN,Nordeste,625,5086.53,8.14
2807600,Umbaúba,SE,Nordeste,163,2578.55,15.82
2932457,Umburanas,BA,Nordeste,78,703.67,9.02
3170305,Umburatiba,MG,Sudeste,59,422.81,7.17
2517001,Umbuzeiro,PB,Nordeste,37,377.76,10.21
2313757,Umirim,CE,Nordeste,86,1174.41,13.66
4128104,Umuarama,PR,Sul,7027,86018.39,12.24
2932507,Una,BA,Nordeste,84,1060.84,12.63
3170404,Unaí,MG,Sudeste,3937,38481.76,9.77
2211100,União,PI,Nordeste,613,5885.04,9.6
4322350,União da Serra,RS,Sul,91,1992.27,21.89
4128203,União da Vitória,PR,Sul,447,5528.66,12.37
3170438,União de Minas,MG,Sudeste,155,1426.65,9.2
4218855,União do Oeste,SC,Sul,141,1807.1,12.82
5108303,União do Sul,MT,Centro Oeste,151,4351.48,28.82
2709301,União dos Palmares,AL,Nordeste,785,8095.16,10.31
3555703,União Paulista,SP,Sudeste,137,571.93,4.17
4128302,Uniflor,PR,Sul,67,963.45,14.38
4322376,Unistalda,RS,Sul,182,1043.99,5.74
2414605,Upanema,RN,Nordeste,631,5688.11,9.01
4128401,Uraí,PR,Sul,439,4290.49,9.77
2932606,Urandi,BA,Nordeste,681,5256.46,7.72
3555802,Urânia,SP,Sudeste,742,5998.1,8.08
2112605,Urbano Santos,MA,Nordeste,205,2513.94,12.26
3555901,Uru,SP,Sudeste,87,531.06,6.1
5221601,Uruaçu,GO,Centro Oeste,2101,28875.36,13.74
5221700,Uruana,GO,Centro Oeste,564,4726.59,8.38
3170479,Uruana de Minas,MG,Sudeste,132,1145.78,8.68
1508159,Uruará,PA,Norte,498,6561.66,13.18
4218905,Urubici,SC,Sul,252,3352.77,13.3
2313807,Uruburetama,CE,Nordeste,110,653.17,5.94
3170503,Urucânia,MG,Sudeste,173,4135.07,23.9
1304302,Urucará,AM,Norte,14,256.24,18.3
2932705,Uruçuca,BA,Nordeste,264,2693.55,10.2
2211209,Uruçuí,PI,Nordeste,631,9223.51,14.62
3170529,Urucuia,MG,Sudeste,107,1464.98,13.69
1304401,Urucurituba,AM,Norte,23,325.58,14.16
4322400,Uruguaiana,RS,Sul,3123,50336.17,16.12
2313906,Uruoca,CE,Nordeste,149,1324.51,8.89
1101708,Urupá,RO,Norte,760,6789.86,8.93
4218954,Urupema,SC,Sul,48,475.95,9.92
3556008,Urupês,SP,Sudeste,1462,18329.65,12.54
4219002,Urussanga,SC,Sul,487,5360.06,11.01
5221809,Urutaí,GO,Centro Oeste,212,5814.08,27.42
2932804,Utinga,BA,Nordeste,264,3419.3,12.95
4322509,Vacaria,RS,Sul,1823,18066.81,9.91
5108352,Vale de São Domingos,MT,Centro Oeste,207,1980.05,9.57
1101757,Vale do Anari,RO,Norte,317,2970.47,9.37
1101807,Vale do Paraíso,RO,Norte,257,3409.2,13.27
4322533,Vale do Sol,RS,Sul,501,4383.86,8.75
4322541,Vale Real,RS,Sul,593,4334.06,7.31
4322525,Vale Verde,RS,Sul,104,815.26,7.84
3306107,Valença,RJ,Sudeste,717,17116.64,23.87
2932903,Valença,BA,Nordeste,1793,15246.37,8.5
2211308,Valença do Piauí,PI,Nordeste,677,5979.45,8.83
2933000,Valente,BA,Nordeste,454,3616.32,7.97
3556107,Valentim Gentil,SP,Sudeste,1083,9099.42,8.4
3556206,Valinhos,SP,Sudeste,4117,31211.37,7.58
3556305,Valparaíso,SP,Sudeste,1027,6572.7,6.4
5221858,Valparaíso de Goiás,GO,Centro Oeste,1066,10594.68,9.94
4322558,Vanini,RS,Sul,129,1662.74,12.89
4219101,Vargeão,SC,Sul,153,2450.9,16.02
4219150,Vargem,SC,Sul,94,415.35,4.42
3556354,Vargem,SP,Sudeste,176,1685.14,9.57
3170578,Vargem Alegre,MG,Sudeste,61,698.6,11.45
3205036,Vargem Alta,ES,Sudeste,477,6997.03,14.67
3170602,Vargem Bonita,MG,Sudeste,52,455.54,8.76
4219176,Vargem Bonita,SC,Sul,106,5933.73,55.98
2112704,Vargem Grande,MA,Nordeste,468,11776.97,25.16
3170651,Vargem Grande do Rio Pardo,MG,Sudeste,55,484.49,8.81
3556404,Vargem Grande do Sul,SP,Sudeste,976,11783.44,12.07
3556453,Vargem Grande Paulista,SP,Sudeste,775,5934.94,7.66
3170701,Varginha,MG,Sudeste,1074,17421.94,16.22
5221908,Varjão,GO,Centro Oeste,115,1444.34,12.56
3170750,Varjão de Minas,MG,Sudeste,202,4106.39,20.33
2313955,Varjota,CE,Nordeste,330,3346.12,10.14
3306156,Varre-Sai,RJ,Sudeste,304,2465.11,8.11
2414704,Várzea,RN,Nordeste,112,898.71,8.02
2517100,Várzea,PB,Nordeste,75,480.13,6.4
2314003,Várzea Alegre,CE,Nordeste,1113,11530.7,10.36
2211357,Várzea Branca,PI,Nordeste,40,256.94,6.42
3170800,Várzea da Palma,MG,Sudeste,552,9433.01,17.09
2933059,Várzea da Roça,BA,Nordeste,108,1098.22,10.17
2933109,Várzea do Poço,BA,Nordeste,148,1161.82,7.85
2211407,Várzea Grande,PI,Nordeste,63,400.38,6.36
5108402,Várzea Grande,MT,Centro Oeste,19736,179298.94,9.08
2933158,Várzea Nova,BA,Nordeste,164,1610.71,9.82
3556503,Várzea Paulista,SP,Sudeste,884,6352.93,7.19
2933174,Varzedo,BA,Nordeste,181,1922.02,10.62
3170909,Varzelândia,MG,Sudeste,132,2164.95,16.4
3306206,Vassouras,RJ,Sudeste,398,36711.23,92.24
3171006,Vazante,MG,Sudeste,748,18280.19,24.44
4322608,Venâncio Aires,RS,Sul,5350,43750.08,8.18
3205069,Venda Nova do Imigrante,ES,Sudeste,610,8975.23,14.71
2414753,Venha-Ver,RN,Nordeste,38,216.35,5.69
4128534,Ventania,PR,Sul,80,1994.7,24.93
2616001,Venturosa,PE,Nordeste,482,3955.04,8.21
5108501,Vera,MT,Centro Oeste,796,19933.09,25.04
4322707,Vera Cruz,RS,Sul,714,6428.23,9.0
3556602,Vera Cruz,SP,Sudeste,225,2739.64,12.18
2933208,Vera Cruz,BA,Nordeste,1578,12152.27,7.7
2414803,Vera Cruz,RN,Nordeste,290,3417.5,11.78
4128559,Vera Cruz do Oeste,PR,Sul,334,5003.3,14.98
2211506,Vera Mendes,PI,Nordeste,58,501.01,8.64
4322806,Veranópolis,RS,Sul,1104,13194.16,11.95
2616100,Verdejante,PE,Nordeste,222,1592.54,7.17
3171030,Verdelândia,MG,Sudeste,86,7863.27,91.43
4128609,Verê,PR,Sul,606,11040.55,18.22
2933257,Vereda,BA,Nordeste,102,1053.55,10.33
3171071,Veredinha,MG,Sudeste,79,940.99,11.91
3171105,Veríssimo,MG,Sudeste,67,924.49,13.8
3171154,Vermelho Novo,MG,Sudeste,176,1326.64,7.54
2616183,Vertente do Lério,PE,Nordeste,91,814.14,8.95
2616209,Vertentes,PE,Nordeste,554,9801.25,17.69
3171204,Vespasiano,MG,Sudeste,1020,9562.2,9.37
4322855,Vespasiano Corrêa,RS,Sul,147,2932.75,19.95
4322905,Viadutos,RS,Sul,320,3788.52,11.84
4323002,Viamão,RS,Sul,3566,34898.95,9.79
3205101,Viana,ES,Sudeste,1344,14409.77,10.72
2112803,Viana,MA,Nordeste,413,5427.09,13.14
5222005,Vianópolis,GO,Centro Oeste,566,8318.91,14.7
2616308,Vicência,PE,Nordeste,306,2968.28,9.7
4323101,Vicente Dutra,RS,Sul,222,2012.51,9.07
5008404,Vicentina,MS,Centro Oeste,427,3740.16,8.76
5222054,Vicentinópolis,GO,Centro Oeste,350,3471.52,9.92
3171303,Viçosa,MG,Sudeste,1349,11625.24,8.62
2709400,Viçosa,AL,Nordeste,343,3765.94,10.98
2414902,Viçosa,RN,Nordeste,68,420.92,6.19
2314102,Viçosa do Ceará,CE,Nordeste,921,6416.86,6.97
4323200,Victor Graeff,RS,Sul,220,2119.13,9.63
4219200,Vidal Ramos,SC,Sul,393,3834.93,9.76
4219309,Videira,SC,Sul,1010,17655.6,17.48
3171402,Vieiras,MG,Sudeste,114,886.15,7.77
2517209,Vieirópolis,PB,Nordeste,91,851.26,9.35
1508209,Vigia,PA,Norte,367,9125.06,24.86
5105507,Vila Bela da Santíssima Trindade,MT,Centro Oeste,560,10355.97,18.49
5222203,Vila Boa,GO,Centro Oeste,58,675.86,11.65
2415008,Vila Flor,RN,Nordeste,42,325.26,7.74
4323309,Vila Flores,RS,Sul,306,5159.1,16.86
4323358,Vila Lângaro,RS,Sul,99,1849.15,18.68
4323408,Vila Maria,RS,Sul,308,4938.54,16.03
2211605,Vila Nova do Piauí,PI,Nordeste,47,360.01,7.66
4323457,Vila Nova do Sul,RS,Sul,140,978.81,6.99
2112852,Vila Nova dos Martírios,MA,Nordeste,384,3341.08,8.7
3205150,Vila Pavão,ES,Sudeste,687,9078.43,13.21
5222302,Vila Propício,GO,Centro Oeste,105,2074.92,19.76
5108600,Vila Rica,MT,Centro Oeste,860,21292.92,24.76
3205176,Vila Valério,ES,Sudeste,1257,18067.73,14.37
3205200,Vila Velha,ES,Sudeste,6802,75695.09,11.13
1100304,Vilhena,RO,Norte,2256,33354.35,14.78
3556701,Vinhedo,SP,Sudeste,2782,20886.23,7.51
3556800,Viradouro,SP,Sudeste,1059,7406.02,6.99
3171600,Virgem da Lapa,MG,Sudeste,158,999.99,6.33
3171709,Virgínia,MG,Sudeste,76,879.72,11.58
3171808,Virginópolis,MG,Sudeste,232,2405.91,10.37
3171907,Virgolândia,MG,Sudeste,94,761.66,8.1
4128658,Virmond,PR,Sul,151,1944.23,12.88
3172004,Visconde do Rio Branco,MG,Sudeste,1791,27480.59,15.34
1508308,Viseu,PA,Norte,98,1183.26,12.07
4323507,Vista Alegre,RS,Sul,201,3242.22,16.13
3556909,Vista Alegre do Alto,SP,Sudeste,352,4100.54,11.65
4323606,Vista Alegre do Prata,RS,Sul,169,3839.29,22.72
4323705,Vista Gaúcha,RS,Sul,229,2364.74,10.33
2505501,Vista Serrana,PB,Nordeste,160,1163.35,7.27
4219358,Vitor Meireles,SC,Sul,265,2800.26,10.57
3205309,Vitória,ES,Sudeste,3785,48759.92,12.88
3556958,Vitória Brasil,SP,Sudeste,112,1052.73,9.4
2933307,Vitória da Conquista,BA,Nordeste,10568,99341.67,9.4
4323754,Vitória das Missões,RS,Sul,295,1876.91,6.36
2616407,Vitória de Santo Antão,PE,Nordeste,1951,21454.03,11.0
1600808,Vitória do Jari,AP,Norte,96,1056.79,11.01
2112902,Vitória do Mearim,MA,Nordeste,430,4411.75,10.26
1508357,Vitória do Xingu,PA,Norte,304,2521.6,8.29
4128708,Vitorino,PR,Sul,357,4986.47,13.97
2113009,Vitorino Freire,MA,Nordeste,649,6925.28,10.67
3172103,Volta Grande,MG,Sudeste,120,1001.23,8.34
3306305,Volta Redonda,RJ,Sudeste,3003,26077.55,8.68
3557006,Votorantim,SP,Sudeste,1998,13969.01,6.99
3557105,Votuporanga,SP,Sudeste,7774,56729.1,7.3
2933406,Wagner,BA,Nordeste,178,6806.97,38.24
2211704,Wall Ferraz,PI,Nordeste,80,807.31,10.09
1722081,Wanderlândia,TO,Norte,216,3035.37,14.05
2933455,Wanderley,BA,Nordeste,342,2746.43,8.03
3172202,Wenceslau Braz,MG,Sudeste,47,618.99,13.17
4128500,Wenceslau Braz,PR,Sul,350,4040.71,11.54
2933505,Wenceslau Guimarães,BA,Nordeste,241,2189.13,9.08
4323770,Westfália,RS,Sul,246,4468.51,18.16
4219408,Witmarsum,SC,Sul,356,3122.5,8.77
1722107,Xambioá,TO,Norte,375,3524.12,9.4
4128807,Xambrê,PR,Sul,304,2920.36,9.61
4323804,Xangri-lá,RS,Sul,1867,15630.45,8.37
4219507,Xanxerê,SC,Sul,1054,16773.5,15.91
1200708,Xapuri,AC,Norte,239,2621.08,10.97
4219606,Xavantina,SC,Sul,334,6724.24,20.13
4219705,Xaxim,SC,Sul,968,12148.35,12.55
2616506,Xexéu,PE,Nordeste,83,708.67,8.54
1508407,Xinguara,PA,Norte,2051,25805.49,12.58
2933604,Xique-Xique,BA,Nordeste,1153,8798.1,7.63
2517407,Zabelê,PB,Nordeste,21,572.29,27.25
3557154,Zacarias,SP,Sudeste,367,2766.31,7.54
2114007,Zé Doca,MA,Nordeste,446,5627.82,12.62
4219853,Zortéa,SC,Sul,132,1480.02,11.21
