SigUF,NomRegiao,CodMunicipioIbge,NomMunicipio,qtd_empreendimentos,potencia_total_kw,potencia_media_kw
DF,Centro Oeste,5300108,Brasília,35930,580826.38,16.17
MT,Centro Oeste,5103403,Cuiabá,44800,503795.26,11.25
MS,Centro Oeste,5002704,Campo Grande,49562,437156.34,8.82
RJ,Sudeste,3304557,Rio de Janeiro,40363,384693.39,9.53
GO,Centro Oeste,5208707,Goiânia,33464,368184.95,11.0
PI,Nordeste,2211001,Teresina,38256,367961.01,9.62
CE,Nordeste,2304400,Fortaleza,33845,331562.8,9.8
MA,Nordeste,2111300,São Luís,27013,288766.74,10.69
PA,Norte,1501402,Belém,29331,264360.95,9.01
SP,Sudeste,3550308,São Paulo,25575,257930.0,10.09
MA,Nordeste,2105302,Imperatriz,26155,247940.36,9.48
AM,Norte,1302603,Manaus,15552,246362.16,15.84
TO,Norte,1721000,Palmas,21897,205791.46,9.4
MG,Sudeste,3170206,Uberlândia,21426,201924.55,9.42
RO,Norte,1100205,Porto Velho,15578,201922.33,12.96
PE,Nordeste,2611101,Petrolina,27310,199620.05,7.31
MT,Centro Oeste,5107602,Rondonópolis,21629,198528.37,9.18
RN,Nordeste,2408102,Natal,21653,189466.59,8.75
PR,Sul,4108304,Foz do Iguaçu,22958,188815.11,8.22
AL,Nordeste,2704302,Maceió,19641,188810.4,9.61
MS,Centro Oeste,5003702,Dourados,20839,184400.81,8.85
MT,Centro Oeste,5108402,Várzea Grande,19736,179298.94,9.08
AP,Norte,1600303,Macapá,15223,176691.22,11.61
PR,Sul,4115200,Maringá,18113,176218.9,9.73
SP,Sudeste,3543402,Ribeirão Preto,20747,175651.29,8.47
BA,Nordeste,2927408,Salvador,17391,170438.05,9.8
RN,Nordeste,2408003,Mossoró,20590,158284.1,7.69
MG,Sudeste,3106200,Belo Horizonte,17152,157005.82,9.15
MT,Centro Oeste,5107909,Sinop,13215,155244.91,11.75
SP,Sudeste,3549805,São José do Rio Preto,21867,152467.57,6.97
PR,Sul,4106902,Curitiba,13919,148395.71,10.66
BA,Nordeste,2910800,Feira de Santana,18098,147079.39,8.13
SP,Sudeste,3509502,Campinas,18068,144125.02,7.98
PE,Nordeste,2611606,Recife,14638,141829.31,9.69
PA,Norte,1506807,Santarém,13845,141671.73,10.23
PR,Sul,4113700,Londrina,13431,139898.12,10.42
SP,Sudeste,3549904,São José dos Campos,11640,136840.87,11.76
MT,Centro Oeste,5107925,Sorriso,8044,133196.28,16.56
MG,Sudeste,3143302,Montes Claros,10058,131640.36,13.09
ES,Sudeste,3205002,Serra,12454,130489.59,10.48
PR,Sul,4104808,Cascavel,10107,128943.17,12.76
AC,Norte,1200401,Rio Branco,12753,128066.11,10.04
SP,Sudeste,3524402,Jacareí,4917,124230.37,25.27
RS,Sul,4305108,Caxias do Sul,12801,124220.13,9.7
SE,Nordeste,2800308,Aracaju,10905,124082.89,11.38
RS,Sul,4314902,Porto Alegre,13157,123084.94,9.36
RJ,Sudeste,3301009,Campos dos Goytacazes,15055,122559.52,8.14
GO,Centro Oeste,5201405,Aparecida de Goiânia,11023,120754.14,10.95
PR,Sul,4127700,Toledo,9635,118696.24,12.32
PB,Nordeste,2507507,João Pessoa,10463,118209.2,11.3
RR,Norte,1400100,Boa Vista,7773,108003.82,13.89
GO,Centro Oeste,5201108,Anápolis,9964,107894.26,10.83
SP,Sudeste,3541406,Presidente Prudente,15233,106474.21,6.99
MA,Nordeste,2112209,Timon,8601,105775.69,12.3
BA,Nordeste,2905701,Camaçari,12888,104751.76,8.13
BA,Nordeste,2918407,Juazeiro,13618,103089.24,7.57
GO,Centro Oeste,5218805,Rio Verde,7641,102242.91,13.38
PA,Norte,1504208,Marabá,9939,101477.7,10.21
MG,Sudeste,3170107,Uberaba,10600,101228.49,9.55
SP,Sudeste,3502804,Araçatuba,13749,100671.28,7.32
SC,Sul,4209102,Joinville,13703,100386.33,7.33
BA,Nordeste,2933307,Vitória da Conquista,10568,99341.67,9.4
BA,Nordeste,2903201,Barreiras,11112,97757.92,8.8
PA,Norte,1500800,Ananindeua,11390,97680.22,8.58
SC,Sul,4202404,Blumenau,12012,93361.67,7.77
MT,Centro Oeste,5107958,Tangará da Serra,7712,92724.82,12.02
ES,Sudeste,3203205,Linhares,5982,91984.33,15.38
RN,Nordeste,2403251,Parnamirim,12408,91949.8,7.41
MG,Sudeste,3127701,Governador Valadares,12021,91932.15,7.65
SP,Sudeste,3552205,Sorocaba,10671,91285.41,8.55
SP,Sudeste,3526902,Limeira,9558,90827.68,9.5
SP,Sudeste,3516200,Franca,8033,90678.54,11.29
SP,Sudeste,3538709,Piracicaba,9471,87369.06,9.22
RO,Norte,1100122,Ji-Paraná,7572,86797.23,11.46
PR,Sul,4128104,Umuarama,7027,86018.39,12.24
TO,Norte,1702109,Araguaína,9015,86014.9,9.54
ES,Sudeste,3204906,São Mateus,5525,85552.7,15.48
RJ,Sudeste,3303302,Niterói,11273,85492.3,7.58
PE,Nordeste,2604106,Caruaru,9666,85478.58,8.84
SP,Sudeste,3554102,Taubaté,6258,83721.36,13.38
SC,Sul,4205407,Florianópolis,8201,83561.79,10.19
PA,Norte,1505536,Parauapebas,8973,82878.58,9.24
MT,Centro Oeste,5105259,Lucas do Rio Verde,5361,82782.94,15.44
MA,Nordeste,2101400,Balsas,5165,82278.05,15.93
PR,Sul,4118402,Paranavaí,4947,80943.99,16.36
RS,Sul,4313409,Novo Hamburgo,9509,80788.33,8.5
MG,Sudeste,3147006,Paracatu,3004,79761.34,26.55
SP,Sudeste,3506003,Bauru,9935,79654.35,8.02
MT,Centro Oeste,5107040,Primavera do Leste,5250,79322.84,15.11
MG,Sudeste,3118601,Contagem,5808,79206.13,13.64
SP,Sudeste,3518800,Guarulhos,5706,77392.73,13.56
ES,Sudeste,3205200,Vila Velha,6802,75695.09,11.13
MA,Nordeste,2111201,São José de Ribamar,8068,75526.32,9.36
RS,Sul,4316907,Santa Maria,9585,73977.86,7.72
RJ,Sudeste,3302700,Maricá,12279,73439.44,5.98
SP,Sudeste,3530607,Mogi das Cruzes,8323,73101.99,8.78
MG,Sudeste,3122306,Divinópolis,5021,72689.5,14.48
BA,Nordeste,2919553,Luís Eduardo Magalhães,6225,72499.03,11.65
SP,Sudeste,3508504,Caçapava,2443,72433.24,29.65
AL,Nordeste,2700300,Arapiraca,6982,71605.29,10.26
BA,Nordeste,2919207,Lauro de Freitas,9149,71599.65,7.83
GO,Centro Oeste,5211503,Itumbiara,7894,71526.81,9.06
MG,Sudeste,3148004,Patos de Minas,5282,70926.2,13.43
CE,Nordeste,2301000,Aquiraz,2958,70092.06,23.7
MT,Centro Oeste,5102504,Cáceres,5978,69988.55,11.71
BA,Nordeste,2911709,Guanambi,8355,69680.24,8.34
MT,Centro Oeste,5106224,Nova Mutum,3715,69502.91,18.71
MS,Centro Oeste,5008305,Três Lagoas,8105,69276.96,8.55
CE,Nordeste,2307304,Juazeiro do Norte,7591,68739.85,9.06
SP,Sudeste,3506508,Birigui,8707,68726.75,7.89
MG,Sudeste,3131307,Ipatinga,9055,67740.58,7.48
SC,Sul,4208906,Jaraguá do Sul,8969,67488.34,7.52
SP,Sudeste,3503208,Araraquara,8489,66100.98,7.79
RS,Sul,4316808,Santa Cruz do Sul,8315,65587.12,7.89
ES,Sudeste,3201308,Cariacica,6096,65510.67,10.75
RO,Norte,1100023,Ariquemes,5768,65434.53,11.34
RJ,Sudeste,3304904,São Gonçalo,8821,65235.17,7.4
PR,Sul,4114609,Marechal Cândido Rondon,5568,65110.94,11.69
SP,Sudeste,3505500,Barretos,6403,64610.21,10.09
ES,Sudeste,3201506,Colatina,6128,64174.48,10.47
RS,Sul,4314100,Passo Fundo,7032,63788.87,9.07
GO,Centro Oeste,5204508,Caldas Novas,5171,63438.34,12.27
SP,Sudeste,3520509,Indaiatuba,9700,63231.37,6.52
MG,Sudeste,3143906,Muriaé,6036,62044.4,10.28
TO,Norte,1709500,Gurupi,6442,61685.56,9.58
PR,Sul,4117909,Palotina,3798,61337.46,16.15
RS,Sul,4314407,Pelotas,8231,61115.09,7.42
RO,Norte,1100049,Cacoal,4968,60834.1,12.25
PR,Sul,4105508,Cianorte,4510,60627.39,13.44
RS,Sul,4304606,Canoas,8202,60360.97,7.36
SP,Sudeste,3529005,Marília,7454,59281.0,7.95
PE,Nordeste,2607901,Jaboatão dos Guararapes,5989,58707.05,9.8
ES,Sudeste,3201209,Cachoeiro de Itapemirim,5251,58684.94,11.18
SC,Sul,4204202,Chapecó,5012,58210.52,11.61
SP,Sudeste,3525904,Jundiaí,7160,58035.4,8.11
MG,Sudeste,3167202,Sete Lagoas,4093,57810.41,14.12
CE,Nordeste,2304285,Eusébio,5828,57726.17,9.9
PB,Nordeste,2504009,Campina Grande,4279,56979.65,13.32
TO,Norte,1718204,Porto Nacional,3861,56948.66,14.75
BA,Nordeste,2925303,Porto Seguro,5489,56790.96,10.35
SP,Sudeste,3557105,Votuporanga,7774,56729.1,7.3
CE,Nordeste,2303709,Caucaia,5074,56474.52,11.13
MS,Centro Oeste,5006309,Paranaíba,4221,56463.48,13.38
RS,Sul,4318705,São Leopoldo,7073,56015.06,7.92
PA,Norte,1502400,Castanhal,5874,55983.98,9.53
PA,Norte,1506138,Redenção,5279,55566.17,10.53
RJ,Sudeste,3301702,Duque de Caxias,5113,54277.07,10.62
MS,Centro Oeste,5006606,Ponta Porã,4115,54060.54,13.14
PR,Sul,4108403,Francisco Beltrão,4426,53716.78,12.14
MT,Centro Oeste,5101803,Barra do Garças,5451,53622.7,9.84
MG,Sudeste,3106705,Betim,4506,53303.45,11.83
PA,Norte,1500602,Altamira,4430,53172.75,12.0
BA,Nordeste,2931350,Teixeira de Freitas,6075,52468.27,8.64
RJ,Sudeste,3302205,Itaperuna,4995,52304.63,10.47
MG,Sudeste,3135100,Janaúba,2514,52252.72,20.78
PR,Sul,4104303,Campo Mourão,4314,52196.41,12.1
MG,Sudeste,3136702,Juiz de Fora,5364,51765.0,9.65
PR,Sul,4102000,Assis Chateaubriand,3075,51611.8,16.78
SP,Sudeste,3548906,São Carlos,6332,51550.01,8.14
RJ,Sudeste,3303401,Nova Friburgo,4293,51033.21,11.89
SP,Sudeste,3527207,Lorena,1412,50849.28,36.01
MG,Sudeste,3103504,Araguari,4663,50653.69,10.86
SP,Sudeste,3501608,Americana,6265,50617.61,8.08
PR,Sul,4119905,Ponta Grossa,3413,50503.84,14.8
RS,Sul,4322400,Uruguaiana,3123,50336.17,16.12
RS,Sul,4309209,Gravataí,7291,50283.07,6.9
RS,Sul,4307005,Erechim,5427,50161.4,9.24
GO,Centro Oeste,5211909,Jataí,3249,50136.82,15.43
MG,Sudeste,3126703,Francisco Sá,523,49680.9,94.99
SC,Sul,4204301,Concórdia,2834,49636.55,17.51
MT,Centro Oeste,5106752,Pontes e Lacerda,3920,49451.32,12.62
GO,Centro Oeste,5205109,Catalão,5323,49132.62,9.23
ES,Sudeste,3205309,Vitória,3785,48759.92,12.88
RJ,Sudeste,3302403,Macaé,5565,48578.76,8.73
SC,Sul,4208203,Itajaí,5052,48467.11,9.59
MS,Centro Oeste,5005707,Naviraí,4664,48459.85,10.39
PR,Sul,4123501,Santa Helena,4881,48191.8,9.87
MG,Sudeste,3138203,Lavras,1821,48016.93,26.37
MA,Nordeste,2101202,Bacabal,5177,47687.54,9.21
MG,Sudeste,3151503,Piumhi,1498,47437.27,31.67
MA,Nordeste,2100055,Açailândia,4105,47336.98,11.53
PR,Sul,4101408,Apucarana,2790,47322.19,16.96
PI,Nordeste,2207702,Parnaíba,5268,47288.52,8.98
MT,Centro Oeste,5106505,Poconé,1362,47252.05,34.69
MG,Sudeste,3147907,Passos,4863,46913.11,9.65
SP,Sudeste,3511102,Catanduva,5985,46880.82,7.83
MA,Nordeste,2107506,Paço do Lumiar,4747,46505.39,9.8
MT,Centro Oeste,5100250,Alta Floresta,4557,45963.8,10.09
PE,Nordeste,2606408,Gravatá,3520,45407.48,12.9
RS,Sul,4317202,Santa Rosa,6858,45368.15,6.62
PA,Norte,1505502,Paragominas,3884,45262.93,11.65
RS,Sul,4311403,Lajeado,5814,44489.56,7.65
SP,Sudeste,3510500,Caraguatatuba,3415,44306.27,12.97
PI,Nordeste,2208007,Picos,4366,44233.93,10.13
SP,Sudeste,3525300,Jaú,4257,44201.67,10.38
PB,Nordeste,2510808,Patos,5466,44129.25,8.07
CE,Nordeste,2305506,Iguatu,4787,43803.9,9.15
RS,Sul,4322608,Venâncio Aires,5350,43750.08,8.18
CE,Nordeste,2311801,Russas,2391,43412.44,18.16
PE,Nordeste,2610707,Paulista,5748,42941.64,7.47
SP,Sudeste,3515509,Fernandópolis,5382,42865.28,7.96
SP,Sudeste,3524303,Jaboticabal,3648,42831.4,11.74
BA,Nordeste,2904605,Brumado,5427,42726.72,7.87
BA,Nordeste,2918001,Jequié,6078,42376.38,6.97
CE,Nordeste,2312908,Sobral,4269,42234.72,9.89
SP,Sudeste,3514403,Dracena,5320,42183.35,7.93
MG,Sudeste,3147105,Pará de Minas,2639,41815.56,15.85
GO,Centro Oeste,5208608,Goianésia,2802,41685.63,14.88
SP,Sudeste,3518404,Guaratinguetá,2563,41625.21,16.24
MG,Sudeste,3169901,Ubá,4275,41474.99,9.7
MA,Nordeste,2103000,Caxias,4032,41336.72,10.25
MA,Nordeste,2109908,Santa Inês,3351,41274.3,12.32
PR,Sul,4103701,Cambé,2899,41247.62,14.23
RJ,Sudeste,3305554,Seropédica,463,41150.23,88.88
MT,Centro Oeste,5102678,Campo Verde,2146,41086.89,19.15
SP,Sudeste,3523909,Itu,3938,40969.99,10.4
MG,Sudeste,3134202,Ituiutaba,5439,40848.92,7.51
MG,Sudeste,3151206,Pirapora,1289,40795.14,31.65
RJ,Sudeste,3304524,Rio das Ostras,5893,40472.6,6.87
PR,Sul,4115804,Medianeira,3710,40421.53,10.9
PE,Nordeste,2609600,Olinda,4746,40247.64,8.48
MS,Centro Oeste,5006200,Nova Andradina,4443,40196.48,9.05
BA,Nordeste,2914604,Irecê,2908,39940.63,13.73
SP,Sudeste,3504107,Atibaia,5171,39886.2,7.71
GO,Centro Oeste,5220454,Senador Canedo,3728,39844.91,10.69
SP,Sudeste,3550704,São Sebastião,3054,39754.55,13.02
PA,Norte,1508100,Tucuruí,4477,39475.32,8.82
SP,Sudeste,3502101,Andradina,4830,39335.9,8.14
MT,Centro Oeste,5102637,Campo Novo do Parecis,2483,39174.3,15.78
SP,Sudeste,3538006,Pindamonhangaba,2687,38826.18,14.45
SP,Sudeste,3530706,Mogi Guaçu,4570,38692.56,8.47
RJ,Sudeste,3303500,Nova Iguaçu,4033,38663.49,9.59
MG,Sudeste,3170404,Unaí,3937,38481.76,9.77
MG,Sudeste,3148103,Patrocínio,2509,38378.06,15.3
PR,Sul,4101507,Arapongas,3263,38362.09,11.76
SP,Sudeste,3506102,Bebedouro,3832,38241.76,9.98
RJ,Sudeste,3300209,Araruama,4966,38170.6,7.69
MT,Centro Oeste,5105150,Juína,3181,38114.29,11.98
MS,Centro Oeste,5002902,Cassilândia,1259,37995.76,30.18
MG,Sudeste,3127107,Frutal,4037,37959.2,9.4
RJ,Sudeste,3302007,Itaguaí,1112,37566.13,33.78
SP,Sudeste,3547304,Santana de Parnaíba,3898,37399.59,9.59
PR,Sul,4125506,São José dos Pinhais,2564,37143.04,14.49
BA,Nordeste,2927200,Ruy Barbosa,3534,36922.94,10.45
CE,Nordeste,2307650,Maracanaú,3624,36888.14,10.18
RS,Sul,4319901,Sapiranga,5162,36865.92,7.14
PR,Sul,4100608,Alto Paraná,651,36856.76,56.62
RN,Nordeste,2402006,Caicó,4122,36800.31,8.93
RJ,Sudeste,3306206,Vassouras,398,36711.23,92.24
GO,Centro Oeste,5221403,Trindade,3527,36693.67,10.4
RJ,Sudeste,3300704,Cabo Frio,4530,36588.96,8.08
PA,Norte,1500107,Abaetetuba,3397,36509.56,10.75
SP,Sudeste,3551702,Sertãozinho,3787,36392.33,9.61
MS,Centro Oeste,5003306,Coxim,3162,36348.73,11.5
ES,Sudeste,3202405,Guarapari,3445,36258.45,10.52
PR,Sul,4105607,Cidade Gaúcha,677,36050.63,53.25
MS,Centro Oeste,5005400,Maracaju,2902,35904.43,12.37
RS,Sul,4300406,Alegrete,2702,35721.69,13.22
SP,Sudeste,3545803,Santa Bárbara D'Oeste,4407,35691.13,8.1
MS,Centro Oeste,5003207,Corumbá,3907,35512.61,9.09
ES,Sudeste,3203908,Nova Venécia,2664,35483.46,13.32
SC,Sul,4202909,Brusque,3988,35478.51,8.9
RS,Sul,4304705,Carazinho,3713,35403.2,9.53
MS,Centro Oeste,5007901,Sidrolândia,2684,35312.9,13.16
MG,Sudeste,3126109,Formiga,1799,35226.99,19.58
MT,Centro Oeste,5103502,Diamantino,1388,35207.93,25.37
MT,Centro Oeste,5105606,Matupá,1434,35193.44,24.54
MG,Sudeste,3104007,Araxá,2555,35188.45,13.77
MT,Centro Oeste,5101902,Brasnorte,1056,35033.89,33.18
SP,Sudeste,3536505,Paulínia,4879,34926.72,7.16
RS,Sul,4323002,Viamão,3566,34898.95,9.79
MS,Centro Oeste,5008008,Terenos,1283,34854.0,27.17
MG,Sudeste,3137007,Ladainha,4811,34681.07,7.21
MS,Centro Oeste,5001003,Aparecida do Taboado,2473,34531.51,13.96
PA,Norte,1501303,Barcarena,3136,34446.5,10.98
RS,Sul,4307906,Farroupilha,3435,34418.98,10.02
SP,Sudeste,3524808,Jales,4814,34409.78,7.15
SP,Sudeste,3513405,Cruzeiro,1841,34391.78,18.68
ES,Sudeste,3200607,Aracruz,3082,34371.99,11.15
MT,Centro Oeste,5106257,Nova Xavantina,1820,34357.45,18.88
PR,Sul,4126256,Sarandi,3697,34335.0,9.29
MG,Sudeste,3152501,Pouso Alegre,3338,34313.93,10.28
SC,Sul,4205902,Gaspar,3544,34251.99,9.66
RS,Sul,4317509,Santo Ângelo,4807,34211.84,7.12
PR,Sul,4109401,Guarapuava,2522,34174.05,13.55
SP,Sudeste,3552403,Sumaré,4719,34133.76,7.23
MG,Sudeste,3120904,Curvelo,2130,34012.62,15.97
RS,Sul,4302105,Bento Gonçalves,3460,33960.32,9.82
SP,Sudeste,3540606,Porto Feliz,1959,33942.4,17.33
MG,Sudeste,3115300,Cataguases,3573,33881.41,9.48
PR,Sul,4107207,Dois Vizinhos,2537,33788.15,13.32
PR,Sul,4113502,Loanda,1305,33690.14,25.82
MG,Sudeste,3145208,Nova Serrana,2171,33647.07,15.5
MG,Sudeste,3104205,Arcos,2110,33625.19,15.94
SP,Sudeste,3543907,Rio Claro,4062,33616.35,8.28
GO,Centro Oeste,5213103,Mineiros,1640,33488.95,20.42
PR,Sul,4118501,Pato Branco,2707,33408.16,12.34
RO,Norte,1100304,Vilhena,2256,33354.35,14.78
PR,Sul,4122404,Rolândia,1850,33341.9,18.02
MT,Centro Oeste,5103205,Colíder,2475,33280.62,13.45
BA,Nordeste,2913606,Ilhéus,3719,33266.54,8.95
PE,Nordeste,2613909,Serra Talhada,4920,33070.56,6.72
PA,Norte,1503606,Itaituba,2897,33040.46,11.41
PR,Sul,4125704,São Miguel do Iguaçu,2792,32956.89,11.8
RJ,Sudeste,3303906,Petrópolis,3428,32934.42,9.61
SP,Sudeste,3504008,Assis,4185,32885.34,7.86
SP,Sudeste,3530300,Mirassol,3670,32809.15,8.94
PB,Nordeste,2516201,Sousa,2591,32780.01,12.65
SP,Sudeste,3537305,Penápolis,4188,32572.98,7.78
RS,Sul,4310207,Ijuí,4586,32368.78,7.06
BA,Nordeste,2914802,Itabuna,3814,32332.67,8.48
MT,Centro Oeste,5106240,Nova Ubiratã,539,32287.85,59.9
MS,Centro Oeste,5001904,Bataguassu,2101,32246.91,15.35
SP,Sudeste,3533908,Olímpia,3709,32197.6,8.68
RJ,Sudeste,3301900,Itaboraí,4129,32181.7,7.79
AL,Nordeste,2704708,Marechal Deodoro,3374,32031.96,9.49
PR,Sul,4105904,Colorado,1316,32002.41,24.32
RS,Sul,4318002,São Borja,3812,31980.13,8.39
SC,Sul,4218707,Tubarão,3234,31910.12,9.87
MS,Centro Oeste,5004700,Ivinhema,2906,31798.58,10.94
SP,Sudeste,3507001,Boituva,2247,31660.22,14.09
SP,Sudeste,3503307,Araras,4170,31622.65,7.58
CE,Nordeste,2307601,Limoeiro do Norte,2291,31593.83,13.79
SP,Sudeste,3530805,Mogi Mirim,3348,31575.1,9.43
PI,Nordeste,2203909,Floriano,2943,31493.81,10.7
SP,Sudeste,3553708,Taquaritinga,2492,31450.82,12.62
MG,Sudeste,3144805,Nova Lima,3493,31401.97,8.99
RJ,Sudeste,3305802,Teresópolis,2457,31226.44,12.71
SP,Sudeste,3556206,Valinhos,4117,31211.37,7.58
MG,Sudeste,3128709,Guaxupé,1187,31089.06,26.19
MG,Sudeste,3169307,Três Corações,1631,30787.63,18.88
CE,Nordeste,2302206,Beberibe,1320,30774.89,23.31
SP,Sudeste,3507605,Bragança Paulista,2831,30769.84,10.87
BA,Nordeste,2924009,Paulo Afonso,4960,30691.76,6.19
SC,Sul,4212106,Palmitos,1021,30596.04,29.97
RO,Norte,1100288,Rolim de Moura,2457,30459.53,12.4
MT,Centro Oeste,5100201,Água Boa,1881,30457.8,16.19
AP,Norte,1600600,Santana,2686,30401.1,11.32
BA,Nordeste,2903904,Bom Jesus da Lapa,2735,30326.33,11.09
RS,Sul,4303905,Campo Bom,4176,30324.99,7.26
GO,Centro Oeste,5212501,Luziânia,2365,30159.1,12.75
MG,Sudeste,3139409,Manhuaçu,2361,29983.09,12.7
RO,Norte,1100114,Jaru,3105,29784.38,9.59
PR,Sul,4116703,Nova Aurora,1263,29715.13,23.53
BA,Nordeste,2900702,Alagoinhas,3292,29587.58,8.99
MT,Centro Oeste,5107107,São José dos Quatro Marcos,1719,29428.51,17.12
BA,Nordeste,2910727,Eunápolis,3488,29408.05,8.43
SP,Sudeste,3519071,Hortolândia,3906,29306.87,7.5
SC,Sul,4211900,Palhoça,3830,29299.81,7.65
SP,Sudeste,3541307,Presidente Epitácio,3214,29240.01,9.1
RS,Sul,4303004,Cachoeira do Sul,3946,29219.45,7.4
MG,Sudeste,3133808,Itaúna,2265,29207.85,12.9
GO,Centro Oeste,5221601,Uruaçu,2101,28875.36,13.74
CE,Nordeste,2304202,Crato,2821,28869.42,10.23
SP,Sudeste,3552502,Suzano,2804,28844.39,10.29
PR,Sul,4108809,Guaíra,2583,28786.74,11.14
SP,Sudeste,3500105,Adamantina,3423,28647.36,8.37
SC,Sul,4204608,Criciúma,2779,28601.73,10.29
BA,Nordeste,2919504,Livramento de Nossa Senhora,3707,28422.03,7.67
MG,Sudeste,3137536,Lagoa Grande,620,28363.23,45.75
SP,Sudeste,3527108,Lins,3553,28224.22,7.94
MT,Centro Oeste,5105903,Nobres,1276,28051.48,21.98
MG,Sudeste,3152204,Porteirinha,261,27924.38,106.99
MG,Sudeste,3131703,Itabira,1752,27840.78,15.89
SE,Nordeste,2802908,Itabaiana,1949,27788.44,14.26
MG,Sudeste,3161106,São Francisco,870,27778.84,31.93
MG,Sudeste,3103405,Araçuaí,1229,27775.37,22.6
MA,Nordeste,2103307,Codó,2358,27743.33,11.77
MG,Sudeste,3107307,Bocaiúva,896,27499.37,30.69
MG,Sudeste,3172004,Visconde do Rio Branco,1791,27480.59,15.34
MG,Sudeste,3139300,Manga,291,27359.76,94.02
MG,Sudeste,3137601,Lagoa Santa,2896,27332.58,9.44
MG,Sudeste,3119401,Coronel Fabriciano,3689,27317.73,7.41
SP,Sudeste,3524006,Itupeva,2989,27279.1,9.13
BA,Nordeste,2928703,Santo Antônio de Jesus,3213,27244.58,8.48
MG,Sudeste,3149309,Pedro Leopoldo,822,27180.28,33.07
MT,Centro Oeste,5102702,Canarana,1617,27075.85,16.74
MS,Centro Oeste,5007695,São Gabriel do Oeste,2320,26967.19,11.62
RN,Nordeste,2407104,Macaíba,2059,26835.89,13.03
RS,Sul,4303103,Cachoeirinha,3437,26803.97,7.8
MG,Sudeste,3143104,Monte Carmelo,1680,26769.04,15.93
GO,Centro Oeste,5213806,Morrinhos,1920,26752.11,13.93
MG,Sudeste,3124104,Esmeraldas,1223,26740.05,21.86
MG,Sudeste,3138401,Leopoldina,2171,26625.21,12.26
RS,Sul,4312401,Montenegro,3157,26474.24,8.39
MG,Sudeste,3135209,Januária,1285,26443.11,20.58
MG,Sudeste,3168606,Teófilo Otoni,2887,26352.42,9.13
MG,Sudeste,3157005,Salinas,1376,26290.25,19.11
MG,Sudeste,3164209,São Romão,138,26289.04,190.5
MT,Centro Oeste,5106372,Pedra Preta,1474,26230.49,17.8
MG,Sudeste,3164605,São Sebastião do Oeste,350,26209.52,74.88
RS,Sul,4320008,Sapucaia do Sul,3926,26188.07,6.67
PE,Nordeste,2602902,Cabo de Santo Agostinho,3106,26171.58,8.43
PR,Sul,4116901,Nova Esperança,1348,26084.77,19.35
RJ,Sudeste,3306305,Volta Redonda,3003,26077.55,8.68
SC,Sul,4216602,São José,2987,26069.06,8.73
SP,Sudeste,3546603,Santa Fé do Sul,3642,26014.37,7.14
ES,Sudeste,3203056,Jaguaré,1478,25930.5,17.54
MG,Sudeste,3168002,Taiobeiras,523,25927.55,49.57
PA,Norte,1508407,Xinguara,2051,25805.49,12.58
RS,Sul,4310603,Itaqui,1482,25771.02,17.39
MT,Centro Oeste,5104104,Guarantã do Norte,2035,25738.88,12.65
MT,Centro Oeste,5103007,Chapada dos Guimarães,1347,25728.6,19.1
PE,Nordeste,2612505,Santa Cruz do Capibaribe,2888,25676.49,8.89
MS,Centro Oeste,5005608,Miranda,1257,25652.05,20.41
PA,Norte,1502152,Canaã dos Carajás,2793,25573.28,9.16
RS,Sul,4303509,Camaquã,2316,25490.84,11.01
MG,Sudeste,3109402,Buritizeiro,434,25360.86,58.44
SP,Sudeste,3534708,Ourinhos,3433,25353.08,7.39
CE,Nordeste,2303501,Cascavel,1318,25327.63,19.22
SC,Sul,4207502,Indaial,3505,25319.56,7.22
SP,Sudeste,3529302,Matão,2695,25281.2,9.38
SP,Sudeste,3519600,Ibitinga,3121,25242.76,8.09
SP,Sudeste,3554003,Tatuí,2834,25208.45,8.9
PR,Sul,4103453,Cafelândia,1292,25144.8,19.46
GO,Centro Oeste,5210406,Itaberaí,1309,25102.25,19.18
MT,Centro Oeste,5106299,Paranaíta,849,25075.98,29.54
MG,Sudeste,3136306,João Pinheiro,1663,24952.92,15.0
MT,Centro Oeste,5101258,Araputanga,1710,24917.44,14.57
MS,Centro Oeste,5002407,Caarapó,1872,24915.77,13.31
GO,Centro Oeste,5218508,Quirinópolis,2267,24840.86,10.96
RJ,Sudeste,3305208,São Pedro da Aldeia,3102,24745.65,7.98
TO,Norte,1713205,Miracema do Tocantins,675,24675.55,36.56
MG,Sudeste,3119302,Coromandel,974,24620.16,25.28
PR,Sul,4104501,Capanema,1435,24539.13,17.1
TO,Norte,1716109,Paraíso do Tocantins,2546,24529.71,9.63
MG,Sudeste,3162104,São Gotardo,587,24503.43,41.74
SP,Sudeste,3541505,Presidente Venceslau,2887,24493.77,8.48
CE,Nordeste,2311306,Quixadá,1612,24485.72,15.19
CE,Nordeste,2304103,Crateús,2545,24429.04,9.6
SP,Sudeste,3523107,Itaquaquecetuba,1770,24421.15,13.8
MG,Sudeste,3134400,Iturama,3239,24405.56,7.53
MA,Nordeste,2106607,Matões,332,24306.62,73.21
SP,Sudeste,3545209,Salto,3616,24272.89,6.71
MT,Centro Oeste,5104526,Ipiranga do Norte,533,24269.74,45.53
PR,Sul,4114807,Marialva,1796,24260.78,13.51
MG,Sudeste,3107406,Bom Despacho,1522,24160.57,15.87
SP,Sudeste,3554805,Tremembé,1591,24093.69,15.14
RS,Sul,4315602,Rio Grande,3114,24067.28,7.73
MT,Centro Oeste,5107065,Querência,1350,24061.39,17.82
MT,Centro Oeste,5107875,Sapezal,1374,24039.91,17.5
GO,Centro Oeste,5208004,Formosa,1947,23900.83,12.28
RN,Nordeste,2412005,São Gonçalo do Amarante,3372,23871.89,7.08
MS,Centro Oeste,5002209,Bonito,1725,23869.65,13.84
RN,Nordeste,2400208,Açu,2780,23866.62,8.59
PR,Sul,4117222,Nova Santa Rosa,1171,23845.21,20.36
PR,Sul,4124103,Santo Antônio da Platina,1118,23825.85,21.31
CE,Nordeste,2312403,São Gonçalo do Amarante,1085,23815.52,21.95
RJ,Sudeste,3302502,Magé,2733,23811.45,8.71
RS,Sul,4307807,Estrela,2786,23792.17,8.54
MG,Sudeste,3137205,Lagoa da Prata,1745,23790.44,13.63
SP,Sudeste,3533502,Novo Horizonte,2910,23782.37,8.17
PB,Nordeste,2503704,Cajazeiras,2536,23768.37,9.37
MS,Centro Oeste,5007109,Ribas do Rio Pardo,1297,23720.82,18.29
ES,Sudeste,3204104,Pinheiros,787,23702.8,30.12
AC,Norte,1200203,Cruzeiro do Sul,1935,23638.99,12.22
RS,Sul,4321204,Taquara,3011,23591.06,7.83
MT,Centro Oeste,5105622,Mirassol D'Oeste,2495,23562.66,9.44
MS,Centro Oeste,5003256,Costa Rica,1333,23508.88,17.64
RS,Sul,4307609,Estância Velha,3331,23341.77,7.01
CE,Nordeste,2301109,Aracati,1636,23289.97,14.24
RS,Sul,4314050,Parobé,3620,23262.12,6.43
RS,Sul,4308508,Frederico Westphalen,2235,23188.05,10.37
MG,Sudeste,3147303,Paraisópolis,323,23174.88,71.75
RN,Nordeste,2401008,Apodi,2916,23154.58,7.94
PB,Nordeste,2503209,Cabedelo,1799,23056.5,12.82
MG,Sudeste,3151800,Poços de Caldas,2118,23008.98,10.86
MG,Sudeste,3143401,Monte Sião,814,23000.67,28.26
SP,Sudeste,3547809,Santo André,2731,22998.18,8.42
SP,Sudeste,3513009,Cotia,2828,22937.37,8.11
SP,Sudeste,3549409,São Joaquim da Barra,1837,22851.39,12.44
MG,Sudeste,3111200,Campo Belo,886,22784.18,25.72
SP,Sudeste,3531308,Monte Alto,2702,22736.86,8.41
SP,Sudeste,3539301,Pirassununga,2737,22687.3,8.29
AM,Norte,1301852,Iranduba,300,22636.34,75.45
MA,Nordeste,2101608,Barra do Corda,2123,22615.53,10.65
SP,Sudeste,3555000,Tupã,2809,22544.78,8.03
BA,Nordeste,2921005,Mata de São João,2081,22508.06,10.82
SP,Sudeste,3508603,Cachoeira Paulista,710,22498.02,31.69
GO,Centro Oeste,5218003,Porangatu,2391,22492.02,9.41
MG,Sudeste,3155504,Rio Paranaíba,295,22483.16,76.21
MG,Sudeste,3147402,Paraopeba,654,22479.95,34.37
RS,Sul,4318903,São Luiz Gonzaga,2940,22444.78,7.63
PE,Nordeste,2606002,Garanhuns,2611,22389.92,8.58
MA,Nordeste,2104800,Grajaú,1467,22320.34,15.21
SP,Sudeste,3526704,Leme,2105,22247.61,10.57
SC,Sul,4217204,São Miguel do Oeste,1387,22236.53,16.03
GO,Centro Oeste,5210000,Inhumas,1528,22189.39,14.52
SP,Sudeste,3523404,Itatiba,2565,22176.41,8.65
SC,Sul,4209300,Lages,1910,22147.53,11.6
SC,Sul,4201406,Araranguá,1595,22122.91,13.87
SP,Sudeste,3549102,São João da Boa Vista,2419,22077.43,9.13
MS,Centro Oeste,5001102,Aquidauana,2829,21992.27,7.77
PR,Sul,4102109,Astorga,1077,21982.0,20.41
SP,Sudeste,3530508,Mococa,2744,21981.54,8.01
SP,Sudeste,3548708,São Bernardo do Campo,2870,21957.98,7.65
MS,Centro Oeste,5007208,Rio Brilhante,2493,21878.42,8.78
PR,Sul,4104907,Castro,835,21805.82,26.11
RS,Sul,4311809,Marau,2168,21775.81,10.04
PR,Sul,4116059,Missal,1722,21758.16,12.64
ES,Sudeste,3201902,Domingos Martins,1778,21737.05,12.23
SP,Sudeste,3518206,Guararapes,2463,21694.78,8.81
SP,Sudeste,3507506,Botucatu,3227,21645.28,6.71
GO,Centro Oeste,5206206,Cristalina,638,21568.43,33.81
RJ,Sudeste,3305505,Saquarema,3340,21504.4,6.44
PE,Nordeste,2616407,Vitória de Santo Antão,1951,21454.03,11.0
PE,Nordeste,2603454,Camaragibe,2490,21447.38,8.61
MT,Centro Oeste,5104807,Jaciara,2036,21442.19,10.53
MG,Sudeste,3140704,Mateus Leme,762,21395.25,28.08
RS,Sul,4306106,Cruz Alta,2824,21324.35,7.55
MT,Centro Oeste,5108600,Vila Rica,860,21292.92,24.76
RS,Sul,4309308,Guaíba,2663,21225.28,7.97
RS,Sul,4317400,Santiago,3391,21220.05,6.26
CE,Nordeste,2311504,Quixeré,639,21212.28,33.2
MT,Centro Oeste,5103353,Confresa,1377,21190.93,15.39
MT,Centro Oeste,5105101,Juara,2360,21180.33,8.97
MA,Nordeste,2109106,Presidente Dutra,1908,21172.87,11.1
CE,Nordeste,2301901,Barbalha,2077,21098.81,10.16
SC,Sul,4208401,Itapiranga,1498,21079.24,14.07
MT,Centro Oeste,5108006,Tapurah,826,21018.1,25.45
MG,Sudeste,3163102,São José da Varginha,2289,20968.7,9.16
ES,Sudeste,3205010,Sooretama,900,20939.03,23.27
RS,Sul,4308201,Flores da Cunha,1631,20930.77,12.83
MG,Sudeste,3134905,Jacutinga,934,20891.67,22.37
SP,Sudeste,3556701,Vinhedo,2782,20886.23,7.51
PR,Sul,4110953,Itaipulândia,2873,20774.84,7.23
CE,Nordeste,2305233,Horizonte,1243,20772.56,16.71
PE,Nordeste,2606200,Goiana,1913,20770.37,10.86
MG,Sudeste,3164704,São Sebastião do Paraíso,2743,20660.18,7.53
SP,Sudeste,3546108,Santa Clara D'Oeste,2166,20626.43,9.52
GO,Centro Oeste,5214838,Nova Crixás,441,20602.02,46.72
MS,Centro Oeste,5002951,Chapadão do Sul,1676,20572.58,12.27
RJ,Sudeste,3300308,Barra do Piraí,785,20518.14,26.14
MT,Centro Oeste,5107008,Poxoréu,773,20458.93,26.47
MA,Nordeste,2101707,Barreirinhas,1165,20456.98,17.56
MG,Sudeste,3135050,Jaíba,580,20414.59,35.2
RN,Nordeste,2403608,Extremoz,2857,20284.32,7.1
RJ,Sudeste,3300407,Barra Mansa,1430,20278.28,14.18
SP,Sudeste,3522604,Itapira,2064,20174.76,9.77
PR,Sul,4109807,Ibiporã,1757,20118.81,11.45
SP,Sudeste,3547700,Santo Anastácio,1230,20103.72,16.34
MS,Centro Oeste,5004601,Itaquiraí,1499,20085.35,13.4
GO,Centro Oeste,5215603,Padre Bernardo,360,20053.74,55.7
SP,Sudeste,3522703,Itápolis,1981,19987.56,10.09
BA,Nordeste,2914703,Itaberaba,2831,19976.04,7.06
PR,Sul,4101804,Araucária,1623,19974.59,12.31
MT,Centro Oeste,5108501,Vera,796,19933.09,25.04
SP,Sudeste,3553401,Tanabi,1344,19925.95,14.83
MT,Centro Oeste,5106109,Nossa Senhora do Livramento,533,19898.1,37.33
MS,Centro Oeste,5004502,Itaporã,1776,19873.35,11.19
RS,Sul,4318804,São Lourenço do Sul,2257,19853.47,8.8
RS,Sul,4321451,Teutônia,1942,19779.13,10.18
RS,Sul,4308607,Garibaldi,1727,19777.48,11.45
SC,Sul,4216701,São José do Cedro,758,19769.29,26.08
RJ,Sudeste,3304201,Resende,2477,19749.8,7.97
RS,Sul,4318309,São Gabriel,2465,19742.38,8.01
PR,Sul,4128005,Ubiratã,1332,19697.36,14.79
MG,Sudeste,3114402,Carmo do Rio Claro,834,19680.02,23.6
PR,Sul,4114104,Mandaguaçu,1441,19655.81,13.64
MG,Sudeste,3119104,Corinto,533,19556.13,36.69
ES,Sudeste,3204351,Rio Bananal,1535,19517.3,12.71
MT,Centro Oeste,5101704,Barra do Bugres,2044,19453.67,9.52
MG,Sudeste,3116605,Cláudio,769,19451.9,25.3
SP,Sudeste,3522406,Itapeva,1130,19446.95,17.21
MG,Sudeste,3146909,Papagaios,376,19422.65,51.66
PE,Nordeste,2607208,Ipojuca,1566,19412.52,12.4
PA,Norte,1507953,Tailândia,1781,19402.26,10.89
MG,Sudeste,3129509,Ibiá,513,19385.03,37.79
ES,Sudeste,3204708,São Gabriel da Palha,1473,19383.83,13.16
MG,Sudeste,3113404,Caratinga,1953,19370.84,9.92
PR,Sul,4127403,Terra Roxa,1513,19370.42,12.8
ES,Sudeste,3204559,Santa Maria de Jetibá,1443,19355.55,13.41
PR,Sul,4124053,Santa Terezinha de Itaipu,2257,19347.41,8.57
SC,Sul,4216909,São Lourenço do Oeste,661,19213.0,29.07
GO,Centro Oeste,5209903,Iaciara,91,19193.19,210.91
MA,Nordeste,2108207,Pedreiras,2325,19151.59,8.24
GO,Centro Oeste,5217609,Planaltina,569,19143.64,33.64
MS,Centro Oeste,5004908,Jaraguari,636,19135.89,30.09
AL,Nordeste,2702306,Coruripe,938,19129.03,20.39
SP,Sudeste,3530201,Mirante do Paranapanema,2370,19081.0,8.05
SP,Sudeste,3525706,José Bonifácio,2298,19073.44,8.3
SP,Sudeste,3524105,Ituverava,1652,19072.02,11.54
CE,Nordeste,2300200,Acaraú,915,19065.58,20.84
CE,Nordeste,2300754,Amontada,479,19004.21,39.67
MT,Centro Oeste,5106307,Paranatinga,1138,18998.67,16.69
SP,Sudeste,3517406,Guaíra,2438,18955.23,7.77
CE,Nordeste,2311405,Quixeramobim,1694,18949.03,11.19
MG,Sudeste,3168705,Timóteo,2843,18883.42,6.64
RS,Sul,4321907,Três Passos,2182,18829.17,8.63
SP,Sudeste,3554508,Tietê,1540,18822.49,12.22
GO,Centro Oeste,5220108,São Luís de Montes Belos,1852,18821.12,10.16
CE,Nordeste,2308708,Morada Nova,1291,18816.91,14.58
MG,Sudeste,3148905,Pedra do Indaiá,216,18800.44,87.04
RS,Sul,4304507,Canguçu,1968,18800.07,9.55
SP,Sudeste,3501301,Álvares Machado,2259,18778.8,8.31
SC,Sul,4206504,Guaramirim,2210,18754.81,8.49
RN,Nordeste,2409407,Pau dos Ferros,2464,18716.66,7.6
SC,Sul,4203600,Campos Novos,695,18665.93,26.86
PE,Nordeste,2604007,Carpina,2138,18640.53,8.72
AL,Nordeste,2702405,Delmiro Gouveia,1475,18639.64,12.64
MT,Centro Oeste,5107800,Santo Antônio do Leverger,1132,18611.58,16.44
RS,Sul,4309407,Guaporé,1500,18599.39,12.4
PA,Norte,1501501,Benevides,1022,18577.78,18.18
GO,Centro Oeste,5215702,Palmeiras de Goiás,1805,18545.63,10.27
SC,Sul,4202800,Braço do Norte,996,18541.56,18.62
SC,Sul,4214805,Rio do Sul,1878,18513.82,9.86
RS,Sul,4306403,Dois Irmãos,2510,18457.97,7.35
RO,Norte,1100189,Pimenta Bueno,1508,18395.81,12.2
SC,Sul,4209003,Joaçaba,656,18352.81,27.98
BA,Nordeste,2926608,Ribeira do Pombal,2347,18330.05,7.81
SP,Sudeste,3556008,Urupês,1462,18329.65,12.54
SP,Sudeste,3526803,Lençóis Paulista,1855,18297.6,9.86
PR,Sul,4101002,Ampére,1347,18288.07,13.58
MG,Sudeste,3171006,Vazante,748,18280.19,24.44
SP,Sudeste,3506706,Boa Esperança do Sul,480,18221.03,37.96
RJ,Sudeste,3300233,Armação dos Búzios,1990,18217.59,9.15
BA,Nordeste,2905206,Caetité,2366,18192.52,7.69
RJ,Sudeste,3305000,São João da Barra,1381,18178.85,13.16
PR,Sul,4108601,Goioerê,1796,18166.1,10.11
BA,Nordeste,2931905,Tucano,2124,18140.18,8.54
RJ,Sudeste,3300100,Angra dos Reis,1905,18138.3,9.52
MG,Sudeste,3158953,Santana do Paraíso,2170,18125.88,8.35
PA,Norte,1506203,Salinópolis,1611,18088.69,11.23
ES,Sudeste,3205176,Vila Valério,1257,18067.73,14.37
RS,Sul,4322509,Vacaria,1823,18066.81,9.91
BA,Nordeste,2907202,Casa Nova,1824,18064.07,9.9
SP,Sudeste,3505708,Barueri,1614,18009.24,11.16
PE,Nordeste,2601706,Belo Jardim,1586,17983.07,11.34
ES,Sudeste,3201407,Castelo,1551,17980.36,11.59
PB,Nordeste,2504306,Catolé do Rocha,1252,17944.3,14.33
MS,Centro Oeste,5005681,Mundo Novo,1578,17926.8,11.36
PE,Nordeste,2601102,Araripina,1813,17912.09,9.88
CE,Nordeste,2302800,Canindé,1565,17781.61,11.36
MT,Centro Oeste,5107180,Ribeirão Cascalheira,479,17779.73,37.12
ES,Sudeste,3200904,Barra de São Francisco,1675,17776.33,10.61
MS,Centro Oeste,5006002,Nova Alvorada do Sul,1370,17766.91,12.97
CE,Nordeste,2313500,Trairi,907,17734.62,19.55
MG,Sudeste,3101607,Alfenas,1749,17721.17,10.13
CE,Nordeste,2309607,Pacajus,1308,17706.01,13.54
AL,Nordeste,2708006,Santana do Ipanema,987,17687.81,17.92
SC,Sul,4219309,Videira,1010,17655.6,17.48
SP,Sudeste,3544301,Roseira,193,17613.1,91.26
GO,Centro Oeste,5211800,Jaraguá,1560,17579.78,11.27
PA,Norte,1504422,Marituba,1627,17552.02,10.79
RS,Sul,4313508,Osório,1919,17547.31,9.14
SP,Sudeste,3522307,Itapetininga,2032,17538.95,8.63
AL,Nordeste,2706703,Penedo,1083,17524.7,16.18
MG,Sudeste,3142007,Mirabela,156,17487.87,112.1
MA,Nordeste,2103208,Chapadinha,1527,17465.26,11.44
SC,Sul,4210100,Mafra,1154,17461.16,15.13
MG,Sudeste,3170701,Varginha,1074,17421.94,16.22
SC,Sul,4218202,Timbó,1979,17374.75,8.78
SC,Sul,4211306,Navegantes,2038,17321.61,8.5
RS,Sul,4317608,Santo Antônio da Patrulha,1731,17315.26,10.0
MG,Sudeste,3109907,Caetanópolis,312,17315.21,55.5
MG,Sudeste,3130101,Igarapé,1064,17304.82,16.26
SE,Nordeste,2803500,Lagarto,1462,17299.38,11.83
MS,Centro Oeste,5007406,Rio Verde de Mato Grosso,1160,17255.07,14.88
CE,Nordeste,2306405,Itapipoca,1293,17242.67,13.34
MG,Sudeste,3124005,Ervália,779,17209.82,22.09
PR,Sul,4119152,Pinhais,1276,17197.5,13.48
PR,Sul,4110607,Iporã,982,17192.51,17.51
SC,Sul,4217501,Seara,862,17184.26,19.94
SP,Sudeste,3521804,Itaí,516,17163.82,33.26
BA,Nordeste,2931004,Tanhaçu,1381,17131.22,12.4
RJ,Sudeste,3306107,Valença,717,17116.64,23.87
PE,Nordeste,2612208,Salgueiro,2328,17108.98,7.35
SC,Sul,4203006,Caçador,737,17011.28,23.08
PR,Sul,4117107,Nova Londrina,834,17009.07,20.39
MS,Centro Oeste,5000609,Amambai,1786,16985.97,9.51
SP,Sudeste,3534401,Osasco,1389,16973.09,12.22
RJ,Sudeste,3301207,Carmo,340,16965.46,49.9
SP,Sudeste,3541208,Presidente Bernardes,830,16902.77,20.36
PB,Nordeste,2513901,São Bento,1649,16876.55,10.23
PR,Sul,4105805,Colombo,1299,16870.06,12.99
PI,Nordeste,2207009,Oeiras,1600,16864.89,10.54
SC,Sul,4219507,Xanxerê,1054,16773.5,15.91
SP,Sudeste,3531902,Morro Agudo,1384,16766.26,12.11
SP,Sudeste,3548500,Santos,1317,16748.9,12.72
RS,Sul,4300604,Alvorada,2213,16712.91,7.55
GO,Centro Oeste,5212204,Jussara,1209,16667.82,13.79
SP,Sudeste,3520442,Ilha Solteira,2709,16636.0,6.14
RJ,Sudeste,3303708,Paraíba do Sul,539,16611.48,30.82
MG,Sudeste,3154606,Ribeirão das Neves,1554,16589.81,10.68
PR,Sul,4121406,Realeza,1267,16585.89,13.09
GO,Centro Oeste,5208806,Goianira,1411,16566.38,11.74
MG,Sudeste,3109006,Brumadinho,1559,16545.27,10.61
RS,Sul,4304804,Carlos Barbosa,1652,16435.07,9.95
PA,Norte,1506500,Santa Isabel do Pará,1125,16412.35,14.59
RO,Norte,1100155,Ouro Preto do Oeste,1602,16406.36,10.24
SP,Sudeste,3505906,Batatais,1881,16387.91,8.71
SC,Sul,4207007,Içara,1259,16385.16,13.01
BA,Nordeste,2930501,Serrinha,2008,16374.21,8.15
PR,Sul,4120606,Prudentópolis,1122,16357.53,14.58
MG,Sudeste,3162005,São Gonçalo do Sapucaí,444,16337.11,36.8
MT,Centro Oeste,5103056,Cláudia,690,16316.75,23.65
RS,Sul,4317103,Santana do Livramento,1736,16310.23,9.4
RS,Sul,4304200,Candelária,1895,16278.67,8.59
GO,Centro Oeste,5215306,Orizona,571,16258.09,28.47
MT,Centro Oeste,5103700,Feliz Natal,482,16209.25,33.63
MG,Sudeste,3156908,Sacramento,835,16206.0,19.41
SP,Sudeste,3509957,Canas,134,16202.31,120.91
SP,Sudeste,3509403,Cajuru,710,16182.3,22.79
RS,Sul,4321808,Três de Maio,2013,16181.76,8.04
PA,Norte,1502707,Conceição do Araguaia,1723,16158.22,9.38
PR,Sul,4100509,Altônia,1550,16125.45,10.4
PE,Nordeste,2608800,Lajedo,851,16117.51,18.94
RN,Nordeste,2412203,São José de Mipibu,1382,16115.07,11.66
MG,Sudeste,3162500,São João del Rei,1924,16096.42,8.37
SP,Sudeste,3529708,Miguelópolis,827,16094.27,19.46
SP,Sudeste,3548054,Santo Antônio do Aracanguá,924,16089.3,17.41
GO,Centro Oeste,5217401,Pires do Rio,1062,16082.25,15.14
RS,Sul,4319000,São Marcos,1417,16075.58,11.34
MG,Sudeste,3108602,Brasília de Minas,470,16073.63,34.2
SP,Sudeste,3511508,Cerquilho,2089,16069.7,7.69
GO,Centro Oeste,5203302,Bela Vista de Goiás,1108,16062.77,14.5
SP,Sudeste,3533403,Nova Odessa,2094,16051.19,7.67
SP,Sudeste,3531407,Monte Aprazível,1209,16046.38,13.27
RO,Norte,1100452,Buritis,1458,16024.65,10.99
MA,Nordeste,2110708,São Domingos do Maranhão,913,16019.15,17.55
SC,Sul,4215802,São Bento do Sul,1870,16007.42,8.56
SP,Sudeste,3534302,Orlândia,1689,15997.64,9.47
PE,Nordeste,2601904,Bezerros,1490,15945.16,10.7
MT,Centro Oeste,5103254,Colniza,1481,15928.59,10.76
GO,Centro Oeste,5220603,Silvânia,710,15926.69,22.43
SC,Sul,4202008,Balneário Camboriú,1592,15924.25,10.0
RN,Nordeste,2408201,Nísia Floresta,1469,15919.5,10.84
PE,Nordeste,2601201,Arcoverde,2046,15915.39,7.78
MG,Sudeste,3134608,Jaboticatubas,962,15876.13,16.5
MS,Centro Oeste,5004007,Glória de Dourados,1080,15876.0,14.7
ES,Sudeste,3204054,Pedro Canário,554,15835.26,28.58
SE,Nordeste,2800605,Barra dos Coqueiros,2035,15804.71,7.77
MG,Sudeste,3128600,Guarda-Mor,296,15803.15,53.39
CE,Nordeste,2313401,Tianguá,1172,15789.42,13.47
RJ,Sudeste,3304706,Santo Antônio de Pádua,1772,15744.68,8.89
MG,Sudeste,3169406,Três Pontas,1562,15697.26,10.05
ES,Sudeste,3200102,Afonso Cláudio,1371,15691.75,11.45
BA,Nordeste,2928901,São Desidério,919,15654.71,17.03
RS,Sul,4323804,Xangri-lá,1867,15630.45,8.37
MS,Centro Oeste,5003454,Deodápolis,1279,15621.8,12.21
MG,Sudeste,3145059,Nova Porteirinha,903,15578.7,17.25
GO,Centro Oeste,5219308,Santa Helena de Goiás,1443,15572.12,10.79
MA,Nordeste,2110005,Santa Luzia,1008,15542.83,15.42
SP,Sudeste,3513702,Descalvado,926,15518.99,16.76
MG,Sudeste,3157807,Santa Luzia,1615,15513.07,9.61
BA,Nordeste,2917508,Jacobina,2006,15505.47,7.73
GO,Centro Oeste,5209101,Goiatuba,1587,15504.56,9.77
SP,Sudeste,3519709,Ibiúna,1885,15497.76,8.22
RS,Sul,4320909,Tapejara,1819,15465.37,8.5
MG,Sudeste,3153509,Alto Jequitibá,453,15464.39,34.14
MG,Sudeste,3102605,Andradas,913,15457.25,16.93
SC,Sul,4210506,Maravilha,839,15433.01,18.39
MS,Centro Oeste,5000708,Anastácio,1724,15428.43,8.95
PI,Nordeste,2208403,Piripiri,2284,15423.32,6.75
AL,Nordeste,2707701,Rio Largo,1325,15387.13,11.61
RN,Nordeste,2402600,Ceará-Mirim,1709,15384.48,9.0
RO,Norte,1100015,Alta Floresta D'Oeste,1381,15374.44,11.13
SP,Sudeste,3546405,Santa Cruz do Rio Pardo,1557,15368.62,9.87
MG,Sudeste,3135803,Jequitinhonha,348,15353.02,44.12
SP,Sudeste,3501905,Amparo,1372,15292.33,11.15
SP,Sudeste,3525102,Jardinópolis,1454,15270.06,10.5
BA,Nordeste,2932903,Valença,1793,15246.37,8.5
MS,Centro Oeste,5002001,Batayporã,893,15234.64,17.06
MG,Sudeste,3105608,Barbacena,1867,15233.98,8.16
RS,Sul,4309100,Gramado,1426,15218.12,10.67
SP,Sudeste,3518701,Guarujá,1618,15215.22,9.4
RJ,Sudeste,3306008,Três Rios,663,15190.0,22.91
SP,Sudeste,3534609,Osvaldo Cruz,1592,15140.03,9.51
MG,Sudeste,3141108,Matozinhos,401,15112.13,37.69
SP,Sudeste,3539509,Pitangueiras,1377,15106.96,10.97
SP,Sudeste,3533007,Nova Granada,1142,15079.89,13.2
SP,Sudeste,3502903,Araçoiaba da Serra,1315,15048.48,11.44
MG,Sudeste,3132404,Itajubá,1529,15032.58,9.83
RS,Sul,4306809,Encantado,1598,15011.56,9.39
PR,Sul,4106407,Cornélio Procópio,1246,15005.4,12.04
RS,Sul,4301008,Arroio do Meio,2032,14997.51,7.38
PE,Nordeste,2606804,Igarassu,1636,14989.63,9.16
SP,Sudeste,3549706,São José do Rio Pardo,1587,14976.88,9.44
PR,Sul,4115606,Matelândia,1166,14975.59,12.84
RJ,Sudeste,3305109,São João de Meriti,1498,14912.34,9.95
MS,Centro Oeste,5004304,Iguatemi,1049,14889.15,14.19
MG,Sudeste,3108552,Brasilândia de Minas,543,14887.74,27.42
SC,Sul,4208500,Ituporanga,1225,14859.71,12.13
PA,Norte,1502202,Capanema,1560,14857.67,9.52
MA,Nordeste,2109601,Rosário,426,14833.67,34.82
RS,Sul,4321501,Torres,1451,14794.66,10.2
BA,Nordeste,2930105,Senhor do Bonfim,1999,14762.48,7.38
MA,Nordeste,2103604,Coroatá,1180,14746.97,12.5
RS,Sul,4304630,Capão da Canoa,1637,14728.35,9.0
PE,Nordeste,2610608,Paudalho,1253,14710.81,11.74
MT,Centro Oeste,5106422,Peixoto de Azevedo,1446,14699.92,10.17
RS,Sul,4307708,Esteio,2023,14697.22,7.27
PR,Sul,4123808,Santa Izabel do Oeste,761,14649.04,19.25
RS,Sul,4310108,Igrejinha,2026,14625.83,7.22
SP,Sudeste,3503802,Artur Nogueira,1646,14603.18,8.87
PA,Norte,1505031,Novo Progresso,997,14600.87,14.64
ES,Sudeste,3203320,Marataízes,1097,14599.97,13.31
GO,Centro Oeste,5210208,Iporá,1708,14560.24,8.52
PA,Norte,1504703,Moju,839,14534.51,17.32
MT,Centro Oeste,5107701,Rosário Oeste,772,14505.0,18.79
MS,Centro Oeste,5003801,Fátima do Sul,1816,14495.43,7.98
CE,Nordeste,2302404,Boa Viagem,445,14486.74,32.55
RS,Sul,4306601,Dom Pedrito,880,14485.07,16.46
ES,Sudeste,3203353,Marilândia,1004,14474.19,14.42
BA,Nordeste,2930709,Simões Filho,1069,14471.25,13.54
MG,Sudeste,3107109,Boa Esperança,1027,14465.46,14.09
MG,Sudeste,3118304,Conselheiro Lafaiete,1271,14440.73,11.36
SP,Sudeste,3539806,Poá,913,14435.89,15.81
GO,Centro Oeste,5220207,São Miguel do Araguaia,1100,14412.37,13.1
ES,Sudeste,3205101,Viana,1344,14409.77,10.72
GO,Centro Oeste,5213087,Minaçu,1404,14395.12,10.25
TO,Norte,1702208,Araguatins,960,14383.74,14.98
PE,Nordeste,2613503,São José do Belmonte,1348,14357.87,10.65
MG,Sudeste,3114303,Carmo do Paranaíba,974,14335.0,14.72
SE,Nordeste,2804805,Nossa Senhora do Socorro,1229,14319.31,11.65
PE,Nordeste,2615409,Toritama,1515,14304.83,9.44
MG,Sudeste,3137502,Lagoa Formosa,728,14296.96,19.64
MG,Sudeste,3115102,Cássia,915,14289.3,15.62
CE,Nordeste,2306900,Jaguaribe,1015,14287.46,14.08
RN,Nordeste,2403103,Currais Novos,1718,14263.65,8.3
PR,Sul,4123006,Salto do Lontra,876,14254.43,16.27
PB,Nordeste,2506301,Guarabira,893,14242.41,15.95
SP,Sudeste,3535507,Paraguaçu Paulista,1658,14234.69,8.59
PR,Sul,4110706,Irati,1352,14210.26,10.51
MG,Sudeste,3146503,Pains,204,14159.57,69.41
RS,Sul,4314803,Portão,1868,14150.27,7.58
PE,Nordeste,2608909,Limoeiro,1274,14139.74,11.1
RS,Sul,4313904,Panambi,1879,14113.39,7.51
PR,Sul,4114203,Mandaguari,1147,14103.57,12.3
PB,Nordeste,2500700,São João do Rio do Peixe,528,14101.13,26.71
SC,Sul,4210902,Modelo,199,14100.11,70.85
PR,Sul,4110003,Iguaraçu,452,14093.64,31.18
PR,Sul,4113304,Laranjeiras do Sul,755,14053.18,18.61
GO,Centro Oeste,5209705,Hidrolândia,997,14046.04,14.09
RS,Sul,4301602,Bagé,1751,14033.66,8.01
CE,Nordeste,2307007,Jaguaruana,604,14030.5,23.23
CE,Nordeste,2307700,Maranguape,1308,14027.6,10.72
RS,Sul,4316006,Rolante,1880,14021.55,7.46
PR,Sul,4120903,Quedas do Iguaçu,856,14018.86,16.38
SP,Sudeste,3557006,Votorantim,1998,13969.01,6.99
PA,Norte,1503804,Jacundá,1046,13963.24,13.35
MG,Sudeste,3167608,Simonésia,1210,13951.84,11.53
BA,Nordeste,2916401,Itapetinga,1476,13950.49,9.45
SC,Sul,4212908,Pinhalzinho,974,13932.35,14.3
PI,Nordeste,2202208,Campo Maior,1724,13926.88,8.08
MG,Sudeste,3121605,Diamantina,635,13911.21,21.91
SC,Sul,4203204,Camboriú,1453,13904.56,9.57
SP,Sudeste,3504503,Avaré,1343,13888.22,10.34
MG,Sudeste,3145000,Nova Ponte,421,13876.6,32.96
RS,Sul,4300802,Antônio Prado,991,13839.31,13.96
SP,Sudeste,3541000,Praia Grande,1804,13836.17,7.67
ES,Sudeste,3201605,Conceição da Barra,898,13804.33,15.37
BA,Nordeste,2914000,Ipirá,1049,13791.02,13.15
AL,Nordeste,2702900,Girau do Ponciano,308,13784.34,44.75
MG,Sudeste,3131604,Iraí de Minas,219,13783.73,62.94
SC,Sul,4208104,Itaiópolis,894,13779.8,15.41
PB,Nordeste,2513703,Santa Rita,1101,13778.96,12.51
SP,Sudeste,3539202,Pirapozinho,1517,13769.68,9.08
MG,Sudeste,3146008,Ouro Fino,1143,13755.75,12.03
SP,Sudeste,3526001,Junqueirópolis,1417,13732.58,9.69
PI,Nordeste,2200400,Altos,1153,13730.45,11.91
SP,Sudeste,3535804,Paranapanema,694,13717.25,19.77
PR,Sul,4112751,Jesuítas,727,13699.92,18.84
RO,Norte,1101609,Theobroma,1396,13690.93,9.81
GO,Centro Oeste,5214606,Niquelândia,1005,13661.07,13.59
PR,Sul,4102406,Bandeirantes,952,13652.33,14.34
SP,Sudeste,3506359,Bertioga,1771,13647.93,7.71
MG,Sudeste,3105103,Bambuí,704,13625.85,19.35
MG,Sudeste,3112703,Capitão Enéas,220,13616.15,61.89
SP,Sudeste,3519055,Holambra,715,13584.74,19.0
MT,Centro Oeste,5107305,São José do Rio Claro,962,13567.65,14.1
MA,Nordeste,2105708,Lago da Pedra,1412,13566.83,9.61
MA,Nordeste,2109007,Porto Franco,1396,13564.6,9.72
RS,Sul,4316402,Rosário do Sul,1483,13558.3,9.14
SC,Sul,4201307,Araquari,1044,13526.81,12.96
MA,Nordeste,2104057,Estreito,1305,13516.71,10.36
PR,Sul,4126504,Sertanópolis,1315,13508.71,10.27
RO,Norte,1100130,Machadinho D'Oeste,1148,13506.91,11.77
PE,Nordeste,2614501,Surubim,1410,13496.36,9.57
SC,Sul,4216206,São Francisco do Sul,2034,13466.3,6.62
RJ,Sudeste,3300803,Cachoeiras de Macacu,1841,13460.68,7.31
PR,Sul,4106308,Corbélia,729,13369.7,18.34
MG,Sudeste,3153400,Presidente Olegário,653,13361.68,20.46
RS,Sul,4310801,Ivoti,1888,13341.76,7.07
MG,Sudeste,3130655,Indaiabira,95,13337.16,140.39
RJ,Sudeste,3304300,Rio Bonito,1455,13331.44,9.16
PR,Sul,4126801,Tapejara,640,13321.39,20.81
MG,Sudeste,3149200,Pedrinópolis,83,13318.98,160.47
PR,Sul,4112108,Jandaia do Sul,827,13299.44,16.08
PR,Sul,4115358,Maripá,640,13278.36,20.75
MS,Centro Oeste,5007935,Sonora,1235,13271.24,10.75
SC,Sul,4203808,Canoinhas,1130,13245.69,11.72
SC,Sul,4206405,Guaraciaba,669,13235.13,19.78
BA,Nordeste,2925501,Prado,1189,13211.96,11.11
BA,Nordeste,2915601,Itamaraju,1394,13204.14,9.47
PE,Nordeste,2600104,Afogados da Ingazeira,1755,13202.07,7.52
RS,Sul,4322806,Veranópolis,1104,13194.16,11.95
AL,Nordeste,2706307,Palmeira dos Índios,1247,13192.56,10.58
MA,Nordeste,2102101,Brejo,461,13127.92,28.48
SP,Sudeste,3514106,Dois Córregos,620,13124.78,21.17
CE,Nordeste,2312205,Santa Quitéria,699,13110.09,18.76
SP,Sudeste,3524709,Jaguariúna,1697,13109.45,7.73
MS,Centro Oeste,5005004,Jardim,1409,13101.58,9.3
SP,Sudeste,3516705,Garça,1086,13058.51,12.02
SC,Sul,4217709,Sombrio,753,13023.3,17.3
PA,Norte,1502103,Cametá,1464,13021.38,8.89
RJ,Sudeste,3303856,Paty do Alferes,509,13015.86,25.57
SP,Sudeste,3539004,Pirangi,668,13011.64,19.48
MA,Nordeste,2111102,São João dos Patos,833,12996.06,15.6
MG,Sudeste,3133709,Itatiaiuçu,278,12960.51,46.62
MA,Nordeste,2102325,Buriticupu,1087,12939.03,11.9
MG,Sudeste,3141900,Minduri,42,12928.47,307.82
MG,Sudeste,3144300,Nanuque,705,12909.43,18.31
SP,Sudeste,3530102,Mirandópolis,1978,12906.55,6.53
ES,Sudeste,3201001,Boa Esperança,891,12891.58,14.47
MG,Sudeste,3136207,João Monlevade,1241,12887.38,10.38
RS,Sul,4301875,Barra do Quaraí,473,12881.29,27.23
SP,Sudeste,3510005,Cândido Mota,1813,12880.79,7.1
PA,Norte,1501808,Breves,1457,12850.54,8.82
ES,Sudeste,3204609,Santa Teresa,937,12825.14,13.69
PR,Sul,4115853,Mercedes,837,12791.83,15.28
RS,Sul,4313201,Nova Petrópolis,1465,12779.23,8.72
SP,Sudeste,3555406,Ubatuba,1271,12768.46,10.05
PR,Sul,4124020,Santa Tereza do Oeste,474,12743.52,26.89
BA,Nordeste,2930774,Sobradinho,1368,12729.01,9.3
MG,Sudeste,3123601,Elói Mendes,488,12723.15,26.07
MG,Sudeste,3139508,Manhumirim,833,12709.38,15.26
BA,Nordeste,2926806,Rio do Antônio,604,12701.11,21.03
TO,Norte,1703867,Cariri do Tocantins,219,12699.66,57.99
PA,Norte,1508084,Tucumã,1031,12693.61,12.31
GO,Centro Oeste,5211206,Itapuranga,708,12681.97,17.91
RN,Nordeste,2401453,Baraúna,955,12681.37,13.28
PR,Sul,4117255,Nova Prata do Iguaçu,862,12677.92,14.71
RJ,Sudeste,3304805,São Fidélis,1990,12647.28,6.36
BA,Nordeste,2908408,Conceição do Coité,1573,12636.3,8.03
RS,Sul,4317905,Santo Cristo,1534,12630.32,8.23
SP,Sudeste,3540705,Porto Ferreira,1331,12576.84,9.45
ES,Sudeste,3204005,Pancas,856,12574.53,14.69
CE,Nordeste,2308500,Mombaça,863,12564.82,14.56
CE,Nordeste,2303006,Caridade,258,12562.3,48.69
SP,Sudeste,3505203,Bariri,1343,12557.13,9.35
SP,Sudeste,3517703,Guará,807,12552.81,15.55
RJ,Sudeste,3301306,Casimiro de Abreu,1187,12545.35,10.57
RS,Sul,4313300,Nova Prata,1138,12537.44,11.02
ES,Sudeste,3200805,Baixo Guandu,1351,12537.33,9.28
PR,Sul,4117701,Palmeira,999,12528.7,12.54
SC,Sul,4213203,Pomerode,1456,12492.27,8.58
SC,Sul,4207304,Imbituba,1489,12471.75,8.38
PI,Nordeste,2201903,Bom Jesus,805,12461.47,15.48
SP,Sudeste,3536703,Pederneiras,1422,12457.4,8.76
RS,Sul,4320107,Sarandi,1231,12457.38,10.12
SP,Sudeste,3537404,Pereira Barreto,1914,12438.86,6.5
CE,Nordeste,2305407,Icó,1401,12414.8,8.86
SP,Sudeste,3519402,Ibirá,752,12411.19,16.5
CE,Nordeste,2313005,Solonópole,372,12409.33,33.36
RS,Sul,4306767,Eldorado do Sul,1097,12408.62,11.31
SC,Sul,4207650,Iporã do Oeste,796,12399.47,15.58
MA,Nordeste,2108603,Pinheiro,1070,12386.33,11.58
PR,Sul,4118451,Pato Bragado,890,12385.04,13.92
PR,Sul,4101101,Andirá,762,12353.38,16.21
PR,Sul,4104204,Campo Largo,1029,12351.22,12.0
MG,Sudeste,3130309,Iguatama,272,12334.11,45.35
BA,Nordeste,2929057,São Félix do Coribe,592,12332.61,20.83
RS,Sul,4305306,Chapada,1428,12314.36,8.62
MG,Sudeste,3156700,Sabará,839,12302.72,14.66
SP,Sudeste,3550407,São Pedro,1227,12275.71,10.0
PA,Norte,1506187,Rondon do Pará,1329,12266.26,9.23
SC,Sul,4202305,Biguaçu,1305,12254.56,9.39
PR,Sul,4101705,Araruna,901,12240.35,13.59
PR,Sul,4120853,Quatro Pontes,719,12231.99,17.01
GO,Centro Oeste,5210901,Itapaci,712,12228.9,17.18
GO,Centro Oeste,5212303,Leopoldo de Bulhões,252,12218.98,48.49
TO,Norte,1705508,Colinas do Tocantins,1156,12180.72,10.54
SC,Sul,4204905,Descanso,631,12172.29,19.29
BA,Nordeste,2933208,Vera Cruz,1578,12152.27,7.7
PR,Sul,4119806,Planalto,1102,12150.61,11.03
SC,Sul,4219705,Xaxim,968,12148.35,12.55
RS,Sul,4313706,Palmeira das Missões,1232,12141.17,9.85
PR,Sul,4118006,Paraíso do Norte,850,12140.45,14.28
GO,Centro Oeste,5212956,Matrinchã,176,12137.04,68.96
RJ,Sudeste,3305406,Sapucaia,399,12125.32,30.39
RS,Sul,4319505,São Sebastião do Caí,1363,12091.02,8.87
MG,Sudeste,3131901,Itabirito,968,12078.04,12.48
SP,Sudeste,3518305,Guararema,1181,12069.81,10.22
SP,Sudeste,3518602,Guariba,1318,12050.55,9.14
MG,Sudeste,3110509,Camanducaia,354,12043.69,34.02
MG,Sudeste,3149903,Perdões,429,12036.96,28.06
PR,Sul,4112504,Jardim Alegre,336,12026.54,35.79
CE,Nordeste,2313302,Tauá,1237,12019.24,9.72
SP,Sudeste,3544004,Rio das Pedras,709,12018.37,16.95
MG,Sudeste,3138658,Lontra,82,11995.73,146.29
CE,Nordeste,2312304,São Benedito,731,11992.95,16.41
SP,Sudeste,3531803,Monte Mor,1359,11982.52,8.82
MG,Sudeste,3108206,Bonfinópolis de Minas,150,11929.41,79.53
SP,Sudeste,3508108,Buritama,1858,11927.64,6.42
MT,Centro Oeste,5104609,Itiquira,653,11908.69,18.24
PE,Nordeste,2609907,Ouricuri,1368,11900.58,8.7
GO,Centro Oeste,5205406,Ceres,1126,11887.44,10.56
MG,Sudeste,3150208,Piedade de Ponte Nova,556,11884.82,21.38
SC,Sul,4212502,Penha,1512,11874.12,7.85
PI,Nordeste,2210607,São Raimundo Nonato,935,11822.59,12.64
AM,Norte,1302504,Manacapuru,231,11804.77,51.1
GO,Centro Oeste,5217104,Piracanjuba,838,11785.35,14.06
SP,Sudeste,3556404,Vargem Grande do Sul,976,11783.44,12.07
GO,Centro Oeste,5200050,Abadia de Goiás,871,11782.95,13.53
MA,Nordeste,2112704,Vargem Grande,468,11776.97,25.16
MA,Nordeste,2109452,Raposa,1012,11742.16,11.6
MG,Sudeste,3159605,Santa Rita do Sapucaí,944,11741.41,12.44
MG,Sudeste,3111101,Campina Verde,973,11726.62,12.05
PR,Sul,4117503,Paiçandu,1530,11721.07,7.66
AL,Nordeste,2700607,Barra de São Miguel,847,11704.92,13.82
GO,Centro Oeste,5208905,Goiás,713,11701.14,16.41
GO,Centro Oeste,5204805,Campo Alegre de Goiás,206,11677.49,56.69
AL,Nordeste,2709152,Teotônio Vilela,628,11668.39,18.58
RS,Sul,4306205,Cruzeiro do Sul,1088,11638.46,10.7
MG,Sudeste,3171303,Viçosa,1349,11625.24,8.62
ES,Sudeste,3202256,Governador Lindenberg,796,11616.83,14.59
CE,Nordeste,2306256,Itaitinga,1425,11610.13,8.15
RO,Norte,1100254,Presidente Médici,1169,11605.54,9.93
PE,Nordeste,2612604,Santa Maria da Boa Vista,901,11575.79,12.85
CE,Nordeste,2314003,Várzea Alegre,1113,11530.7,10.36
MT,Centro Oeste,5107941,Tabaporã,590,11518.04,19.52
PR,Sul,4111506,Ivaiporã,923,11501.9,12.46
BA,Nordeste,2904001,Boninal,226,11470.95,50.76
PR,Sul,4127205,Terra Boa,855,11460.0,13.4
PR,Sul,4103602,Cambará,711,11458.42,16.12
PR,Sul,4114302,Mandirituba,443,11446.0,25.84
RS,Sul,4321709,Três Coroas,1376,11444.24,8.32
TO,Norte,1711902,Lagoa da Confusão,577,11441.31,19.83
SP,Sudeste,3504602,Bady Bassitt,1878,11440.37,6.09
CE,Nordeste,2309706,Pacatuba,1183,11386.04,9.62
RO,Norte,1100098,Espigão D'Oeste,1110,11370.42,10.24
GO,Centro Oeste,5204409,Caiapônia,295,11366.01,38.53
PE,Nordeste,2611002,Petrolândia,1476,11365.66,7.7
RJ,Sudeste,3304003,Piraí,306,11356.99,37.11
ES,Sudeste,3203163,Laranja da Terra,843,11335.93,13.45
MG,Sudeste,3136652,Juatuba,521,11335.54,21.76
RJ,Sudeste,3304508,Rio das Flores,72,11323.27,157.27
PR,Sul,4122602,Rondon,540,11315.34,20.95
MA,Nordeste,2104552,Governador Edison Lobão,803,11307.7,14.08
RS,Sul,4321303,Taquari,1841,11291.57,6.13
SC,Sul,4202107,Barra Velha,1756,11267.18,6.42
GO,Centro Oeste,5203906,Buriti Alegre,497,11262.45,22.66
CE,Nordeste,2307502,Lavras da Mangabeira,794,11242.15,14.16
RS,Sul,4305207,Cerro Largo,1497,11235.18,7.51
GO,Centro Oeste,5200258,Águas Lindas de Goiás,1019,11233.1,11.02
SP,Sudeste,3521903,Itajobi,1081,11195.02,10.36
SC,Sul,4208005,Itá,431,11118.05,25.8
MG,Sudeste,3142908,Monte Azul,756,11112.7,14.7
MG,Sudeste,3114204,Carmo do Cajuru,657,11096.59,16.89
PA,Norte,1504059,Mãe do Rio,526,11079.7,21.06
SP,Sudeste,3529203,Martinópolis,1301,11070.94,8.51
ES,Sudeste,3203502,Montanha,708,11070.75,15.64
PA,Norte,1508001,Tomé-Açu,925,11067.67,11.97
CE,Nordeste,2308401,Missão Velha,596,11052.49,18.54
PR,Sul,4128609,Verê,606,11040.55,18.22
SP,Sudeste,3541604,Promissão,1611,11003.32,6.83
PE,Nordeste,2610905,Pesqueira,972,10998.65,11.32
RS,Sul,4309605,Horizontina,1679,10989.49,6.55
PR,Sul,4102802,Bela Vista do Paraíso,488,10979.14,22.5
RS,Sul,4302352,Bom Princípio,1278,10959.67,8.58
BA,Nordeste,2914406,Iraquara,424,10957.8,25.84
PE,Nordeste,2613701,São Lourenço da Mata,1186,10935.96,9.22
RS,Sul,4315701,Rio Pardo,1195,10930.61,9.15
PR,Sul,4126355,Serranópolis do Iguaçu,687,10878.88,15.84
PE,Nordeste,2602605,Brejo da Madre de Deus,1107,10866.58,9.82
MG,Sudeste,3108305,Borda da Mata,517,10860.84,21.01
RJ,Sudeste,3300605,Bom Jesus do Itabapoana,1389,10835.85,7.8
SP,Sudeste,3526407,Laranjal Paulista,1018,10835.25,10.64
MS,Centro Oeste,5000203,Água Clara,968,10826.48,11.18
RS,Sul,4305355,Charqueadas,1692,10823.23,6.4
PA,Norte,1507300,São Félix do Xingu,1059,10822.48,10.22
PA,Norte,1501709,Bragança,1064,10810.65,10.16
PR,Sul,4124400,Santo Antônio do Sudoeste,782,10791.48,13.8
PR,Sul,4105409,Chopinzinho,736,10791.42,14.66
BA,Nordeste,2921708,Morro do Chapéu,469,10790.5,23.01
SP,Sudeste,3555109,Tupi Paulista,1254,10785.65,8.6
PR,Sul,4113205,Lapa,640,10777.28,16.84
PB,Nordeste,2504603,Conde,880,10774.81,12.24
PR,Sul,4125209,São Jorge D'Oeste,712,10769.71,15.13
SP,Sudeste,3511706,Charqueada,564,10740.33,19.04
PR,Sul,4123402,Santa Fé,806,10728.79,13.31
PB,Nordeste,2512101,Pombal,1136,10725.98,9.44
MG,Sudeste,3109303,Buritis,701,10700.74,15.26
SP,Sudeste,3528502,Mairiporã,1347,10697.61,7.94
MT,Centro Oeste,5108055,Terra Nova do Norte,814,10689.7,13.13
SP,Sudeste,3507803,Brodowski,740,10684.22,14.44
SP,Sudeste,3552106,Socorro,1133,10681.29,9.43
SP,Sudeste,3503901,Arujá,1162,10675.73,9.19
GO,Centro Oeste,5217708,Pontalina,876,10671.98,12.18
SP,Sudeste,3537602,Peruíbe,1438,10671.4,7.42
PR,Sul,4115408,Marmeleiro,696,10652.72,15.31
SC,Sul,4211702,Orleans,627,10637.54,16.97
BA,Nordeste,2913200,Ibotirama,1064,10635.07,10.0
MG,Sudeste,3141009,Mato Verde,361,10627.42,29.44
TO,Norte,1700707,Alvorada,488,10619.75,21.76
RS,Sul,4321600,Tramandaí,1261,10613.45,8.42
BA,Nordeste,2909307,Correntina,891,10601.55,11.9
RS,Sul,4311304,Lagoa Vermelha,969,10599.53,10.94
RN,Nordeste,2411205,Santa Cruz,1200,10599.14,8.83
GO,Centro Oeste,5221858,Valparaíso de Goiás,1066,10594.68,9.94
SC,Sul,4214201,Quilombo,564,10583.32,18.76
RS,Sul,4313060,Nova Hartz,1388,10565.18,7.61
MG,Sudeste,3109600,Cachoeira da Prata,917,10549.77,11.5
SP,Sudeste,3540002,Pompéia,980,10533.67,10.75
MG,Sudeste,3146107,Ouro Preto,955,10531.84,11.03
SP,Sudeste,3502507,Aparecida,479,10522.67,21.97
BA,Nordeste,2923209,Oliveira dos Brejinhos,704,10512.86,14.93
RS,Sul,4320800,Soledade,971,10508.36,10.82
MA,Nordeste,2105500,João Lisboa,1079,10502.44,9.73
GO,Centro Oeste,5210109,Ipameri,733,10501.52,14.33
SP,Sudeste,3537800,Piedade,903,10489.78,11.62
MG,Sudeste,3160405,Santo Antônio do Monte,941,10478.12,11.14
SP,Sudeste,3500303,Aguaí,803,10434.45,12.99
SC,Sul,4203907,Capinzal,669,10433.42,15.6
RS,Sul,4319604,São Sepé,1017,10409.99,10.24
MT,Centro Oeste,5105200,Juscimeira,774,10389.93,13.42
RS,Sul,4318408,São Jerônimo,780,10388.74,13.32
PR,Sul,4108205,Formosa do Oeste,725,10373.87,14.31
SC,Sul,4206306,Guabiruba,1175,10372.14,8.83
SP,Sudeste,3510401,Capivari,1012,10358.08,10.24
PR,Sul,4116307,Munhoz de Melo,212,10356.5,48.85
MT,Centro Oeste,5105507,Vila Bela da Santíssima Trindade,560,10355.97,18.49
BA,Nordeste,2922003,Mucuri,1278,10352.28,8.1
BA,Nordeste,2910701,Euclides da Cunha,1283,10340.65,8.06
PR,Sul,4127957,Tupãssi,620,10332.47,16.67
MT,Centro Oeste,5100300,Alto Araguaia,591,10332.19,17.48
MG,Sudeste,3151602,Planura,742,10325.33,13.92
MA,Nordeste,2112233,Trizidela do Vale,1255,10308.63,8.21
PR,Sul,4114005,Mamborê,620,10303.03,16.62
MT,Centro Oeste,5106281,Novo São Joaquim,504,10297.01,20.43
PR,Sul,4104659,Carambeí,343,10281.79,29.98
MG,Sudeste,3145109,Nova Resende,676,10280.76,15.21
RS,Sul,4313375,Nova Santa Rita,1237,10262.11,8.3
ES,Sudeste,3202702,Itaguaçu,766,10252.64,13.38
MT,Centro Oeste,5101407,Aripuanã,1040,10245.25,9.85
GO,Centro Oeste,5204102,Cachoeira Alta,369,10229.44,27.72
PR,Sul,4107652,Fazenda Rio Grande,907,10223.58,11.27
PR,Sul,4111902,Jaguapitã,627,10209.36,16.28
ES,Sudeste,3204302,Presidente Kennedy,247,10186.43,41.24
GO,Centro Oeste,5219753,Santo Antônio do Descoberto,374,10179.46,27.22
MG,Sudeste,3139003,Machado,903,10179.17,11.27
SP,Sudeste,3550100,São Manuel,683,10179.12,14.9
SP,Sudeste,3540903,Pradópolis,1038,10164.91,9.79
RJ,Sudeste,3304755,São Francisco de Itabapoana,1101,10162.68,9.23
MS,Centro Oeste,5002605,Camapuã,876,10156.06,11.59
MA,Nordeste,2102804,Carolina,958,10152.73,10.6
RS,Sul,4300109,Agudo,1276,10146.48,7.95
ES,Sudeste,3200409,Anchieta,978,10141.8,10.37
MG,Sudeste,3147204,Paraguaçu,737,10079.25,13.68
MG,Sudeste,3126901,Frei Inocêncio,272,10076.22,37.04
SC,Sul,4210605,Massaranduba,1132,10053.19,8.88
SP,Sudeste,3554300,Teodoro Sampaio,1471,10038.2,6.82
BA,Nordeste,2925956,Rafael Jambeiro,420,10037.95,23.9
PR,Sul,4106605,Cruzeiro do Oeste,1018,10023.6,9.85
BA,Nordeste,2912806,Ibirapuã,302,10004.53,33.13
GO,Centro Oeste,5203500,Bom Jesus,1031,10004.11,9.7
RS,Sul,4307302,Erval Seco,434,10001.72,23.05
RS,Sul,4316600,Sananduva,923,10000.55,10.83
SP,Sudeste,3505807,Bastos,1016,9984.82,9.83
AL,Nordeste,2704500,Maragogi,872,9978.43,11.44
BA,Nordeste,2909802,Cruz das Almas,1067,9970.46,9.34
MG,Sudeste,3129806,Ibirité,880,9966.25,11.33
PE,Nordeste,2613602,São José do Egito,1192,9934.45,8.33
MG,Sudeste,3118809,Coração de Jesus,325,9929.96,30.55
SP,Sudeste,3542206,Rancharia,1063,9927.99,9.34
PR,Sul,4107538,Entre Rios do Oeste,696,9925.3,14.26
SP,Sudeste,3522109,Itanhaém,1364,9924.33,7.28
BA,Nordeste,2905008,Caculé,1366,9910.9,7.26
PR,Sul,4119608,Pitanga,698,9891.54,14.17
MG,Sudeste,3155207,Rio Espera,47,9884.95,210.32
RS,Sul,4304408,Canela,1196,9850.12,8.24
SC,Sul,4216255,São João do Oeste,626,9836.98,15.71
ES,Sudeste,3202207,Fundão,876,9836.87,11.23
SC,Sul,4218004,Tijucas,1091,9833.92,9.01
MS,Centro Oeste,5002100,Bela Vista,988,9832.37,9.95
GO,Centro Oeste,5209200,Guapó,460,9822.45,21.35
TO,Norte,1708205,Formoso do Araguaia,731,9811.14,13.42
SP,Sudeste,3545605,Santa Adélia,670,9805.17,14.63
PE,Nordeste,2616209,Vertentes,554,9801.25,17.69
RS,Sul,4301701,Barão de Cotegipe,590,9789.54,16.59
MG,Sudeste,3108008,Bom Sucesso,302,9785.7,32.4
RN,Nordeste,2402303,Caraúbas,973,9784.06,10.06
RJ,Sudeste,3302106,Itaocara,1245,9769.49,7.85
PR,Sul,4108007,Florestópolis,302,9764.38,32.33
MG,Sudeste,3162906,São João Nepomuceno,760,9763.6,12.85
SP,Sudeste,3527306,Louveira,996,9762.7,9.8
MG,Sudeste,3166808,Serra do Salitre,338,9756.61,28.87
PR,Sul,4111209,Itapejara D'Oeste,612,9737.54,15.91
TO,Norte,1715002,Nova Rosalândia,107,9731.9,90.95
MG,Sudeste,3152006,Pompéu,851,9728.34,11.43
BA,Nordeste,2926301,Riachão do Jacuípe,883,9724.49,11.01
RN,Nordeste,2405603,Jardim de Piranhas,746,9688.26,12.99
PI,Nordeste,2208304,Piracuruca,1168,9679.97,8.29
SP,Sudeste,3501806,Américo de Campos,468,9675.76,20.67
RO,Norte,1100056,Cerejeiras,820,9672.81,11.8
SC,Sul,4204509,Corupá,828,9669.91,11.68
MG,Sudeste,3128808,Guidoval,299,9669.26,32.34
PR,Sul,4111803,Jacarezinho,1050,9658.16,9.2
MA,Nordeste,2105401,Itapecuru Mirim,744,9644.97,12.96
MA,Nordeste,2106409,Mata Roma,212,9603.1,45.3
MG,Sudeste,3101904,Alpinópolis,767,9601.11,12.52
SP,Sudeste,3507407,Borborema,1251,9579.97,7.66
SE,Nordeste,2806701,São Cristóvão,899,9577.66,10.65
SP,Sudeste,3509304,Cajobi,469,9577.16,20.42
GO,Centro Oeste,5206404,Crixás,495,9573.0,19.34
RS,Sul,4317301,Santa Vitória do Palmar,573,9563.69,16.69
MG,Sudeste,3171204,Vespasiano,1020,9562.2,9.37
AL,Nordeste,2706901,Pilar,559,9546.68,17.08
SP,Sudeste,3542404,Regente Feijó,1226,9545.32,7.79
MG,Sudeste,3124302,Espinosa,400,9540.2,23.85
SP,Sudeste,3531506,Monte Azul Paulista,744,9521.96,12.8
SP,Sudeste,3514908,Elias Fausto,365,9518.3,26.08
PR,Sul,4105300,Céu Azul,691,9513.67,13.77
MT,Centro Oeste,5106653,Pontal do Araguaia,541,9512.84,17.58
TO,Norte,1709302,Guaraí,843,9493.18,11.26
BA,Nordeste,2928109,Santa Maria da Vitória,1080,9478.66,8.78
PR,Sul,4122008,Rio Azul,706,9471.13,13.42
SC,Sul,4204400,Coronel Freitas,482,9464.89,19.64
MA,Nordeste,2106706,Mirador,379,9464.08,24.97
RN,Nordeste,2401107,Areia Branca,1316,9440.46,7.17
SC,Sul,4206652,Guatambú,293,9437.04,32.21
MG,Sudeste,3170800,Várzea da Palma,552,9433.01,17.09
PA,Norte,1505809,Portel,1188,9416.03,7.93
RS,Sul,4311205,Júlio de Castilhos,843,9408.88,11.16
PR,Sul,4104600,Capitão Leônidas Marques,840,9396.95,11.19
MG,Sudeste,3160801,São Bento Abade,43,9391.11,218.4
MG,Sudeste,3118403,Conselheiro Pena,1341,9386.99,7.0
SP,Sudeste,3544251,Rosana,1523,9383.54,6.16
PE,Nordeste,2605103,Custódia,1519,9379.95,6.18
RO,Norte,1100320,São Miguel do Guaporé,893,9372.38,10.5
GO,Centro Oeste,5212808,Mara Rosa,402,9371.26,23.31
SP,Sudeste,3519303,Ibaté,778,9364.66,12.04
MT,Centro Oeste,5102686,Campos de Júlio,437,9362.49,21.42
SP,Sudeste,3505302,Barra Bonita,1150,9341.82,8.12
MG,Sudeste,3111507,Campos Altos,228,9331.21,40.93
BA,Nordeste,2923001,Nova Viçosa,1244,9330.74,7.5
ES,Sudeste,3204658,São Domingos do Norte,568,9327.69,16.42
RS,Sul,4304903,Casca,796,9307.29,11.69
CE,Nordeste,2310209,Paracuru,785,9305.06,11.85
SP,Sudeste,3504206,Auriflama,1264,9302.24,7.36
ES,Sudeste,3202504,Ibiraçu,418,9293.61,22.23
SC,Sul,4208807,Jaguaruna,688,9290.13,13.5
MG,Sudeste,3152808,Prata,240,9280.9,38.67
RJ,Sudeste,3301850,Guapimirim,963,9280.25,9.64
SP,Sudeste,3512209,Conchal,638,9261.22,14.52
MT,Centro Oeste,5106182,Nova Lacerda,401,9230.26,23.02
PI,Nordeste,2211209,Uruçuí,631,9223.51,14.62
RS,Sul,4314001,Paraí,630,9206.09,14.61
MS,Centro Oeste,5006275,Paraíso das Águas,370,9205.09,24.88
MA,Nordeste,2109502,Riachão,431,9204.56,21.36
SC,Sul,4216008,São Carlos,459,9204.13,20.05
PR,Sul,4125605,São Mateus do Sul,781,9201.35,11.78
SP,Sudeste,3550605,São Roque,1197,9190.59,7.68
GO,Centro Oeste,5200308,Alexânia,740,9177.65,12.4
PR,Sul,4106506,Coronel Vivida,804,9168.25,11.4
RJ,Sudeste,3300902,Cambuci,592,9163.05,15.48
SP,Sudeste,3515350,Euclides da Cunha Paulista,456,9145.05,20.05
BA,Nordeste,2930204,Sento Sé,819,9139.17,11.16
RS,Sul,4318200,São Francisco de Paula,875,9132.71,10.44
PA,Norte,1508209,Vigia,367,9125.06,24.86
MG,Sudeste,3161700,São Gonçalo do Abaeté,274,9115.27,33.27
SP,Sudeste,3556107,Valentim Gentil,1083,9099.42,8.4
SP,Sudeste,3513108,Cravinhos,814,9092.0,11.17
SC,Sul,4201505,Armazém,574,9089.59,15.84
MT,Centro Oeste,5105176,Juruena,630,9088.75,14.43
MT,Centro Oeste,5105580,Marcelândia,492,9085.78,18.47
ES,Sudeste,3205150,Vila Pavão,687,9078.43,13.21
BA,Nordeste,2910107,Dom Basílio,1321,9065.48,6.86
SP,Sudeste,3512001,Colina,733,9048.59,12.34
RJ,Sudeste,3300951,Comendador Levy Gasparian,115,9040.24,78.61
RS,Sul,4308904,Getúlio Vargas,1035,9022.62,8.72
RS,Sul,4310009,Ibirubá,1126,9018.08,8.01
CE,Nordeste,2309300,Nova Russas,823,9010.84,10.95
PB,Nordeste,2512507,Queimadas,296,9007.44,30.43
PE,Nordeste,2600054,Abreu e Lima,1179,9003.46,7.64
PA,Norte,1506609,Santa Maria do Pará,456,8997.03,19.73
TO,Norte,1707009,Dianópolis,423,8977.79,21.22
ES,Sudeste,3205069,Venda Nova do Imigrante,610,8975.23,14.71
GO,Centro Oeste,5211305,Itarumã,259,8970.86,34.64
BA,Nordeste,2914653,Itabela,749,8951.52,11.95
ES,Sudeste,3202108,Ecoporanga,641,8950.42,13.96
MA,Nordeste,2112506,Tutóia,741,8929.08,12.05
RS,Sul,4320404,Serafina Corrêa,891,8928.13,10.02
SP,Sudeste,3521309,Ipuã,828,8927.87,10.78
MT,Centro Oeste,5103304,Comodoro,648,8905.02,13.74
PB,Nordeste,2507002,Itaporanga,530,8881.29,16.76
RJ,Sudeste,3303955,Pinheiral,283,8878.55,31.37
BA,Nordeste,2920205,Malhada,577,8851.58,15.34
RS,Sul,4321402,Tenente Portela,873,8845.51,10.13
SP,Sudeste,3547502,Santa Rita do Passa Quatro,844,8842.71,10.48
PR,Sul,4118204,Paranaguá,734,8834.43,12.04
BA,Nordeste,2901155,América Dourada,256,8829.27,34.49
SP,Sudeste,3506409,Bilac,730,8828.78,12.09
SC,Sul,4217808,Taió,704,8815.49,12.52
SP,Sudeste,3500907,Altair,114,8812.83,77.31
MS,Centro Oeste,5007505,Rochedo,370,8810.18,23.81
SP,Sudeste,3507902,Brotas,961,8800.65,9.16
BA,Nordeste,2933604,Xique-Xique,1153,8798.1,7.63
MA,Nordeste,2103505,Colinas,625,8788.4,14.06
MG,Sudeste,3105004,Baldim,209,8781.31,42.02
PE,Nordeste,2615607,Trindade,892,8780.36,9.84
RS,Sul,4315073,Porto Vera Cruz,1175,8774.9,7.47
GO,Centro Oeste,5204250,Cachoeira Dourada,460,8769.7,19.06
PE,Nordeste,2613107,São Caitano,385,8768.7,22.78
PE,Nordeste,2605707,Floresta,911,8767.86,9.62
SP,Sudeste,3536000,Parapuã,416,8762.83,21.06
GO,Centro Oeste,5217302,Pirenópolis,941,8759.13,9.31
MG,Sudeste,3169356,Três Marias,727,8751.24,12.04
SC,Sul,4204707,Cunha Porã,546,8748.33,16.02
PE,Nordeste,2610004,Palmares,965,8746.0,9.06
MG,Sudeste,3114501,Carmópolis de Minas,277,8734.89,31.53
SP,Sudeste,3520400,Ilhabela,785,8726.77,11.12
SP,Sudeste,3552700,Tabatinga,453,8722.46,19.25
SC,Sul,4217402,Schroeder,1378,8708.73,6.32
SP,Sudeste,3511003,Castilho,1548,8698.27,5.62
RO,Norte,1100106,Guajará-Mirim,582,8690.02,14.93
BA,Nordeste,2902906,Barra do Choça,753,8686.57,11.54
MS,Centro Oeste,5003751,Eldorado,959,8673.19,9.04
MA,Nordeste,2105427,Itinga do Maranhão,713,8657.31,12.14
SP,Sudeste,3543709,Rincão,302,8655.34,28.66
RN,Nordeste,2414209,Tibau do Sul,757,8655.31,11.43
MA,Nordeste,2105005,Humberto de Campos,150,8635.94,57.57
CE,Nordeste,2305308,Ibiapina,385,8635.12,22.43
MG,Sudeste,3161809,São Gonçalo do Pará,279,8632.85,30.94
CE,Nordeste,2308104,Mauriti,747,8624.23,11.55
BA,Nordeste,2906600,Candiba,1131,8621.14,7.62
CE,Nordeste,2304251,Cruz,714,8617.18,12.07
RS,Sul,4300570,Alto Feliz,1043,8607.78,8.25
CE,Nordeste,2310852,Pindoretama,482,8593.22,17.83
GO,Centro Oeste,5220405,São Simão,783,8574.27,10.95
BA,Nordeste,2902807,Barra da Estiva,691,8573.68,12.41
ES,Sudeste,3200201,Alegre,999,8571.7,8.58
GO,Centro Oeste,5200134,Acreúna,794,8568.78,10.79
MS,Centro Oeste,5000856,Angélica,885,8565.87,9.68
SP,Sudeste,3515103,Embu-Guaçu,344,8565.87,24.9
RS,Sul,4300901,Aratiba,536,8560.15,15.97
SP,Sudeste,3519105,Iacanga,584,8556.3,14.65
MG,Sudeste,3130200,Igaratinga,368,8543.74,23.22
PE,Nordeste,2603009,Cabrobó,1129,8537.19,7.56
RN,Nordeste,2414407,Touros,873,8535.65,9.78
ES,Sudeste,3202801,Itapemirim,854,8528.15,9.99
BA,Nordeste,2913903,Ipiaú,985,8525.95,8.66
RS,Sul,4320206,Seberi,772,8517.25,11.03
RS,Sul,4312658,Não-Me-Toque,1077,8516.55,7.91
MG,Sudeste,3159803,Santa Vitória,1201,8506.86,7.08
PI,Nordeste,2210003,São João do Piauí,602,8502.03,14.12
RS,Sul,4306007,Crissiumal,1089,8494.03,7.8
RJ,Sudeste,3300456,Belford Roxo,946,8488.68,8.97
SP,Sudeste,3536307,Patrocínio Paulista,342,8474.48,24.78
CE,Nordeste,2300309,Acopiara,879,8465.15,9.63
SP,Sudeste,3508405,Cabreúva,786,8461.29,10.76
PA,Norte,1504802,Monte Alegre,944,8460.51,8.96
PR,Sul,4120200,Porto Rico,716,8459.08,11.81
BA,Nordeste,2926004,Remanso,1158,8449.63,7.3
SP,Sudeste,3510609,Carapicuíba,929,8447.79,9.09
MG,Sudeste,3106309,Belo Oriente,979,8441.27,8.62
PR,Sul,4127858,Três Barras do Paraná,644,8411.22,13.06
MT,Centro Oeste,5101308,Arenápolis,810,8409.57,10.38
SC,Sul,4211009,Mondaí,631,8399.55,13.31
BA,Nordeste,2918357,João Dourado,596,8375.63,14.05
BA,Nordeste,2930154,Serra do Ramalho,895,8369.81,9.35
MS,Centro Oeste,5002159,Bodoquena,661,8351.46,12.63
MS,Centro Oeste,5005806,Nioaque,861,8349.46,9.7
SC,Sul,4207106,Ilhota,1018,8347.67,8.2
SP,Sudeste,3520103,Igarapava,684,8345.7,12.2
CE,Nordeste,2313104,Tabuleiro do Norte,1016,8328.86,8.2
SP,Sudeste,3545159,Saltinho,433,8323.05,19.22
MG,Sudeste,3112307,Capelinha,565,8319.89,14.73
GO,Centro Oeste,5222005,Vianópolis,566,8318.91,14.7
SP,Sudeste,3512803,Cosmópolis,1297,8318.63,6.41
BA,Nordeste,2923605,Paramirim,1152,8316.64,7.22
SP,Sudeste,3511300,Cedral,696,8310.37,11.94
SC,Sul,4204806,Curitibanos,563,8275.05,14.7
SP,Sudeste,3500204,Adolfo,278,8264.37,29.73
SC,Sul,4217303,Saudades,545,8259.76,15.16
BA,Nordeste,2913101,Ibititá,303,8250.24,27.23
RS,Sul,4302402,Bom Retiro do Sul,1110,8240.26,7.42
GO,Centro Oeste,5214507,Nerópolis,751,8237.88,10.97
CE,Nordeste,2302503,Brejo Santo,824,8235.85,9.99
RJ,Sudeste,3303005,Miracema,957,8232.23,8.6
ES,Sudeste,3204955,São Roque do Canaã,538,8228.68,15.29
PE,Nordeste,2602308,Bonito,449,8202.79,18.27
PE,Nordeste,2614857,Tamandaré,831,8197.64,9.86
PR,Sul,4113452,Lindoeste,249,8196.95,32.92
CE,Nordeste,2305001,Guaraciaba do Norte,655,8190.05,12.5
SP,Sudeste,3528403,Mairinque,1270,8188.82,6.45
GO,Centro Oeste,5215504,Ouvidor,317,8184.77,25.82
MG,Sudeste,3169604,Tupaciguara,640,8184.26,12.79
SP,Sudeste,3525201,Jarinu,804,8169.59,10.16
MG,Sudeste,3137809,Lambari,521,8165.05,15.67
SP,Sudeste,3550902,São Simão,327,8147.65,24.92
MG,Sudeste,3153608,Prudente de Morais,139,8131.03,58.5
PR,Sul,4117602,Palmas,440,8130.06,18.48
MG,Sudeste,3144003,Mutum,800,8125.69,10.16
PE,Nordeste,2607604,Ilha de Itamaracá,900,8107.7,9.01
SP,Sudeste,3546009,Santa Branca,324,8100.13,25.0
AL,Nordeste,2709301,União dos Palmares,785,8095.16,10.31
MG,Sudeste,3133501,Itapecerica,538,8092.82,15.04
PR,Sul,4110102,Imbituva,629,8091.86,12.86
PR,Sul,4126702,Tamboara,281,8091.05,28.79
AC,Norte,1200450,Senador Guiomard,548,8064.44,14.72
SE,Nordeste,2804508,Nossa Senhora da Glória,560,8060.32,14.39
PE,Nordeste,2603900,Carnaíba,526,8059.38,15.32
MG,Sudeste,3101102,Aimorés,1208,8032.77,6.65
GO,Centro Oeste,5211008,Itapirapuã,316,8006.73,25.34
MG,Sudeste,3154101,Recreio,451,7993.98,17.73
MG,Sudeste,3169703,Turmalina,345,7983.77,23.14
BA,Nordeste,2928802,Santo Estêvão,1020,7977.46,7.82
MA,Nordeste,2101509,Barão de Grajaú,923,7965.77,8.63
GO,Centro Oeste,5205455,Cezarina,277,7963.58,28.75
SP,Sudeste,3521705,Itaberá,317,7961.72,25.12
CE,Nordeste,2310506,Pedra Branca,358,7959.0,22.23
GO,Centro Oeste,5214002,Mozarlândia,764,7956.42,10.41
MG,Sudeste,3113305,Carangola,775,7956.37,10.27
MA,Nordeste,2111508,São Mateus do Maranhão,914,7950.72,8.7
PR,Sul,4107405,Enéas Marques,424,7948.12,18.75
RS,Sul,4312906,Nova Bassano,644,7944.79,12.34
GO,Centro Oeste,5219704,Santa Terezinha de Goiás,324,7941.92,24.51
PR,Sul,4100400,Almirante Tamandaré,561,7941.03,14.16
SP,Sudeste,3517505,Guapiaçu,899,7939.45,8.83
RS,Sul,4311718,Maçambará,173,7935.04,45.87
MA,Nordeste,2107100,Morros,234,7934.81,33.91
PR,Sul,4124806,São João,588,7933.44,13.49
BA,Nordeste,2910057,Dias D'Ávila,1038,7932.96,7.64
SP,Sudeste,3517000,Getulina,253,7930.3,31.35
BA,Nordeste,2919157,Lapão,614,7929.09,12.91
MT,Centro Oeste,5103452,Denise,464,7929.06,17.09
MT,Centro Oeste,5106216,Nova Canaã do Norte,895,7928.96,8.86
GO,Centro Oeste,5205497,Cidade Ocidental,708,7918.55,11.18
GO,Centro Oeste,5201306,Anicuns,480,7910.89,16.48
BA,Nordeste,2902104,Araci,649,7882.66,12.15
SP,Sudeste,3515186,Espírito Santo do Pinhal,864,7878.57,9.12
SP,Sudeste,3501707,Américo Brasiliense,931,7876.22,8.46
MG,Sudeste,3133402,Itapagipe,1016,7868.67,7.74
PR,Sul,4101903,Assaí,552,7866.78,14.25
MG,Sudeste,3171030,Verdelândia,86,7863.27,91.43
MA,Nordeste,2103752,Davinópolis,613,7860.46,12.82
CE,Nordeste,2307809,Marco,286,7849.72,27.45
MG,Sudeste,3133303,Itaobim,286,7846.34,27.43
PE,Nordeste,2613008,São Bento do Una,750,7843.81,10.46
PR,Sul,4107256,Douradina,650,7843.01,12.07
GO,Centro Oeste,5201801,Aragoiânia,411,7841.6,19.08
SP,Sudeste,3512100,Colômbia,337,7840.88,23.27
BA,Nordeste,2923407,Palmas de Monte Alto,1243,7838.39,6.31
SP,Sudeste,3542909,Ribeirão Bonito,281,7834.32,27.88
PR,Sul,4110508,Ipiranga,573,7833.61,13.67
RS,Sul,4317806,Santo Augusto,932,7826.3,8.4
MG,Sudeste,3165008,São Tiago,325,7807.4,24.02
GO,Centro Oeste,5221502,Turvânia,199,7803.85,39.22
PI,Nordeste,2207801,Paulistana,630,7800.25,12.38
MG,Sudeste,3114550,Carneirinho,826,7799.23,9.44
SP,Sudeste,3538907,Pirajuí,758,7797.59,10.29
GO,Centro Oeste,5215405,Ouro Verde de Goiás,153,7793.25,50.94
MG,Sudeste,3142106,Miradouro,458,7792.16,17.01
ES,Sudeste,3203007,Iúna,751,7789.33,10.37
SP,Sudeste,3535408,Panorama,891,7785.56,8.74
PA,Norte,1505304,Oriximiná,842,7785.12,9.25
AM,Norte,1301902,Itacoatiara,239,7773.55,32.53
SP,Sudeste,3534807,Ouro Verde,360,7772.79,21.59
SC,Sul,4215000,Rio Negrinho,737,7758.92,10.53
PR,Sul,4127304,Terra Rica,806,7745.46,9.61
PE,Nordeste,2611705,Riacho das Almas,678,7734.92,11.41
MT,Centro Oeste,5104203,Guiratinga,391,7724.31,19.76
SP,Sudeste,3515707,Ferraz de Vasconcelos,665,7714.58,11.6
AL,Nordeste,2707107,Piranhas,641,7711.49,12.03
PR,Sul,4117453,Ouro Verde do Oeste,358,7708.68,21.53
MS,Centro Oeste,5005103,Jateí,348,7698.43,22.12
BA,Nordeste,2917201,Ituaçu,1085,7696.72,7.09
RS,Sul,4315107,Porto Xavier,848,7693.84,9.07
SC,Sul,4200408,Água Doce,213,7666.59,35.99
RN,Nordeste,2408904,Parelhas,924,7654.79,8.28
SP,Sudeste,3553807,Taquarituba,474,7653.32,16.15
MS,Centro Oeste,5003108,Corguinho,309,7645.84,24.74
SP,Sudeste,3527405,Lucélia,1119,7634.42,6.82
RJ,Sudeste,3304144,Queimados,589,7634.39,12.96
MG,Sudeste,3145604,Oliveira,712,7633.43,10.72
SP,Sudeste,3500709,Agudos,1023,7629.25,7.46
BA,Nordeste,2907608,Central,284,7622.27,26.84
RS,Sul,4318101,São Francisco de Assis,1132,7610.75,6.72
PE,Nordeste,2615300,Timbaúba,866,7609.42,8.79
SC,Sul,4214003,Presidente Getúlio,814,7605.92,9.34
SC,Sul,4200101,Abelardo Luz,289,7604.6,26.31
RS,Sul,4305801,Constantina,782,7600.95,9.72
AP,Norte,1600279,Laranjal do Jari,769,7595.16,9.88
PR,Sul,4114500,Manoel Ribas,435,7592.18,17.45
PR,Sul,4112405,Japurá,585,7584.81,12.97
SP,Sudeste,3518107,Guarantã,297,7579.63,25.52
SP,Sudeste,3546801,Santa Isabel,798,7576.53,9.49
CE,Nordeste,2304707,Granja,513,7565.24,14.75
PR,Sul,4109609,Guaratuba,733,7556.43,10.31
ES,Sudeste,3202900,Itarana,587,7549.41,12.86
PR,Sul,4120507,Primeiro de Maio,717,7549.21,10.53
ES,Sudeste,3203346,Marechal Floriano,534,7537.14,14.11
MA,Nordeste,2111607,São Raimundo das Mangabeiras,532,7533.11,14.16
MT,Centro Oeste,5106828,Porto Esperidião,608,7529.3,12.38
MG,Sudeste,3144102,Muzambinho,584,7523.44,12.88
CE,Nordeste,2303808,Cedro,437,7520.2,17.21
BA,Nordeste,2911105,Formosa do Rio Preto,539,7519.46,13.95
SP,Sudeste,3547601,Santa Rosa de Viterbo,676,7515.84,11.12
MG,Sudeste,3139607,Mantena,1013,7504.77,7.41
SP,Sudeste,3545704,Santa Albertina,580,7499.15,12.93
RJ,Sudeste,3301876,Iguaba Grande,1233,7499.03,6.08
CE,Nordeste,2305803,Ipu,725,7480.12,10.32
PR,Sul,4124905,São João do Caiuá,192,7475.5,38.93
MG,Sudeste,3138807,Luz,679,7457.3,10.98
RS,Sul,4322202,Tupanciretã,783,7445.11,9.51
SP,Sudeste,3539400,Piratininga,994,7443.37,7.49
CE,Nordeste,2304004,Coreaú,262,7441.43,28.4
MG,Sudeste,3131109,Inimutaba,203,7425.38,36.58
RS,Sul,4310330,Imbé,1040,7419.7,7.13
PA,Norte,1502301,Capitão Poço,595,7411.8,12.46
PR,Sul,4108320,Francisco Alves,504,7407.98,14.7
SP,Sudeste,3556800,Viradouro,1059,7406.02,6.99
PB,Nordeste,2501807,Bayeux,704,7397.98,10.51
PR,Sul,4103909,Campina da Lagoa,506,7392.27,14.61
SP,Sudeste,3512407,Cordeirópolis,749,7389.33,9.87
SP,Sudeste,3545308,Salto de Pirapora,546,7384.11,13.52
MS,Centro Oeste,5007703,Sete Quedas,557,7383.42,13.26
ES,Sudeste,3203700,Muniz Freire,503,7380.55,14.67
MG,Sudeste,3104601,Astolfo Dutra,545,7377.41,13.54
MA,Nordeste,2101004,Arari,604,7361.75,12.19
CE,Nordeste,2313609,Ubajara,487,7358.7,15.11
PE,Nordeste,2606101,Glória do Goitá,421,7352.43,17.46
PR,Sul,4115705,Matinhos,705,7348.0,10.42
MA,Nordeste,2107704,Paraibano,391,7332.26,18.75
MS,Centro Oeste,5004403,Inocência,560,7325.67,13.08
MG,Sudeste,3117306,Conceição das Alagoas,944,7325.13,7.76
RS,Sul,4309001,Giruá,938,7319.86,7.8
SC,Sul,4207759,Iraceminha,316,7316.48,23.15
SP,Sudeste,3514502,Duartina,390,7315.57,18.76
MA,Nordeste,2108504,Pindaré Mirim,544,7315.22,13.45
SC,Sul,4205506,Fraiburgo,417,7310.33,17.53
SC,Sul,4205308,Faxinal dos Guedes,261,7281.6,27.9
PR,Sul,4118907,Pérola,806,7279.31,9.03
MT,Centro Oeste,5106232,Nova Olímpia,903,7270.12,8.05
SP,Sudeste,3528007,Macatuba,551,7264.08,13.18
ES,Sudeste,3200136,Águia Branca,607,7262.47,11.96
AL,Nordeste,2700706,Batalha,499,7260.48,14.55
PA,Norte,1505064,Novo Repartimento,749,7251.97,9.68
GO,Centro Oeste,5204300,Caçu,501,7228.85,14.43
BA,Nordeste,2910503,Entre Rios,902,7228.22,8.01
SP,Sudeste,3551504,Serrana,860,7215.5,8.39
RS,Sul,4322301,Tuparendi,989,7215.46,7.3
MG,Sudeste,3104908,Baependi,176,7215.41,41.0
MT,Centro Oeste,5108857,Nova Marilândia,239,7213.6,30.18
PA,Norte,1506708,Santana do Araguaia,601,7211.21,12.0
PE,Nordeste,2615003,Taquaritinga do Norte,725,7207.91,9.94
SP,Sudeste,3508009,Buri,371,7193.96,19.39
SC,Sul,4211454,Nova Itaberaba,287,7192.13,25.06
SC,Sul,4201273,Arabutã,289,7191.79,24.89
PR,Sul,4105102,Centenário do Sul,429,7177.09,16.73
BA,Nordeste,2926400,Riacho de Santana,1087,7170.42,6.6
MT,Centro Oeste,5106158,Nova Bandeirantes,666,7166.65,10.76
MA,Nordeste,2110203,Santa Rita,447,7166.35,16.03
PR,Sul,4123303,Santa Cruz de Monte Castelo,461,7164.92,15.54
PB,Nordeste,2508901,Mamanguape,428,7159.76,16.73
BA,Nordeste,2901007,Amargosa,742,7154.03,9.64
MG,Sudeste,3165537,Sarzedo,464,7153.28,15.42
BA,Nordeste,2907301,Castro Alves,378,7131.53,18.87
BA,Nordeste,2909901,Curaçá,841,7131.37,8.48
PR,Sul,4112702,Jataizinho,361,7131.15,19.75
SP,Sudeste,3540507,Porangaba,565,7130.36,12.62
SP,Sudeste,3535309,Palmital,984,7129.83,7.25
BA,Nordeste,2924504,Pindaí,1325,7121.4,5.37
MS,Centro Oeste,5001508,Bandeirantes,419,7106.72,16.96
MG,Sudeste,3142809,Monte Alegre de Minas,651,7105.11,10.91
PI,Nordeste,2205706,Luís Correia,705,7101.48,10.07
MG,Sudeste,3101706,Almenara,980,7100.99,7.25
SE,Nordeste,2804409,Neópolis,117,7086.39,60.57
MG,Sudeste,3154002,Raul Soares,856,7075.63,8.27
PR,Sul,4106571,Cruzeiro do Iguaçu,301,7068.71,23.48
MG,Sudeste,3117876,Confins,250,7067.77,28.27
RN,Nordeste,2405801,João Câmara,757,7063.54,9.33
BA,Nordeste,2929909,Seabra,858,7062.25,8.23
RS,Sul,4302709,Butiá,571,7058.74,12.36
PR,Sul,4109302,Guaraniaçu,356,7056.21,19.82
SC,Sul,4211801,Ouro,374,7049.92,18.85
SC,Sul,4218756,Tunápolis,442,7049.52,15.95
BA,Nordeste,2929305,São Gonçalo dos Campos,674,7020.76,10.42
MS,Centro Oeste,5004106,Guia Lopes da Laguna,638,7018.83,11.0
RN,Nordeste,2406106,Jucurutu,683,7002.64,10.25
SP,Sudeste,3509205,Cajamar,723,7002.58,9.69
ES,Sudeste,3205036,Vargem Alta,477,6997.03,14.67
SP,Sudeste,3534757,Ouroeste,800,6993.05,8.74
SP,Sudeste,3520608,Indiana,248,6988.86,28.18
AL,Nordeste,2708600,São Miguel dos Campos,798,6975.52,8.74
SE,Nordeste,2803203,Itaporanga D'Ajuda,397,6955.21,17.52
BA,Nordeste,2925204,Pojuca,597,6954.15,11.65
GO,Centro Oeste,5208103,Formoso,212,6951.31,32.79
MA,Nordeste,2100600,Amarante do Maranhão,744,6950.41,9.34
SC,Sul,4215208,Romelândia,269,6947.23,25.83
RS,Sul,4320701,Sobradinho,923,6943.43,7.52
SP,Sudeste,3510708,Cardoso,868,6936.04,7.99
MA,Nordeste,2113009,Vitorino Freire,649,6925.28,10.67
SP,Sudeste,3538303,Piquerobi,246,6916.33,28.12
SP,Sudeste,3528106,Macaubal,748,6915.85,9.25
SC,Sul,4207700,Ipumirim,334,6911.71,20.69
PE,Nordeste,2614105,Sertânia,595,6909.77,11.61
RJ,Sudeste,3304151,Quissamã,549,6907.2,12.58
SP,Sudeste,3503703,Ariranha,322,6903.6,21.44
MG,Sudeste,3130903,Inhapim,969,6893.41,7.11
TO,Norte,1702554,Augustinópolis,701,6893.39,9.83
RS,Sul,4302808,Caçapava do Sul,954,6891.5,7.22
RN,Nordeste,2400703,Alto do Rodrigues,716,6890.47,9.62
SP,Sudeste,3515202,Estrela D'Oeste,841,6886.34,8.19
BA,Nordeste,2906501,Candeias,563,6885.43,12.23
MS,Centro Oeste,5007554,Santa Rita do Pardo,411,6882.76,16.75
BA,Nordeste,2906873,Capim Grosso,721,6881.95,9.55
RJ,Sudeste,3302908,Miguel Pereira,413,6879.48,16.66
MT,Centro Oeste,5107859,São Félix do Araguaia,429,6878.93,16.03
PR,Sul,4127106,Telêmaco Borba,450,6877.09,15.28
SP,Sudeste,3511607,Cesário Lange,586,6866.65,11.72
GO,Centro Oeste,5201702,Aragarças,864,6865.72,7.95
MG,Sudeste,3145901,Ouro Branco,738,6859.32,9.29
SP,Sudeste,3532603,Nhandeara,842,6858.61,8.15
MG,Sudeste,3157708,Santa Juliana,440,6856.68,15.58
SC,Sul,4216305,São João Batista,591,6843.63,11.58
PE,Nordeste,2605152,Dormentes,855,6842.01,8.0
RO,Norte,1100148,Nova Brasilândia D'Oeste,691,6838.29,9.9
PA,Norte,1505437,Ourilândia do Norte,684,6837.92,10.0
MG,Sudeste,3111606,Campos Gerais,651,6834.5,10.5
PR,Sul,4109203,Guaraci,197,6828.4,34.66
ES,Sudeste,3203403,Mimoso do Sul,635,6812.37,10.73
ES,Sudeste,3200300,Alfredo Chaves,636,6809.35,10.71
BA,Nordeste,2933406,Wagner,178,6806.97,38.24
PI,Nordeste,2203701,Esperantina,787,6800.77,8.64
RO,Norte,1100403,Alto Paraíso,570,6799.23,11.93
RO,Norte,1101708,Urupá,760,6789.86,8.93
SP,Sudeste,3532207,Narandiba,272,6788.32,24.96
MG,Sudeste,3112802,Capitólio,692,6780.32,9.8
MT,Centro Oeste,5108907,Nova Maringá,312,6773.4,21.71
RN,Nordeste,2404200,Goianinha,748,6764.09,9.04
PA,Norte,1506161,Rio Maria,622,6754.53,10.86
SC,Sul,4214904,Rio Fortuna,313,6747.87,21.56
PA,Norte,1503309,Igarapé-Miri,671,6743.95,10.05
SP,Sudeste,3521408,Iracemápolis,698,6743.52,9.66
BA,Nordeste,2917706,Jaguarari,1055,6740.47,6.39
SP,Sudeste,3537008,Pedregulho,381,6731.96,17.67
RN,Nordeste,2407807,Monte Alegre,441,6727.85,15.26
RJ,Sudeste,3302270,Japeri,154,6727.31,43.68
SP,Sudeste,3546306,Santa Cruz das Palmeiras,562,6726.8,11.97
SC,Sul,4219606,Xavantina,334,6724.24,20.13
PR,Sul,4119004,Pérola D'Oeste,563,6719.84,11.94
RS,Sul,4301206,Arroio do Tigre,1063,6708.03,6.31
SC,Sul,4208708,Jacinto Machado,536,6706.79,12.51
PE,Nordeste,2610509,Passira,522,6705.76,12.85
SP,Sudeste,3515400,Fartura,613,6695.05,10.92
RN,Nordeste,2404309,Governador Dix-Sept Rosado,671,6687.92,9.97
MS,Centro Oeste,5005152,Juti,410,6684.59,16.3
RS,Sul,4316204,Rondinha,469,6677.52,14.24
MG,Sudeste,3127800,Grão Mogol,150,6671.03,44.47
MG,Sudeste,3101508,Além Paraíba,845,6670.29,7.89
MG,Sudeste,3159902,Santo Antônio do Amparo,208,6670.09,32.07
GO,Centro Oeste,5202502,Aruanã,501,6665.12,13.3
MG,Sudeste,3135902,Jesuânia,60,6661.92,111.03
PR,Sul,4103057,Boa Vista da Aparecida,501,6652.72,13.28
BA,Nordeste,2911907,Iaçu,540,6649.05,12.31
RS,Sul,4322004,Triunfo,740,6647.65,8.98
PR,Sul,4104709,Carlópolis,568,6640.54,11.69
SP,Sudeste,3505104,Barbosa,258,6631.26,25.7
SP,Sudeste,3501004,Altinópolis,458,6620.86,14.46
BA,Nordeste,2927705,Santa Cruz Cabrália,753,6620.62,8.79
SP,Sudeste,3510203,Capão Bonito,511,6620.12,12.96
AC,Norte,1200104,Brasiléia,403,6616.53,16.42
SC,Sul,4210001,Luiz Alves,718,6615.95,9.21
PR,Sul,4103479,Cafezal do Sul,339,6612.25,19.51
PR,Sul,4119509,Piraquara,572,6610.07,11.56
SC,Sul,4205704,Garopaba,751,6608.29,8.8
BA,Nordeste,2911204,Gandu,914,6604.43,7.23
PR,Sul,4116000,Miraselva,106,6592.53,62.19
PR,Sul,4116109,Moreira Sales,431,6587.57,15.28
MA,Nordeste,2108454,Peritoró,268,6586.87,24.58
MS,Centro Oeste,5005251,Laguna Carapã,459,6576.08,14.33
SP,Sudeste,3529401,Mauá,828,6574.58,7.94
PI,Nordeste,2205508,José de Freitas,764,6574.06,8.6
SP,Sudeste,3556305,Valparaíso,1027,6572.7,6.4
PA,Norte,1508159,Uruará,498,6561.66,13.18
RS,Sul,4321105,Tapes,363,6554.2,18.06
RS,Sul,4302204,Boa Vista do Buricá,754,6551.04,8.69
PR,Sul,4109708,Ibaiti,375,6547.28,17.46
RS,Sul,4313359,Nova Roma do Sul,315,6546.73,20.78
PE,Nordeste,2607000,Inajá,467,6537.94,14.0
MG,Sudeste,3154309,Resplendor,960,6537.31,6.81
MG,Sudeste,3131000,Inhaúma,176,6534.95,37.13
MG,Sudeste,3160702,Santos Dumont,292,6534.91,22.38
BA,Nordeste,2906006,Campo Formoso,801,6530.99,8.15
BA,Nordeste,2907103,Carinhanha,854,6530.29,7.65
GO,Centro Oeste,5221304,Três Ranchos,260,6525.96,25.1
RJ,Sudeste,3302254,Itatiaia,556,6524.46,11.73
SP,Sudeste,3537701,Piacatu,360,6523.39,18.12
SC,Sul,4216107,São Domingos,347,6521.7,18.79
MG,Sudeste,3104502,Arinos,339,6519.04,19.23
SP,Sudeste,3502200,Angatuba,443,6518.79,14.72
PR,Sul,4121752,Reserva do Iguaçu,78,6505.73,83.41
PR,Sul,4107603,Faxinal,304,6499.19,21.38
SP,Sudeste,3533601,Nuporanga,303,6484.94,21.4
BA,Nordeste,2912202,Ibicoara,374,6484.59,17.34
SC,Sul,4204004,Catanduvas,242,6476.31,26.76
SP,Sudeste,3510807,Casa Branca,833,6475.84,7.77
BA,Nordeste,2904506,Brotas de Macaúbas,1038,6474.71,6.24
MG,Sudeste,3100203,Abaeté,591,6473.49,10.95
MT,Centro Oeste,5105002,Jauru,706,6462.07,9.15
SC,Sul,4213104,Piratuba,271,6461.82,23.84
RS,Sul,4311106,Jaguari,984,6459.74,6.56
SC,Sul,4211405,Nova Erechim,253,6457.22,25.52
PR,Sul,4125357,São Jorge do Patrocínio,578,6456.23,11.17
PR,Sul,4107504,Engenheiro Beltrão,715,6455.91,9.03
BA,Nordeste,2926202,Riachão das Neves,599,6448.14,10.76
PB,Nordeste,2511301,Piancó,448,6439.88,14.37
TO,Norte,1716505,Pedro Afonso,625,6438.22,10.3
SP,Sudeste,3525003,Jandira,590,6433.24,10.9
RS,Sul,4322707,Vera Cruz,714,6428.23,9.0
PA,Norte,1501782,Breu Branco,696,6426.67,9.23
CE,Nordeste,2314102,Viçosa do Ceará,921,6416.86,6.97
SC,Sul,4209409,Laguna,722,6413.99,8.88
MG,Sudeste,3118908,Cordisburgo,238,6408.85,26.93
SC,Sul,4217600,Siderópolis,590,6401.27,10.85
SP,Sudeste,3548807,São Caetano do Sul,801,6401.16,7.99
SP,Sudeste,3519808,Icém,484,6396.32,13.22
PR,Sul,4101606,Arapoti,374,6396.15,17.1
SP,Sudeste,3508801,Cafelândia,609,6393.96,10.5
MT,Centro Oeste,5106802,Porto dos Gaúchos,359,6392.65,17.81
PR,Sul,4122701,Sabáudia,374,6385.87,17.07
RJ,Sudeste,3301108,Cantagalo,458,6382.39,13.94
MG,Sudeste,3159209,Santa Rita de Caldas,221,6375.58,28.85
MT,Centro Oeste,5103379,Cotriguaçu,739,6367.1,8.62
SC,Sul,4206702,Herval D'Oeste,326,6365.12,19.52
MT,Centro Oeste,5108956,Nova Monte Verde,481,6364.48,13.23
RJ,Sudeste,3302601,Mangaratiba,791,6363.85,8.05
MG,Sudeste,3157906,Santa Margarida,415,6355.81,15.32
PR,Sul,4100806,Alvorada do Sul,689,6353.56,9.22
SP,Sudeste,3551009,São Vicente,874,6353.5,7.27
SP,Sudeste,3556503,Várzea Paulista,884,6352.93,7.19
BA,Nordeste,2908507,Conceição do Jacuípe,592,6351.01,10.73
TO,Norte,1721208,Tocantinópolis,703,6349.21,9.03
SP,Sudeste,3534906,Pacaembu,657,6346.27,9.66
PI,Nordeste,2205201,Jaicós,400,6344.98,15.86
SE,Nordeste,2802106,Estância,668,6344.61,9.5
PE,Nordeste,2608750,Lagoa Grande,745,6332.44,8.5
PB,Nordeste,2507705,Juazeirinho,184,6330.78,34.41
PI,Nordeste,2203305,Demerval Lobão,318,6330.27,19.91
CE,Nordeste,2301257,Ararendá,203,6329.68,31.18
RO,Norte,1100064,Colorado do Oeste,664,6325.62,9.53
SP,Sudeste,3512902,Cosmorama,746,6321.92,8.47
MG,Sudeste,3149705,Perdigão,428,6313.76,14.75
MG,Sudeste,3132107,Itacarambi,198,6303.37,31.84
PE,Nordeste,2600302,Agrestina,427,6296.68,14.75
PR,Sul,4114708,Maria Helena,339,6296.34,18.57
CE,Nordeste,2310704,Pentecoste,507,6290.98,12.41
PR,Sul,4118808,Peabiru,688,6286.2,9.14
MS,Centro Oeste,5006259,Novo Horizonte do Sul,434,6285.39,14.48
RJ,Sudeste,3302858,Mesquita,837,6282.43,7.51
BA,Nordeste,2907509,Catu,816,6282.16,7.7
ES,Sudeste,3202454,Ibatiba,553,6281.44,11.36
GO,Centro Oeste,5218300,Posse,516,6277.77,12.17
RS,Sul,4306932,Entre-Ijuís,825,6271.84,7.6
PE,Nordeste,2614600,Tabira,758,6271.53,8.27
SC,Sul,4205001,Dionísio Cerqueira,538,6268.9,11.65
AL,Nordeste,2706448,Paripueira,688,6265.22,9.11
PA,Norte,1503200,Igarapé-Açu,456,6262.78,13.73
MA,Nordeste,2103802,Dom Pedro,700,6261.82,8.95
SP,Sudeste,3551603,Serra Negra,625,6260.97,10.02
MA,Nordeste,2112001,Tasso Fragoso,185,6257.25,33.82
SC,Sul,4208609,Jaborá,206,6254.73,30.36
SP,Sudeste,3516903,General Salgado,859,6252.51,7.28
RS,Sul,4321956,Trindade do Sul,355,6247.51,17.6
BA,Nordeste,2926707,Rio de Contas,755,6247.32,8.27
RS,Sul,4319406,São Pedro do Sul,880,6241.14,7.09
BA,Nordeste,2902708,Barra,845,6224.97,7.37
SP,Sudeste,3535200,Palmeira D'Oeste,712,6218.87,8.73
MA,Nordeste,2111763,Senador La Rocque,609,6212.53,10.2
RS,Sul,4315503,Restinga Seca,498,6203.82,12.46
PA,Norte,1507458,São Geraldo do Araguaia,540,6201.97,11.49
RO,Norte,1100346,Alvorada D'Oeste,640,6200.05,9.69
PR,Sul,4109906,Icaraíma,602,6188.27,10.28
MG,Sudeste,3152105,Ponte Nova,240,6187.36,25.78
RS,Sul,4302303,Bom Jesus,253,6177.78,24.42
PR,Sul,4106704,Cruzeiro do Sul,278,6161.56,22.16
PR,Sul,4113601,Lobato,361,6157.77,17.06
RS,Sul,4301404,Arvorezinha,637,6156.03,9.66
GO,Centro Oeste,5213707,Montes Claros de Goiás,472,6152.18,13.03
MG,Sudeste,3155801,Rio Pomba,663,6146.76,9.27
MT,Centro Oeste,5102793,Carlinda,667,6126.59,9.19
MG,Sudeste,3145802,Onça de Pitangui,747,6119.55,8.19
RN,Nordeste,2408300,Nova Cruz,623,6114.86,9.82
PR,Sul,4122305,Rio Negro,560,6104.75,10.9
SP,Sudeste,3522208,Itapecerica da Serra,660,6099.83,9.24
RO,Norte,1100809,Candeias do Jamari,362,6099.69,16.85
SP,Sudeste,3505609,Barrinha,710,6099.44,8.59
MG,Sudeste,3169000,Tocantins,755,6098.4,8.08
ES,Sudeste,3204203,Piúma,601,6088.44,10.13
MG,Sudeste,3113206,Carandaí,287,6086.42,21.21
MT,Centro Oeste,5107792,Santo Antônio do Leste,141,6084.77,43.15
SC,Sul,4206900,Ibirama,835,6082.88,7.28
PE,Nordeste,2600203,Afrânio,580,6076.66,10.48
PI,Nordeste,2200202,Água Branca,485,6071.13,12.52
SC,Sul,4215703,Santo Amaro da Imperatriz,654,6066.74,9.28
SP,Sudeste,3535002,Palestina,681,6062.88,8.9
ES,Sudeste,3204500,Santa Leopoldina,556,6047.63,10.88
PA,Norte,1502939,Dom Eliseu,596,6043.47,10.14
SP,Sudeste,3553955,Tarumã,706,6041.27,8.56
MT,Centro Oeste,5107248,Santa Carmem,369,6037.66,16.36
PA,Norte,1507607,São Miguel do Guamá,564,6020.95,10.68
PI,Nordeste,2210508,São Pedro do Piauí,203,6020.67,29.66
SP,Sudeste,3506607,Biritiba-Mirim,459,6018.04,13.11
PA,Norte,1500404,Alenquer,661,6016.02,9.1
CE,Nordeste,2310258,Paraipaba,619,6008.42,9.71
TO,Norte,1707652,Figueirópolis,203,6005.12,29.58
GO,Centro Oeste,5218904,Rubiataba,665,6003.71,9.03
RJ,Sudeste,3303609,Paracambi,396,6002.45,15.16
PE,Nordeste,2609402,Moreno,594,6002.06,10.1
GO,Centro Oeste,5201504,Aporé,116,6000.68,51.73
PE,Nordeste,2611309,Pombos,412,5999.73,14.56
SP,Sudeste,3555802,Urânia,742,5998.1,8.08
PI,Nordeste,2211308,Valença do Piauí,677,5979.45,8.83
PA,Norte,1505106,Óbidos,503,5973.99,11.88
RJ,Sudeste,3300258,Arraial do Cabo,849,5968.91,7.03
PE,Nordeste,2606606,Ibimirim,637,5961.87,9.36
AC,Norte,1200500,Sena Madureira,501,5960.08,11.9
PR,Sul,4121604,Renascença,334,5954.43,17.83
PR,Sul,4116505,Nova Aliança do Ivaí,79,5949.49,75.31
PR,Sul,4126603,Siqueira Campos,357,5948.78,16.66
RS,Sul,4322251,Tupandi,483,5946.46,12.31
SP,Sudeste,3542602,Registro,820,5946.46,7.25
GO,Centro Oeste,5218607,Rialma,596,5944.17,9.97
SP,Sudeste,3509007,Caieiras,790,5941.64,7.52
PE,Nordeste,2605608,Flores,718,5939.31,8.27
PR,Sul,4114401,Mangueirinha,362,5938.62,16.41
SC,Sul,4212700,Petrolândia,501,5936.07,11.85
SP,Sudeste,3556453,Vargem Grande Paulista,775,5934.94,7.66
SP,Sudeste,3503406,Arealva,416,5934.46,14.27
SC,Sul,4219176,Vargem Bonita,106,5933.73,55.98
MT,Centro Oeste,5104542,Itanhangá,371,5932.17,15.99
AM,Norte,1303536,Presidente Figueiredo,82,5925.62,72.26
MG,Sudeste,3108404,Botelhos,451,5914.09,13.11
RS,Sul,4313953,Pantano Grande,317,5911.75,18.65
MG,Sudeste,3154457,Riachinho,126,5910.67,46.91
PR,Sul,4111407,Ivaí,394,5910.52,15.0
SC,Sul,4214409,Rio das Antas,189,5908.69,31.26
MG,Sudeste,3143500,Morada Nova de Minas,500,5907.52,11.82
SP,Sudeste,3537107,Pedreira,718,5906.74,8.23
SC,Sul,4215109,Rodeio,709,5905.75,8.33
PR,Sul,4124509,Santo Inácio,542,5903.66,10.89
GO,Centro Oeste,5213756,Montividiu,258,5898.13,22.86
CE,Nordeste,2302602,Camocim,789,5897.27,7.47
MG,Sudeste,3149804,Perdizes,327,5888.34,18.01
PI,Nordeste,2211100,União,613,5885.04,9.6
SC,Sul,4208302,Itapema,579,5883.55,10.16
MT,Centro Oeste,5106190,Nova Santa Helena,293,5878.12,20.06
SC,Sul,4203105,Caibi,362,5876.55,16.23
MG,Sudeste,3163706,São Lourenço,742,5871.27,7.91
MG,Sudeste,3125101,Extrema,679,5869.16,8.64
PR,Sul,4118857,Perobal,463,5868.16,12.67
GO,Centro Oeste,5200100,Abadiânia,294,5866.26,19.95
MG,Sudeste,3130705,Indianópolis,306,5865.53,19.17
SP,Sudeste,3553302,Tambaú,634,5853.63,9.23
PR,Sul,4104006,Campina Grande do Sul,324,5848.94,18.05
MG,Sudeste,3161007,São Domingos do Prata,361,5847.69,16.2
MG,Sudeste,3121209,Delfinópolis,433,5831.85,13.47
SP,Sudeste,3523206,Itararé,418,5828.6,13.94
GO,Centro Oeste,5221809,Urutaí,212,5814.08,27.42
PR,Sul,4125100,São João do Triunfo,591,5804.28,9.82
RS,Sul,4312708,Nonoai,508,5800.43,11.42
RO,Norte,1101492,São Francisco do Guaporé,534,5797.77,10.86
SC,Sul,4204350,Cordilheira Alta,256,5791.02,22.62
SP,Sudeste,3540804,Potirendaba,664,5786.9,8.72
PR,Sul,4126108,São Tomé,355,5784.77,16.3
MG,Sudeste,3135704,Jequitibá,90,5782.2,64.25
BA,Nordeste,2914307,Iramaia,110,5778.97,52.54
MA,Nordeste,2103257,Cidelândia,453,5775.66,12.75
PR,Sul,4119954,Pontal do Paraná,612,5763.44,9.42
SP,Sudeste,3538105,Pindorama,685,5756.13,8.4
AL,Nordeste,2703403,Jacaré dos Homens,73,5753.07,78.81
RS,Sul,4322103,Tucunduva,696,5749.54,8.26
MG,Sudeste,3127008,Fronteira,975,5745.95,5.89
SP,Sudeste,3541109,Presidente Alves,227,5735.96,25.27
CE,Nordeste,2306553,Itarema,409,5725.22,14.0
RJ,Sudeste,3303104,Natividade,719,5712.73,7.95
MT,Centro Oeste,5102850,Castanheira,486,5706.52,11.74
MS,Centro Oeste,5003488,Dois Irmãos do Buriti,523,5702.17,10.9
SC,Sul,4213153,Planalto Alegre,139,5702.14,41.02
RS,Sul,4317707,Santo Antônio das Missões,681,5701.16,8.37
SP,Sudeste,3513207,Cristais Paulista,547,5701.11,10.42
RO,Norte,1101302,Mirante da Serra,477,5700.09,11.95
BA,Nordeste,2900801,Alcobaça,628,5692.13,9.06
RN,Nordeste,2414605,Upanema,631,5688.11,9.01
PR,Sul,4127908,Tuneiras do Oeste,359,5687.57,15.84
SP,Sudeste,3548005,Santo Antônio de Posse,462,5686.59,12.31
MA,Nordeste,2110302,Santo Antônio dos Lopes,349,5684.98,16.29
SP,Sudeste,3532702,Nipoã,439,5683.16,12.95
PB,Nordeste,2509701,Monteiro,579,5678.91,9.81
RN,Nordeste,2411056,Tibau,623,5674.44,9.11
CE,Nordeste,2308005,Massapê,310,5672.64,18.3
GO,Centro Oeste,5217203,Piranhas,498,5663.98,11.37
MG,Sudeste,3140506,Martinho Campos,496,5663.75,11.42
MG,Sudeste,3111705,Canaã,149,5660.14,37.99
SP,Sudeste,3542503,Reginópolis,249,5647.55,22.68
CE,Nordeste,2302107,Baturité,315,5646.97,17.93
PB,Nordeste,2502151,Boa Vista,71,5646.39,79.53
TO,Norte,1703206,Bernardo Sayão,72,5642.5,78.37
MG,Sudeste,3128105,Guapé,497,5640.12,11.35
MA,Nordeste,2114007,Zé Doca,446,5627.82,12.62
SP,Sudeste,3543303,Ribeirão Pires,838,5624.1,6.71
ES,Sudeste,3203304,Mantenópolis,618,5623.03,9.1
RS,Sul,4307500,Espumoso,788,5619.92,7.13
PR,Sul,4126900,Tapira,285,5615.61,19.7
SP,Sudeste,3552601,Tabapuã,664,5606.55,8.44
SC,Sul,4206108,Grão Pará,286,5604.56,19.6
SC,Sul,4212205,Papanduva,449,5591.2,12.45
RJ,Sudeste,3305158,São José do Vale do Rio Preto,259,5585.79,21.57
ES,Sudeste,3203130,João Neiva,584,5579.62,9.55
MS,Centro Oeste,5001243,Aral Moreira,407,5573.64,13.69
PA,Norte,1507151,São Domingos do Araguaia,444,5567.18,12.54
GO,Centro Oeste,5209952,Indiara,338,5561.19,16.45
MG,Sudeste,3168408,Tarumirim,628,5558.13,8.85
RO,Norte,1100338,Nova Mamoré,485,5548.8,11.44
PR,Sul,4115002,Marilena,610,5548.52,9.1
RJ,Sudeste,3300936,Carapebus,352,5544.81,15.75
RN,Nordeste,2402402,Carnaúba dos Dantas,361,5542.51,15.35
PR,Sul,4126207,Sapopema,59,5540.08,93.9
RS,Sul,4309506,Guarani das Missões,755,5537.72,7.33
SP,Sudeste,3512506,Coroados,337,5530.55,16.41
PR,Sul,4128203,União da Vitória,447,5528.66,12.37
SP,Sudeste,3528908,Mariápolis,357,5527.05,15.48
PR,Sul,4109005,Guapirama,123,5522.07,44.89
ES,Sudeste,3202306,Guaçuí,541,5515.33,10.19
RS,Sul,4300703,Anta Gorda,440,5509.16,12.52
CE,Nordeste,2307403,Jucás,599,5504.28,9.19
BA,Nordeste,2925105,Poções,784,5495.6,7.01
RN,Nordeste,2405702,Jardim do Seridó,741,5483.65,7.4
SP,Sudeste,3515152,Engenheiro Coelho,532,5479.41,10.3
AL,Nordeste,2708204,São Brás,44,5478.86,124.52
PR,Sul,4121000,Querência do Norte,528,5475.93,10.37
SP,Sudeste,3544202,Riolândia,469,5475.66,11.68
GO,Centro Oeste,5207808,Firminópolis,648,5449.63,8.41
SP,Sudeste,3531704,Monteiro Lobato,94,5448.26,57.96
SP,Sudeste,3516002,Flórida Paulista,669,5445.97,8.14
MG,Sudeste,3139904,Maria da Fé,183,5437.93,29.72
RN,Nordeste,2412500,São Miguel,613,5428.37,8.86
MA,Nordeste,2112803,Viana,413,5427.09,13.14
MG,Sudeste,3118700,Coqueiral,310,5424.12,17.5
RS,Sul,4310439,Ipê,395,5421.78,13.73
MG,Sudeste,3117405,Conceição de Ipanema,581,5421.09,9.33
RJ,Sudeste,3303203,Nilópolis,628,5419.78,8.63
PR,Sul,4127502,Tibagi,206,5417.36,26.3
BA,Nordeste,2901205,Anagé,555,5411.99,9.75
CE,Nordeste,2304459,Fortim,397,5403.92,13.61
SP,Sudeste,3537909,Pilar do Sul,490,5401.41,11.02
SP,Sudeste,3504404,Avanhandava,398,5400.18,13.57
MG,Sudeste,3125705,Felixlândia,369,5392.06,14.61
BA,Nordeste,2918100,Jeremoabo,639,5376.23,8.41
GO,Centro Oeste,5207402,Edéia,538,5372.98,9.99
SC,Sul,4219002,Urussanga,487,5360.06,11.01
RS,Sul,4321006,Tapera,672,5359.88,7.98
SC,Sul,4216503,São Joaquim,350,5344.45,15.27
SP,Sudeste,3532504,Neves Paulista,399,5342.08,13.39
GO,Centro Oeste,5205471,Chapadão do Céu,360,5339.04,14.83
SP,Sudeste,3544905,Sales Oliveira,516,5334.33,10.34
GO,Centro Oeste,5216403,Paraúna,440,5332.23,12.12
BA,Nordeste,2919405,Licínio de Almeida,808,5331.93,6.6
PR,Sul,4120002,Porecatu,710,5331.31,7.51
MT,Centro Oeste,5102603,Campinápolis,554,5329.1,9.62
SP,Sudeste,3509700,Campos do Jordão,467,5299.96,11.35
MG,Sudeste,3111002,Campestre,674,5298.24,7.86
AL,Nordeste,2701407,Campo Alegre,297,5296.91,17.83
SC,Sul,4205209,Erval Velho,155,5296.6,34.17
RS,Sul,4314035,Pareci Novo,474,5277.92,11.13
SE,Nordeste,2805406,Poço Redondo,274,5277.04,19.26
MG,Sudeste,3131158,Ipaba,748,5274.32,7.05
SC,Sul,4203956,Capivari de Baixo,584,5273.88,9.03
MG,Sudeste,3140001,Mariana,633,5266.59,8.32
MG,Sudeste,3132503,Itamarandiba,413,5266.22,12.75
MT,Centro Oeste,5107206,Rio Branco,533,5263.14,9.87
RS,Sul,4316105,Ronda Alta,532,5262.96,9.89
CE,Nordeste,2305357,Icapuí,607,5262.89,8.67
PR,Sul,4121505,Rebouças,392,5262.74,13.43
RS,Sul,4311908,Marcelino Ramos,277,5260.36,18.99
BA,Nordeste,2932606,Urandi,681,5256.46,7.72
RO,Norte,1100940,Cujubim,483,5256.09,10.88
RS,Sul,4319158,São Miguel das Missões,530,5254.96,9.92
RS,Sul,4309555,Harmonia,492,5251.56,10.67
SP,Sudeste,3516408,Franco da Rocha,636,5246.23,8.25
GO,Centro Oeste,5200803,Alvorada do Norte,170,5244.56,30.85
RS,Sul,4319802,São Vicente do Sul,639,5234.93,8.19
MS,Centro Oeste,5002308,Brasilândia,548,5229.9,9.54
BA,Nordeste,2920700,Maraú,442,5228.81,11.83
SC,Sul,4209607,Lauro Muller,316,5227.09,16.54
RS,Sul,4315800,Roca Sales,581,5221.46,8.99
SP,Sudeste,3517109,Glicério,478,5219.81,10.92
SC,Sul,4206207,Gravatal,538,5212.89,9.69
MG,Sudeste,3162203,São João Batista do Glória,477,5198.74,10.9
SP,Sudeste,3513801,Diadema,502,5198.74,10.36
MG,Sudeste,3103702,Araponga,174,5191.3,29.84
RN,Nordeste,2407203,Macau,741,5190.29,7.0
PB,Nordeste,2508307,Lagoa Seca,415,5183.16,12.49
RS,Sul,4313805,Palmitinho,511,5173.64,10.12
SC,Sul,4208450,Itapoá,750,5173.12,6.9
RS,Sul,4320602,Severiano de Almeida,319,5168.71,16.2
SC,Sul,4200507,Águas de Chapecó,218,5167.1,23.7
MG,Sudeste,3129707,Ibiraci,465,5164.28,11.11
RS,Sul,4315172,Protásio Alves,236,5163.73,21.88
PA,Norte,1507003,Santo Antônio do Tauá,318,5163.02,16.24
RO,Norte,1100502,Novo Horizonte do Oeste,261,5160.54,19.77
RS,Sul,4323309,Vila Flores,306,5159.1,16.86
SC,Sul,4211207,Morro da Fumaça,451,5158.71,11.44
RJ,Sudeste,3305752,Tanguá,737,5151.08,6.99
SP,Sudeste,3528809,Maracaí,817,5146.45,6.3
SP,Sudeste,3538600,Piracaia,621,5145.62,8.29
MG,Sudeste,3118007,Congonhas,498,5145.18,10.33
PR,Sul,4127882,Tunas do Paraná,18,5144.64,285.81
PR,Sul,4107751,Figueira,94,5136.19,54.64
MT,Centro Oeste,5100409,Alto Garças,365,5134.74,14.07
BA,Nordeste,2906907,Caravelas,592,5130.69,8.67
BA,Nordeste,2921302,Milagres,133,5129.39,38.57
PE,Nordeste,2601607,Belém do São Francisco,548,5125.37,9.35
RS,Sul,4309902,Ibiraiaras,394,5121.07,13.0
MG,Sudeste,3110004,Caeté,493,5119.66,10.38
PR,Sul,4123709,Santa Isabel do Ivaí,408,5117.56,12.54
SC,Sul,4218509,Treze Tílias,231,5107.42,22.11
PB,Nordeste,2510907,Paulista,470,5102.77,10.86
SP,Sudeste,3550209,São Miguel Arcanjo,655,5101.81,7.79
RN,Nordeste,2402204,Canguaretama,529,5101.23,9.64
MG,Sudeste,3169505,Tumiritinga,378,5094.96,13.48
MG,Sudeste,3100302,Abre Campo,437,5093.82,11.66
MG,Sudeste,3109451,Cabeceira Grande,171,5092.69,29.78
RN,Nordeste,2414506,Umarizal,625,5086.53,8.14
SC,Sul,4218806,Turvo,204,5085.76,24.93
MS,Centro Oeste,5006903,Porto Murtinho,406,5085.35,12.53
MT,Centro Oeste,5106778,Porto Alegre do Norte,450,5080.08,11.29
PR,Sul,4118105,Paranacity,449,5079.31,11.31
BA,Nordeste,2917607,Jaguaquara,492,5079.03,10.32
PI,Nordeste,2201200,Barras,635,5076.91,8.0
BA,Nordeste,2913408,Igaporã,693,5071.24,7.32
PE,Nordeste,2604502,Chã Grande,499,5064.71,10.15
GO,Centro Oeste,5219001,Sanclerlândia,443,5052.22,11.4
PA,Norte,1503903,Juruti,532,5050.63,9.49
MG,Sudeste,3143203,Monte Santo de Minas,557,5045.73,9.06
PE,Nordeste,2602209,Bom Jardim,420,5040.11,12.0
PR,Sul,4119103,Piên,540,5034.88,9.32
CE,Nordeste,2306702,Jaguaretama,350,5028.77,14.37
GO,Centro Oeste,5210562,Itaguari,146,5023.23,34.41
MG,Sudeste,3158904,Santana do Manhuaçu,266,5016.05,18.86
PE,Nordeste,2605202,Escada,534,5015.42,9.39
RS,Sul,4312500,Mostardas,292,5013.27,17.17
MS,Centro Oeste,5006408,Pedro Gomes,504,5012.46,9.95
BA,Nordeste,2922904,Nova Soure,455,5012.07,11.02
BA,Nordeste,2928604,Santo Amaro,546,5008.06,9.17
PR,Sul,4128559,Vera Cruz do Oeste,334,5003.3,14.98
SC,Sul,4202453,Bombinhas,577,4996.94,8.66
GO,Centro Oeste,5205802,Corumbá de Goiás,196,4990.04,25.46
MG,Sudeste,3112604,Capinópolis,718,4988.95,6.95
PR,Sul,4128708,Vitorino,357,4986.47,13.97
MG,Sudeste,3124203,Espera Feliz,700,4980.93,7.12
BA,Nordeste,2923506,Palmeiras,230,4978.44,21.65
SC,Sul,4200804,Anchieta,273,4977.49,18.23
RS,Sul,4311007,Jaguarão,495,4964.65,10.03
PA,Norte,1503457,Ipixuna do Pará,243,4964.38,20.43
MG,Sudeste,3156304,Rodeiro,450,4960.06,11.02
ES,Sudeste,3201704,Conceição do Castelo,417,4946.91,11.86
CE,Nordeste,2303402,Carnaubal,276,4942.58,17.91
RS,Sul,4323408,Vila Maria,308,4938.54,16.03
PR,Sul,4116950,Nova Esperança do Sudoeste,341,4935.37,14.47
PR,Sul,4121208,Quitandinha,427,4934.23,11.56
SP,Sudeste,3540200,Pontal,802,4933.83,6.15
PR,Sul,4106209,Contenda,345,4930.34,14.29
MT,Centro Oeste,5106000,Nortelândia,353,4930.14,13.97
PR,Sul,4124608,São Carlos do Ivaí,458,4928.59,10.76
PE,Nordeste,2609501,Nazaré da Mata,415,4928.12,11.87
GO,Centro Oeste,5204854,Campo Limpo de Goiás,235,4917.93,20.93
PR,Sul,4125001,São João do Ivaí,404,4914.61,12.16
ES,Sudeste,3202603,Iconha,400,4910.72,12.28
PA,Norte,1502905,Curuçá,258,4909.8,19.03
AL,Nordeste,2708907,Satuba,726,4906.04,6.76
BA,Nordeste,2912400,Ibipeba,374,4895.29,13.09
BA,Nordeste,2921104,Medeiros Neto,523,4890.51,9.35
SP,Sudeste,3522901,Itapuí,479,4884.49,10.2
SP,Sudeste,3500501,Águas de Lindóia,453,4879.36,10.77
MG,Sudeste,3127206,Funilândia,220,4875.04,22.16
PR,Sul,4125753,São Pedro do Iguaçu,322,4874.2,15.14
RS,Sul,4321667,Três Cachoeiras,491,4870.29,9.92
BA,Nordeste,2932002,Uauá,760,4866.15,6.4
BA,Nordeste,2917334,Iuiú,627,4863.75,7.76
RS,Sul,4300877,Araricá,614,4854.24,7.91
PE,Nordeste,2602100,Bom Conselho,510,4854.09,9.52
PR,Sul,4112959,Juranda,379,4852.41,12.8
CE,Nordeste,2306306,Itapajé,372,4845.83,13.03
ES,Sudeste,3200169,Água Doce do Norte,455,4838.01,10.63
SP,Sudeste,3523602,Itirapina,295,4837.37,16.4
PE,Nordeste,2605400,Feira Nova,270,4830.15,17.89
GO,Centro Oeste,5204706,Campinorte,527,4826.18,9.16
SP,Sudeste,3514304,Dourado,379,4825.75,12.73
MT,Centro Oeste,5100607,Alto Taquari,355,4824.43,13.59
RO,Norte,1101401,Monte Negro,519,4824.16,9.3
SP,Sudeste,3512308,Conchas,449,4823.35,10.74
SC,Sul,4213708,Pouso Redondo,417,4813.15,11.54
MG,Sudeste,3123528,Durandé,214,4812.81,22.49
MG,Sudeste,3162955,São José da Lapa,307,4812.29,15.68
MT,Centro Oeste,5103601,Dom Aquino,403,4812.15,11.94
RS,Sul,4306908,Encruzilhada do Sul,323,4802.53,14.87
SP,Sudeste,3515004,Embu das Artes,548,4790.81,8.74
ES,Sudeste,3203601,Mucurici,159,4784.67,30.09
RS,Sul,4300646,Ametista do Sul,309,4781.74,15.47
MA,Nordeste,2103406,Coelho Neto,487,4777.67,9.81
MT,Centro Oeste,5103858,Gaúcha do Norte,286,4776.7,16.7
SP,Sudeste,3541703,Quatá,508,4772.0,9.39
BA,Nordeste,2923704,Paratinga,711,4771.32,6.71
PR,Sul,4127007,Teixeira Soares,254,4747.6,18.69
RN,Nordeste,2400802,Angicos,500,4735.39,9.47
MG,Sudeste,3151701,Poço Fundo,599,4729.86,7.9
GO,Centro Oeste,5221700,Uruana,564,4726.59,8.38
RS,Sul,4319372,São Pedro do Butiá,407,4722.34,11.6
SC,Sul,4212809,Balneário Piçarras,722,4720.07,6.54
SC,Sul,4207809,Irani,239,4717.44,19.74
PR,Sul,4126272,Saudade do Iguaçu,295,4716.82,15.99
MT,Centro Oeste,5108808,Nova Guarita,457,4715.75,10.32
MT,Centro Oeste,5104559,Itaúba,320,4712.01,14.73
SP,Sudeste,3557204,Chavantes,236,4711.12,19.96
MG,Sudeste,3124906,Eugenópolis,619,4708.8,7.61
MG,Sudeste,3167400,Silvianópolis,134,4698.82,35.07
MT,Centro Oeste,5104906,Jangada,363,4688.95,12.92
AL,Nordeste,2704203,Limoeiro de Anadia,332,4685.22,14.11
MG,Sudeste,3123106,Dores de Guanhães,381,4683.18,12.29
RS,Sul,4308706,Gaurama,404,4680.55,11.59
PA,Norte,1504455,Medicilândia,436,4679.12,10.73
MA,Nordeste,2108009,Pastos Bons,269,4678.42,17.39
PR,Sul,4103800,Cambira,245,4674.7,19.08
SP,Sudeste,3538808,Piraju,513,4670.66,9.1
RS,Sul,4318606,São José do Ouro,444,4664.02,10.5
PA,Norte,1506195,Rurópolis,482,4661.02,9.67
RS,Sul,4314704,Planalto,544,4653.29,8.55
PR,Sul,4120358,Pranchita,396,4646.44,11.73
SP,Sudeste,3509601,Campo Limpo Paulista,701,4646.04,6.63
MA,Nordeste,2100436,Alto Alegre do Maranhão,368,4645.49,12.62
MG,Sudeste,3144607,Nepomuceno,612,4642.66,7.59
PR,Sul,4105706,Clevelândia,263,4640.68,17.65
SC,Sul,4209201,Lacerdópolis,136,4639.29,34.11
RS,Sul,4307864,Fagundes Varela,266,4635.24,17.43
PR,Sul,4113007,Jussara,393,4633.63,11.79
SC,Sul,4217105,São Martinho,257,4627.57,18.01
MA,Nordeste,2102556,Campestre do Maranhão,470,4625.46,9.84
PR,Sul,4107900,Floresta,629,4624.29,7.35
AL,Nordeste,2704401,Major Isidoro,272,4606.31,16.93
BA,Nordeste,2914505,Irará,441,4602.73,10.44
MS,Centro Oeste,5000807,Anaurilândia,515,4601.12,8.93
GO,Centro Oeste,5219738,Santo Antônio de Goiás,346,4598.66,13.29
BA,Nordeste,2928208,Santana,618,4597.52,7.44
RS,Sul,4316709,Santa Bárbara do Sul,595,4590.54,7.72
MG,Sudeste,3132701,Itambacuri,470,4589.32,9.76
RJ,Sudeste,3302809,Mendes,136,4588.01,33.74
RS,Sul,4301909,Barra do Ribeiro,367,4580.57,12.48
GO,Centro Oeste,5207501,Estrela do Norte,140,4574.52,32.68
MA,Nordeste,2100907,Araioses,314,4573.05,14.56
SP,Sudeste,3517802,Guaraçaí,577,4572.97,7.93
CE,Nordeste,2311355,Quixelô,520,4572.92,8.79
PA,Norte,1500859,Anapu,413,4569.3,11.06
SC,Sul,4207205,Imaruí,278,4568.98,16.44
SC,Sul,4217907,Tangará,226,4566.32,20.2
BA,Nordeste,2901502,Anguera,107,4566.22,42.67
RS,Sul,4314498,Pinheirinho do Vale,310,4564.63,14.72
SP,Sudeste,3517901,Guaraci,770,4563.92,5.93
BA,Nordeste,2913705,Inhambupe,387,4563.38,11.79
TO,Norte,1713304,Miranorte,461,4560.95,9.89
MG,Sudeste,3162922,São Joaquim de Bicas,436,4560.54,10.46
PI,Nordeste,2201150,Baixa Grande do Ribeiro,175,4558.02,26.05
MT,Centro Oeste,5100508,Alto Paraguai,252,4552.8,18.07
PI,Nordeste,2207900,Pedro II,612,4551.52,7.44
PB,Nordeste,2511202,Pedras de Fogo,288,4546.55,15.79
BA,Nordeste,2927507,Santa Bárbara,225,4539.63,20.18
CE,Nordeste,2309003,Mucambo,187,4536.31,24.26
BA,Nordeste,2930006,Sebastião Laranjeiras,570,4534.67,7.96
SC,Sul,4200200,Agrolândia,346,4533.26,13.1
SC,Sul,4215679,Santa Terezinha,511,4529.11,8.86
MT,Centro Oeste,5106265,Novo Mundo,333,4528.23,13.6
RS,Sul,4316477,Salvador das Missões,486,4527.66,9.32
PA,Norte,1502756,Concórdia do Pará,215,4527.62,21.06
BA,Nordeste,2906204,Canarana,401,4523.2,11.28
RS,Sul,4314027,Paraíso do Sul,639,4520.66,7.07
CE,Nordeste,2305605,Independência,468,4516.04,9.65
SP,Sudeste,3517208,Guaiçara,405,4513.33,11.14
RJ,Sudeste,3300159,Aperibé,635,4500.21,7.09
RJ,Sudeste,3303807,Paraty,494,4486.13,9.08
RJ,Sudeste,3304102,Porciúncula,601,4481.39,7.46
RS,Sul,4316758,Santa Clara do Sul,513,4480.8,8.73
RS,Sul,4315404,Redentora,221,4478.77,20.27
ES,Sudeste,3202652,Irupi,470,4477.11,9.53
AL,Nordeste,2708808,São Sebastião,424,4473.57,10.55
RO,Norte,1100296,Santa Luzia D'Oeste,275,4472.72,16.26
RS,Sul,4323770,Westfalia,246,4468.51,18.16
SC,Sul,4215307,Salete,374,4467.3,11.94
RS,Sul,4312476,Morro Reuter,586,4462.69,7.62
CE,Nordeste,2307254,Jijoca de Jericoacoara,409,4461.22,10.91
SP,Sudeste,3536406,Paulicéia,674,4454.63,6.61
SC,Sul,4217006,São Ludgero,212,4447.93,20.98
MG,Sudeste,3152402,Poté,189,4445.89,23.52
RS,Sul,4319109,São Martinho,571,4444.15,7.78
RS,Sul,4318424,São João da Urtiga,353,4443.11,12.59
MS,Centro Oeste,5007307,Rio Negro,409,4441.78,10.86
SC,Sul,4214706,Rio dos Cedros,473,4438.14,9.38
SC,Sul,4201208,Antônio Carlos,416,4435.13,10.66
SP,Sudeste,3507704,Braúna,313,4434.47,14.17
RS,Sul,4304663,Capão do Leão,530,4433.59,8.37
RN,Nordeste,2400505,Alexandria,510,4432.24,8.69
RJ,Sudeste,3305703,Sumidouro,437,4431.33,10.14
RS,Sul,4320503,Sertão,362,4426.12,12.23
BA,Nordeste,2929255,São Gabriel,501,4425.95,8.83
ES,Sudeste,3204252,Ponto Belo,191,4422.51,23.15
BA,Nordeste,2911402,Glória,471,4422.11,9.39
PR,Sul,4125308,São Jorge do Ivaí,442,4415.28,9.99
PI,Nordeste,2202307,Canto do Buriti,550,4414.29,8.03
RS,Sul,4315305,Quaraí,206,4412.4,21.42
MA,Nordeste,2112902,Vitória do Mearim,430,4411.75,10.26
SP,Sudeste,3545001,Salesópolis,345,4409.79,12.78
RN,Nordeste,2404705,Ipanguaçu,529,4405.14,8.33
RS,Sul,4313003,Nova Bréscia,305,4403.02,14.44
SC,Sul,4201703,Ascurra,454,4390.51,9.67
MG,Sudeste,3128303,Guaranésia,484,4384.58,9.06
RS,Sul,4322533,Vale do Sol,501,4383.86,8.75
CE,Nordeste,2308302,Milagres,515,4381.42,8.51
RS,Sul,4312807,Nova Araçá,348,4373.22,12.57
RS,Sul,4319307,São Paulo das Missões,588,4370.42,7.43
RJ,Sudeste,3300506,Bom Jardim,441,4367.93,9.9
ES,Sudeste,3203809,Muqui,445,4364.2,9.81
SP,Sudeste,3544806,Sales,616,4363.82,7.08
SC,Sul,4203303,Campo Alegre,361,4359.05,12.07
RN,Nordeste,2412559,São Miguel do Gostoso,417,4358.89,10.45
MG,Sudeste,3145307,Novo Cruzeiro,220,4356.86,19.8
SP,Sudeste,3504800,Bálsamo,406,4354.4,10.73
MG,Sudeste,3147709,Passa Tempo,161,4354.05,27.04
MT,Centro Oeste,5108303,União do Sul,151,4351.48,28.82
MS,Centro Oeste,5005202,Ladário,606,4351.13,7.18
BA,Nordeste,2906303,Canavieiras,447,4350.05,9.73
MA,Nordeste,2111052,São João do Paraíso,306,4349.81,14.22
SC,Sul,4202073,Balneário Gaivota,575,4347.55,7.56
SC,Sul,4205456,Forquilhinha,333,4346.55,13.05
RO,Norte,1101500,Seringueiras,460,4346.02,9.45
PR,Sul,4103503,Califórnia,180,4344.82,24.14
AL,Nordeste,2701001,Boca da Mata,316,4344.68,13.75
CE,Nordeste,2309409,Novo Oriente,553,4343.32,7.85
MA,Nordeste,2102036,Bom Jesus das Selvas,452,4342.66,9.61
AM,Norte,1303403,Parintins,259,4339.17,16.75
RS,Sul,4322541,Vale Real,593,4334.06,7.31
GO,Centro Oeste,5215256,Novo Planalto,203,4328.34,21.32
MA,Nordeste,2104602,Governador Eugênio Barros,157,4327.32,27.56
MT,Centro Oeste,5107768,Santa Rita do Trivelato,168,4322.5,25.73
MG,Sudeste,3115508,Caxambu,243,4318.86,17.77
SC,Sul,4209904,Lontras,478,4318.86,9.04
PA,Norte,1501725,Brasil Novo,438,4316.51,9.86
MA,Nordeste,2107803,Parnarama,414,4301.48,10.39
PB,Nordeste,2500775,Aparecida,228,4296.51,18.84
RS,Sul,4302501,Bossoroca,366,4295.4,11.74
RS,Sul,4304002,Campo Novo,241,4295.26,17.82
PR,Sul,4128401,Uraí,439,4290.49,9.77
PR,Sul,4112801,Joaquim Távora,243,4286.96,17.64
BA,Nordeste,2926905,Rio do Pires,721,4285.9,5.94
SC,Sul,4213609,Porto União,362,4284.03,11.83
PA,Norte,1501451,Belterra,377,4283.79,11.36
SP,Sudeste,3540101,Pongaí,200,4283.13,21.42
PE,Nordeste,2611804,Ribeirão,289,4281.33,14.81
SC,Sul,4209854,Lindóia do Sul,232,4281.05,18.45
SP,Sudeste,3557303,Estiva Gerbi,415,4279.75,10.31
MA,Nordeste,2109551,Ribamar Fiquene,344,4277.94,12.44
SC,Sul,4201901,Aurora,372,4277.06,11.5
MG,Sudeste,3156403,Romaria,120,4273.86,35.62
BA,Nordeste,2907806,Cícero Dantas,476,4270.81,8.97
PA,Norte,1503705,Itupiranga,411,4262.96,10.37
GO,Centro Oeste,5203807,Britânia,290,4251.27,14.66
MG,Sudeste,3110608,Cambuí,345,4250.85,12.32
RS,Sul,4303707,Campina das Missões,588,4250.77,7.23
PR,Sul,4123907,Santa Mariana,372,4249.94,11.42
GO,Centro Oeste,5207352,Edealina,279,4247.43,15.22
PE,Nordeste,2602001,Bodocó,662,4245.15,6.41
SP,Sudeste,3503000,Aramina,157,4244.15,27.03
BA,Nordeste,2912004,Ibiassucê,563,4240.28,7.53
MG,Sudeste,3151305,Piraúba,430,4231.28,9.84
SC,Sul,4211504,Nova Trento,454,4231.03,9.32
AC,Norte,1200013,Acrelândia,376,4228.63,11.25
PB,Nordeste,2514503,São José de Piranhas,446,4225.01,9.47
PR,Sul,4100707,Alto Piquiri,389,4220.51,10.85
TO,Norte,1700350,Aliança do Tocantins,207,4217.25,20.37
MA,Nordeste,2105203,Igarapé Grande,473,4217.06,8.92
SP,Sudeste,3551900,Severínia,669,4215.1,6.3
PE,Nordeste,2607307,Ipubi,388,4213.95,10.86
SP,Sudeste,3507100,Bom Jesus dos Perdões,455,4211.69,9.26
SP,Sudeste,3554904,Três Fronteiras,617,4208.01,6.82
TO,Norte,1714880,Nova Olinda,222,4203.31,18.93
SP,Sudeste,3510302,Capela do Alto,508,4202.94,8.27
PR,Sul,4105003,Catanduvas,298,4195.48,14.08
SC,Sul,4214607,Rio do Oeste,360,4192.34,11.65
PE,Nordeste,2612000,Sairé,295,4190.23,14.2
SP,Sudeste,3513900,Divinolândia,399,4190.15,10.5
GO,Centro Oeste,5211701,Jandaia,252,4188.13,16.62
MG,Sudeste,3138625,Limeira do Oeste,698,4187.57,6.0
PR,Sul,4102505,Barbosa Ferraz,355,4184.2,11.79
SP,Sudeste,3544509,Rubinéia,619,4174.68,6.74
MS,Centro Oeste,5000906,Antônio João,349,4170.84,11.95
SE,Nordeste,2807402,Tobias Barreto,441,4166.92,9.45
RN,Nordeste,2412609,São Paulo do Potengi,507,4162.82,8.21
RS,Sul,4304309,Cândido Godói,540,4162.09,7.71
MG,Sudeste,3104304,Areado,370,4160.15,11.24
RS,Sul,4305009,Catuípe,551,4159.19,7.55
PA,Norte,1502954,Eldorado dos Carajás,391,4156.45,10.63
AL,Nordeste,2708709,São Miguel dos Milagres,294,4150.58,14.12
PR,Sul,4126405,Sertaneja,386,4150.46,10.75
RS,Sul,4316303,Roque Gonzales,584,4150.37,7.11
BA,Nordeste,2929503,São Sebastião do Passé,403,4141.65,10.28
ES,Sudeste,3201159,Brejetuba,294,4139.66,14.08
PR,Sul,4120655,Quarto Centenário,233,4139.3,17.77
RS,Sul,4312153,Mato Leitão,492,4138.31,8.41
MG,Sudeste,3170503,Urucânia,173,4135.07,23.9
SP,Sudeste,3542107,Rafard,192,4130.49,21.51
AC,Norte,1200302,Feijó,371,4128.58,11.13
RS,Sul,4320677,Sinimbu,486,4122.28,8.48
MA,Nordeste,2108405,Peri Mirim,88,4109.12,46.69
MG,Sudeste,3155108,Rio do Prado,50,4108.75,82.18
MG,Sudeste,3170750,Varjão de Minas,202,4106.39,20.33
PB,Nordeste,2501500,Bananeiras,370,4101.13,11.08
SP,Sudeste,3556909,Vista Alegre do Alto,352,4100.54,11.65
RS,Sul,4301750,Barão do Triunfo,647,4097.54,6.33
MT,Centro Oeste,5100102,Acorizal,400,4095.13,10.24
RS,Sul,4311700,Machadinho,277,4092.31,14.77
SP,Sudeste,3522505,Itapevi,542,4087.46,7.54
PE,Nordeste,2600500,Águas Belas,480,4085.78,8.51
RS,Sul,4301057,Arroio do Sal,548,4084.42,7.45
MA,Nordeste,2110278,Santo Amaro do Maranhão,234,4077.83,17.43
PE,Nordeste,2607505,Itaíba,355,4076.93,11.48
BA,Nordeste,2928406,Santa Rita de Cássia,460,4074.3,8.86
PB,Nordeste,2515302,Sapé,323,4071.66,12.61
MG,Sudeste,3141801,Minas Novas,345,4067.84,11.79
BA,Nordeste,2908705,Condeúba,470,4065.21,8.65
PA,Norte,1503093,Goianésia do Pará,408,4064.28,9.96
PR,Sul,4110805,Iretama,380,4064.28,10.7
MA,Nordeste,2111805,Sítio Novo,473,4059.59,8.58
BA,Nordeste,2919009,Lajedinho,53,4056.13,76.53
RS,Sul,4302907,Cacequi,464,4053.91,8.74
SP,Sudeste,3536109,Pardinho,562,4052.42,7.21
MG,Sudeste,3162948,São José da Barra,403,4049.06,10.05
GO,Centro Oeste,5200506,Aloândia,123,4048.98,32.92
PR,Sul,4117305,Ortigueira,241,4045.92,16.79
ES,Sudeste,3203106,Jerônimo Monteiro,422,4044.1,9.58
AM,Norte,1301704,Humaitá,243,4043.01,16.64
PE,Nordeste,2605004,Cupira,512,4040.98,7.89
PR,Sul,4128500,Wenceslau Braz,350,4040.71,11.54
SP,Sudeste,3508702,Caconde,430,4039.9,9.4
MG,Sudeste,3170057,Ubaporanga,521,4038.28,7.75
AL,Nordeste,2700409,Atalaia,326,4035.69,12.38
SP,Sudeste,3540408,Populina,278,4034.23,14.51
MT,Centro Oeste,5103437,Curvelândia,526,4032.34,7.67
MA,Nordeste,2112308,Tuntum,399,4032.02,10.11
MG,Sudeste,3133758,Itaú de Minas,623,4031.16,6.47
AL,Nordeste,2700508,Barra de Santo Antônio,361,4030.71,11.17
PR,Sul,4107157,Diamante D'Oeste,207,4011.65,19.38
RS,Sul,4304689,Capela de Santana,445,4000.52,8.99
PR,Sul,4121703,Reserva,198,3998.49,20.19
RS,Sul,4320305,Selbach,513,3996.99,7.79
MG,Sudeste,3157203,Santa Bárbara,429,3996.61,9.32
PB,Nordeste,2502805,Brejo do Cruz,468,3995.25,8.54
BA,Nordeste,2931053,Tanque Novo,489,3994.06,8.17
RS,Sul,4309704,Humaitá,481,3988.32,8.29
MG,Sudeste,3143807,Munhoz,144,3984.52,27.67
SP,Sudeste,3525508,Joanópolis,467,3979.41,8.52
SP,Sudeste,3538204,Pinhalzinho,410,3978.64,9.7
BA,Nordeste,2921500,Monte Santo,605,3978.15,6.58
SC,Sul,4213500,Porto Belo,374,3977.49,10.64
AL,Nordeste,2705507,Murici,404,3977.39,9.85
SP,Sudeste,3521507,Irapuã,434,3976.27,9.16
AL,Nordeste,2703304,Inhapi,127,3970.67,31.27
PR,Sul,4107801,Floraí,313,3970.33,12.68
MA,Nordeste,2104677,Governador Nunes Freire,237,3965.81,16.73
PE,Nordeste,2616001,Venturosa,482,3955.04,8.21
MG,Sudeste,3105400,Barão de Cocais,324,3954.98,12.21
PR,Sul,4108908,Guairaçá,315,3942.42,12.52
PE,Nordeste,2602803,Buíque,463,3942.0,8.51
MG,Sudeste,3117108,Conceição da Aparecida,290,3939.3,13.58
PR,Sul,4121109,Quinta do Sol,242,3939.09,16.28
PB,Nordeste,2512309,Princesa Isabel,403,3937.33,9.77
BA,Nordeste,2916856,Itatim,266,3935.17,14.79
RS,Sul,4306502,Dom Feliciano,520,3934.33,7.57
RS,Sul,4302584,Bozano,71,3932.93,55.39
MG,Sudeste,3153103,Presidente Bernardes,122,3930.51,32.22
PR,Sul,4119400,Piraí do Sul,184,3928.71,21.35
AC,Norte,1200385,Plácido de Castro,402,3928.19,9.77
SP,Sudeste,3506904,Bofete,279,3918.83,14.05
BA,Nordeste,2919801,Macaúbas,558,3913.75,7.01
MG,Sudeste,3113701,Carlos Chagas,406,3913.33,9.64
SP,Sudeste,3506805,Bocaina,364,3905.24,10.73
MG,Sudeste,3139201,Malacacheta,269,3902.32,14.51
SP,Sudeste,3501202,Álvares Florence,303,3895.79,12.86
TO,Norte,1702000,Araguaçu,440,3895.47,8.85
MG,Sudeste,3150703,Pirajuba,211,3895.24,18.46
RS,Sul,4320354,Sentinela do Sul,194,3894.69,20.08
BA,Nordeste,2921203,Miguel Calmon,481,3891.37,8.09
SP,Sudeste,3552304,Sud Mennucci,521,3890.19,7.47
MG,Sudeste,3129301,Iapu,454,3889.01,8.57
MG,Sudeste,3112505,Capim Branco,217,3888.4,17.92
SC,Sul,4207403,Imbuia,438,3886.91,8.87
GO,Centro Oeste,5219407,Santa Rita do Araguaia,155,3885.1,25.07
AC,Norte,1200609,Tarauacá,324,3882.5,11.98
RN,Nordeste,2404507,Guamaré,499,3879.69,7.77
BA,Nordeste,2912509,Ibipitanga,642,3879.67,6.04
RJ,Sudeste,3301801,Engenheiro Paulo de Frontin,82,3871.96,47.22
MG,Sudeste,3114006,Carmo da Mata,276,3871.62,14.03
SC,Sul,4215075,Riqueza,252,3870.66,15.36
AL,Nordeste,2706109,Ouro Branco,93,3870.4,41.62
MG,Sudeste,3130606,Inconfidentes,310,3862.84,12.46
CE,Nordeste,2312700,Senador Pompeu,460,3857.93,8.39
PA,Norte,1508126,Ulianópolis,253,3848.86,15.21
RS,Sul,4310405,Independência,402,3848.17,9.57
SP,Sudeste,3534203,Orindiúva,449,3845.39,8.56
BA,Nordeste,2915353,Itaguaçu da Bahia,260,3845.1,14.79
AL,Nordeste,2703205,Igreja Nova,217,3844.75,17.72
PA,Norte,1505486,Pacajá,306,3844.05,12.56
MG,Sudeste,3103900,Araújos,297,3842.88,12.94
PI,Nordeste,2202752,Colônia do Gurguéia,102,3841.96,37.67
RS,Sul,4323606,Vista Alegre do Prata,169,3839.29,22.72
RS,Sul,4313086,Nova Pádua,244,3836.6,15.72
RS,Sul,4308102,Feliz,408,3836.38,9.4
SC,Sul,4219200,Vidal Ramos,393,3834.93,9.76
CE,Nordeste,2301208,Aracoiaba,301,3833.43,12.74
PR,Sul,4122800,Salgado Filho,204,3832.24,18.79
SC,Sul,4205803,Garuva,379,3825.4,10.09
RJ,Sudeste,3301405,Conceição de Macabu,392,3825.18,9.76
SP,Sudeste,3518859,Guatapará,373,3823.68,10.25
PR,Sul,4102307,Balsa Nova,206,3822.96,18.56
BA,Nordeste,2908903,Coração de Maria,362,3813.69,10.54
MG,Sudeste,3135506,Jequeri,158,3812.23,24.13
MA,Nordeste,2102002,Bom Jardim,390,3811.25,9.77
RS,Sul,4301503,Augusto Pestana,505,3810.12,7.54
RS,Sul,4308409,Formigueiro,358,3798.72,10.61
CE,Nordeste,2309201,Nova Olinda,144,3797.37,26.37
MG,Sudeste,3121308,Descoberto,131,3797.05,28.99
GO,Centro Oeste,5212709,Mambaí,72,3796.1,52.72
RS,Sul,4313011,Nova Candelária,446,3793.51,8.51
RS,Sul,4322905,Viadutos,320,3788.52,11.84
ES,Sudeste,3200706,Atilio Vivacqua,325,3788.34,11.66
RS,Sul,4313607,Paim Filho,253,3786.9,14.97
MG,Sudeste,3117603,Conceição do Pará,222,3786.35,17.06
BA,Nordeste,2903508,Belo Campo,392,3784.39,9.65
PR,Sul,4103008,Boa Esperança,317,3783.44,11.94
BA,Nordeste,2906709,Cândido Sales,426,3783.17,8.88
MG,Sudeste,3112000,Candeias,416,3782.6,9.09
MS,Centro Oeste,5003157,Coronel Sapucaia,369,3780.16,10.24
GO,Centro Oeste,5205513,Cocalzinho de Goiás,257,3776.21,14.69
MG,Sudeste,3132206,Itaguara,383,3772.47,9.85
RS,Sul,4300208,Ajuricaba,529,3771.78,7.13
SC,Sul,4215455,Sangão,229,3770.84,16.47
RS,Sul,4318481,São José do Hortêncio,513,3769.46,7.35
PB,Nordeste,2512903,Rio Tinto,278,3769.29,13.56
MT,Centro Oeste,5100805,Apiacás,283,3768.2,13.32
AL,Nordeste,2709400,Viçosa,343,3765.94,10.98
PR,Sul,4115101,Mariluz,306,3764.96,12.3
BA,Nordeste,2925808,Queimadas,413,3764.45,9.11
RN,Nordeste,2403004,Cruzeta,353,3760.09,10.65
SC,Sul,4215406,Salto Veloso,150,3758.73,25.06
MA,Nordeste,2110609,São Bernardo,360,3758.66,10.44
MT,Centro Oeste,5101852,Bom Jesus do Araguaia,219,3755.8,17.15
BA,Nordeste,2928000,Santaluz,525,3748.42,7.14
MG,Sudeste,3142205,Miraí,472,3744.39,7.93
PR,Sul,4102604,Barracão,335,3743.48,11.17
SC,Sul,4214508,Rio do Campo,320,3741.49,11.69
MS,Centro Oeste,5008404,Vicentina,427,3740.16,8.76
MA,Nordeste,2106003,Lima Campos,420,3738.62,8.9
SC,Sul,4213401,Ponte Serrada,241,3732.36,15.49
SC,Sul,4202057,Balneário Barra do Sul,553,3729.9,6.74
MA,Nordeste,2108108,Paulo Ramos,293,3729.08,12.73
GO,Centro Oeste,5202155,Araguapaz,358,3727.25,10.41
BA,Nordeste,2901403,Angical,524,3725.59,7.11
SC,Sul,4212239,Paraíso,172,3723.14,21.65
BA,Nordeste,2906808,Cansanção,493,3721.15,7.55
RS,Sul,4303806,Campinas do Sul,360,3718.48,10.33
AL,Nordeste,2704005,Junqueiro,411,3715.5,9.04
MG,Sudeste,3123205,Dores do Indaiá,406,3715.01,9.15
PE,Nordeste,2608453,Lagoa do Carro,281,3709.92,13.2
RS,Sul,4305959,Cotiporã,278,3709.18,13.34
RS,Sul,4314159,Paverama,407,3709.0,9.11
PR,Sul,4127809,Tomazina,207,3708.59,17.92
PR,Sul,4112306,Japira,160,3706.5,23.17
MG,Sudeste,3140902,Matipó,290,3705.4,12.78
BA,Nordeste,2918803,Laje,450,3704.22,8.23
MG,Sudeste,3155306,Rio Manso,199,3700.08,18.59
SP,Sudeste,3546900,Santa Lúcia,239,3688.55,15.43
SP,Sudeste,3515608,Fernando Prestes,309,3687.2,11.93
SP,Sudeste,3532009,Morungaba,277,3684.98,13.3
PB,Nordeste,2500502,Alagoinha,213,3682.03,17.29
SP,Sudeste,3527603,Luís Antônio,344,3681.13,10.7
RO,Norte,1100700,Campo Novo de Rondônia,373,3679.88,9.87
MG,Sudeste,3149101,Pedralva,233,3678.1,15.79
PB,Nordeste,2515971,Sobrado,84,3672.46,43.72
RS,Sul,4301651,Barão,273,3669.87,13.44
PE,Nordeste,2613404,São José da Coroa Grande,400,3668.21,9.17
BA,Nordeste,2907905,Cipó,439,3667.89,8.36
RS,Sul,4316956,Santa Maria do Herval,447,3666.75,8.2
RS,Sul,4303558,Camargo,203,3666.62,18.06
RS,Sul,4321329,Taquaruçu do Sul,323,3666.37,11.35
BA,Nordeste,2918753,Lagoa Real,563,3660.59,6.5
MG,Sudeste,3161908,São Gonçalo do Rio Abaixo,213,3654.89,17.16
PR,Sul,4121802,Ribeirão Claro,326,3654.71,11.21
MG,Sudeste,3103751,Araporã,650,3651.68,5.62
GO,Centro Oeste,5218789,Rio Quente,214,3651.44,17.06
SP,Sudeste,3546702,Santa Gertrudes,437,3651.13,8.35
TO,Norte,1714203,Natividade,288,3647.93,12.67
RN,Nordeste,2404408,Grossos,480,3646.98,7.6
SC,Sul,4216404,São João do Sul,325,3634.61,11.18
AM,Norte,1303569,Rio Preto da Eva,67,3633.57,54.23
PB,Nordeste,2504405,Conceição,453,3624.56,8.0
SC,Sul,4207908,Irineópolis,401,3622.17,9.03
PI,Nordeste,2202703,Cocal,523,3621.47,6.92
PB,Nordeste,2516904,Uiraúna,362,3617.54,9.99
RS,Sul,4301305,Arroio Grande,342,3617.42,10.58
BA,Nordeste,2933000,Valente,454,3616.32,7.97
BA,Nordeste,2910602,Esplanada,368,3615.02,9.82
MG,Sudeste,3148202,Patrocínio do Muriaé,238,3612.62,15.18
PR,Sul,4102208,Atalaia,292,3607.62,12.35
RS,Sul,4312203,Maximiliano de Almeida,286,3605.38,12.61
PI,Nordeste,2201960,Brasileira,245,3603.39,14.71
RS,Sul,4311155,Jóia,366,3600.1,9.84
MA,Nordeste,2106755,Miranda do Norte,280,3600.08,12.86
SP,Sudeste,3513504,Cubatão,435,3599.42,8.27
CE,Nordeste,2306801,Jaguaribara,235,3594.14,15.29
BA,Nordeste,2922409,Mutuípe,374,3593.83,9.61
MG,Sudeste,3110301,Caldas,330,3593.68,10.89
PR,Sul,4120408,Presidente Castelo Branco,194,3590.97,18.51
RS,Sul,4305900,Coronel Bicaco,391,3587.62,9.18
BA,Nordeste,2930758,Sítio do Mato,387,3587.45,9.27
SE,Nordeste,2807105,Simão Dias,372,3586.71,9.64
RS,Sul,4318507,São José do Norte,447,3584.11,8.02
SP,Sudeste,3549508,São José da Bela Vista,321,3582.3,11.16
RS,Sul,4301925,Barra do Rio Azul,187,3577.67,19.13
GO,Centro Oeste,5218102,Portelândia,95,3573.82,37.62
PR,Sul,4122156,Rio Bonito do Iguaçu,317,3573.2,11.27
BA,Nordeste,2906899,Caraíbas,473,3567.82,7.54
MG,Sudeste,3137403,Lagoa Dourada,269,3566.71,13.26
PE,Nordeste,2609303,Mirandiba,452,3563.12,7.88
PR,Sul,4100905,Amaporã,261,3561.01,13.64
AC,Norte,1200252,Epitaciolândia,290,3557.95,12.27
GO,Centro Oeste,5215231,Novo Gama,311,3553.67,11.43
SP,Sudeste,3537503,Pereiras,286,3553.24,12.42
PE,Nordeste,2605301,Exu,458,3552.64,7.76
SC,Sul,4217550,Serra Alta,216,3548.98,16.43
SP,Sudeste,3542701,Restinga,175,3542.96,20.25
GO,Centro Oeste,5209937,Inaciolândia,442,3541.29,8.01
PR,Sul,4114906,Marilândia do Sul,216,3538.89,16.38
MT,Centro Oeste,5103957,Glória D'Oeste,353,3536.87,10.02
PA,Norte,1503044,Floresta do Araguaia,323,3531.88,10.93
MA,Nordeste,2100808,Anapurus,358,3531.82,9.87
PR,Sul,4126652,Sulina,217,3525.28,16.25
TO,Norte,1722107,Xambioá,375,3524.12,9.4
MG,Sudeste,3128006,Guanhães,143,3524.05,24.64
MG,Sudeste,3144706,Nova Era,307,3515.72,11.45
BA,Nordeste,2925758,Presidente Tancredo Neves,365,3515.47,9.63
MT,Centro Oeste,5105234,Lambari D'Oeste,398,3513.41,8.83
PA,Norte,1500347,Água Azul do Norte,292,3513.36,12.03
CE,Nordeste,2300101,Abaiara,94,3512.49,37.37
BA,Nordeste,2904902,Cachoeira,272,3508.75,12.9
RN,Nordeste,2413409,Serra Negra do Norte,316,3508.15,11.1
RO,Norte,1100379,Alto Alegre dos Parecis,344,3507.71,10.2
RN,Nordeste,2413359,Serra do Mel,424,3506.02,8.27
RS,Sul,4309803,Ibiaçá,377,3505.96,9.3
MG,Sudeste,3107802,Bom Jesus do Galho,424,3504.61,8.27
BA,Nordeste,2908101,Cocos,451,3502.84,7.77
CE,Nordeste,2300705,Alto Santo,276,3500.7,12.68
RN,Nordeste,2400109,Acari,455,3489.53,7.67
CE,Nordeste,2301703,Aurora,436,3488.01,8.0
SC,Sul,4210035,Luzerna,175,3485.76,19.92
PR,Sul,4112207,Janiópolis,273,3482.31,12.76
MA,Nordeste,2110104,Santa Quitéria do Maranhão,312,3481.76,11.16
SP,Sudeste,3521002,Iperó,447,3481.1,7.79
RS,Sul,4311791,Maratá,202,3476.35,17.21
CE,Nordeste,2303105,Cariré,311,3475.22,11.17
PE,Nordeste,2605806,Frei Miguelinho,453,3474.42,7.67
BA,Nordeste,2925600,Presidente Dutra,414,3474.22,8.39
GO,Centro Oeste,5222054,Vicentinópolis,350,3471.52,9.92
PR,Sul,4121901,Ribeirão do Pinhal,210,3471.36,16.53
PI,Nordeste,2202901,Corrente,391,3469.78,8.87
BA,Nordeste,2916005,Itanhém,570,3467.13,6.08
RS,Sul,4305587,Colinas,231,3465.61,15.0
SC,Sul,4207601,Ipira,261,3464.92,13.28
PR,Sul,4125902,São Pedro do Paraná,321,3463.91,10.79
TO,Norte,1716604,Peixe,312,3463.09,11.1
RJ,Sudeste,3302056,Italva,466,3463.06,7.43
BA,Nordeste,2917409,Jacaraci,592,3460.58,5.85
PB,Nordeste,2513406,Santa Luzia,324,3458.44,10.67
RS,Sul,4314423,Picada Café,497,3458.01,6.96
PR,Sul,4107306,Doutor Camargo,416,3454.72,8.3
MG,Sudeste,3110905,Campanha,446,3449.44,7.73
RS,Sul,4302659,Brochier,313,3448.5,11.02
MA,Nordeste,2100956,Arame,296,3448.3,11.65
PR,Sul,4115309,Mariópolis,211,3448.28,16.34
RN,Nordeste,2404853,Itajá,425,3447.51,8.11
PR,Sul,4103024,Boa Esperança do Iguaçu,173,3444.57,19.91
SC,Sul,4204251,Cocal do Sul,330,3437.61,10.42
PR,Sul,4119251,Pinhal de São Bento,143,3435.3,24.02
RS,Sul,4314787,Ponte Preta,174,3433.57,19.73
MG,Sudeste,3151909,Pocrane,366,3432.4,9.38
TO,Norte,1709005,Goiatins,148,3427.78,23.16
MG,Sudeste,3160900,São Brás do Suaçuí,45,3427.34,76.16
SP,Sudeste,3528304,Magda,187,3427.31,18.33
PA,Norte,1505551,Pau D'Arco,170,3423.92,20.14
SC,Sul,4200705,Alfredo Wagner,394,3422.84,8.69
RS,Sul,4303400,Caiçara,380,3422.4,9.01
RJ,Sudeste,3301157,Cardoso Moreira,408,3419.65,8.38
BA,Nordeste,2932804,Utinga,264,3419.3,12.95
RS,Sul,4309050,Glorinha,318,3418.27,10.75
RN,Nordeste,2414803,Vera Cruz,290,3417.5,11.78
PB,Nordeste,2504801,Coremas,374,3414.99,9.13
BA,Nordeste,2916807,Itarantim,346,3414.52,9.87
SC,Sul,4211876,Paial,82,3412.69,41.62
CE,Nordeste,2305902,Ipueiras,479,3411.09,7.12
RJ,Sudeste,3304110,Porto Real,351,3410.84,9.72
RS,Sul,4310538,Itaara,375,3409.75,9.09
AL,Nordeste,2706505,Passo de Camaragibe,199,3409.26,17.13
RO,Norte,1101807,Vale do Paraíso,257,3409.2,13.27
PB,Nordeste,2506004,Esperança,252,3404.66,13.51
CE,Nordeste,2308351,Milhã,371,3402.44,9.17
SE,Nordeste,2801207,Canindé de São Francisco,320,3399.77,10.62
GO,Centro Oeste,5215009,Nova Veneza,313,3396.13,10.85
SC,Sul,4211603,Nova Veneza,199,3394.42,17.06
MG,Sudeste,3122009,Divino,505,3393.34,6.72
RJ,Sudeste,3305604,Silva Jardim,387,3393.32,8.77
SC,Sul,4202081,Bandeirante,156,3391.54,21.74
MG,Sudeste,3155603,Rio Pardo de Minas,261,3388.81,12.98
SC,Sul,4214151,Princesa,203,3388.55,16.69
MA,Nordeste,2104008,Esperantinópolis,373,3387.87,9.08
RN,Nordeste,2411502,Santo Antônio,410,3385.75,8.26
PR,Sul,4125803,São Pedro do Ivaí,313,3381.16,10.8
BA,Nordeste,2909109,Coribe,457,3379.39,7.39
PE,Nordeste,2607653,Itambé,290,3378.64,11.65
MG,Sudeste,3150505,Pimenta,298,3377.86,11.34
PE,Nordeste,2608107,João Alfredo,310,3376.39,10.89
GO,Centro Oeste,5208400,Goianápolis,288,3370.63,11.7
SP,Sudeste,3531209,Monte Alegre do Sul,290,3368.3,11.61
PR,Sul,4122503,Roncador,259,3364.89,12.99
RS,Sul,4314076,Passo do Sobrado,384,3361.65,8.75
PE,Nordeste,2615706,Triunfo,519,3361.29,6.48
CE,Nordeste,2304905,Groaíras,382,3360.41,8.8
PR,Sul,4108957,Guamiranga,268,3358.98,12.53
SC,Sul,4218905,Urubici,252,3352.77,13.3
MG,Sudeste,3134509,Itutinga,94,3348.95,35.63
MS,Centro Oeste,5000252,Alcinópolis,285,3346.74,11.74
CE,Nordeste,2313955,Varjota,330,3346.12,10.14
BA,Nordeste,2914901,Itacaré,314,3343.67,10.65
SP,Sudeste,3514601,Dumont,320,3342.87,10.45
MA,Nordeste,2112852,Vila Nova dos Martírios,384,3341.08,8.7
RS,Sul,4312054,Marques de Souza,217,3338.83,15.39
CE,Nordeste,2311702,Reriutaba,451,3338.48,7.4
PR,Sul,4113734,Luiziana,214,3337.98,15.6
CE,Nordeste,2311603,Redenção,187,3336.63,17.84
ES,Sudeste,3204401,Rio Novo do Sul,327,3335.63,10.2
MA,Nordeste,2110658,São Domingos do Azeitão,127,3330.65,26.23
PR,Sul,4120804,Quatro Barras,238,3322.48,13.96
RS,Sul,4321857,Três Palmeiras,252,3321.03,13.18
PI,Nordeste,2210631,Sebastião Leal,119,3318.6,27.89
MG,Sudeste,3162807,São João Evangelista,241,3318.07,13.77
MG,Sudeste,3123908,Entre Rios de Minas,254,3317.13,13.06
MS,Centro Oeste,5007950,Tacuru,345,3315.63,9.61
RN,Nordeste,2409308,Patu,479,3313.24,6.92
MG,Sudeste,3142403,Moema,290,3312.93,11.42
MG,Sudeste,3129004,Guiricema,340,3312.44,9.74
RS,Sul,4305850,Coqueiros do Sul,316,3311.52,10.48
BA,Nordeste,2920502,Maracás,304,3310.38,10.89
PR,Sul,4113908,Mallet,300,3307.95,11.03
RO,Norte,1101435,Nova União,379,3307.88,8.73
PE,Nordeste,2610806,Pedra,326,3305.86,10.14
PR,Sul,4104428,Candói,229,3303.74,14.43
MG,Sudeste,3130507,Ilicínea,307,3300.15,10.75
RS,Sul,4310504,Iraí,405,3298.75,8.15
AL,Nordeste,2706406,Pão de Açúcar,393,3296.97,8.39
TO,Norte,1720903,Taguatinga,352,3296.01,9.36
PA,Norte,1506583,Santa Maria das Barreiras,303,3295.11,10.87
RN,Nordeste,2406502,Lagoa Nova,334,3293.27,9.86
AL,Nordeste,2709103,Taquarana,330,3291.77,9.98
MG,Sudeste,3121100,Delfim Moreira,122,3291.4,26.98
PA,Norte,1502772,Curionópolis,316,3284.83,10.4
MG,Sudeste,3133006,Itamonte,387,3279.93,8.48
BA,Nordeste,2923357,Ourolândia,250,3275.06,13.1
PR,Sul,4117206,Nova Olímpia,244,3274.52,13.42
PR,Sul,4117297,Novo Itacolomi,151,3272.97,21.68
SE,Nordeste,2803005,Itabaianinha,221,3265.58,14.78
RS,Sul,4315156,Progresso,262,3264.59,12.46
RS,Sul,4306734,Doutor Maurício Cardoso,457,3260.32,7.13
BA,Nordeste,2902005,Aracatu,454,3258.46,7.18
MT,Centro Oeste,5103809,Figueirópolis D'Oeste,339,3257.99,9.61
PE,Nordeste,2614006,Serrita,344,3257.53,9.47
MG,Sudeste,3101805,Alpercata,357,3257.3,9.12
SP,Sudeste,3539905,Poloni,271,3252.33,12.0
SP,Sudeste,3512605,Coronel Macedo,82,3251.7,39.65
SC,Sul,4206009,Governador Celso Ramos,387,3247.91,8.39
MG,Sudeste,3161502,São Geraldo,311,3247.18,10.44
PI,Nordeste,2202737,Coivaras,72,3246.66,45.09
SC,Sul,4204103,Caxambu do Sul,180,3245.36,18.03
PE,Nordeste,2603108,Cachoeirinha,336,3244.93,9.66
RS,Sul,4304358,Candiota,115,3242.23,28.19
RS,Sul,4323507,Vista Alegre,201,3242.22,16.13
RS,Sul,4313656,Palmares do Sul,243,3240.02,13.33
SP,Sudeste,3543808,Rinópolis,517,3239.04,6.27
CE,Nordeste,2302008,Barro,419,3232.22,7.71
PR,Sul,4104402,Cândido de Abreu,251,3230.27,12.87
SP,Sudeste,3519907,Iepê,451,3228.67,7.16
BA,Nordeste,2920304,Malhada de Pedras,504,3226.92,6.4
PE,Nordeste,2610400,Parnamirim,412,3224.17,7.83
MA,Nordeste,2109700,Sambaíba,108,3218.14,29.8
AL,Nordeste,2705705,Olho D'Água das Flores,286,3213.93,11.24
PR,Sul,4111001,Itambaracá,299,3211.32,10.74
SC,Sul,4203501,Campo Erê,222,3210.7,14.46
RS,Sul,4315354,Quinze de Novembro,359,3210.69,8.94
RS,Sul,4300059,Água Santa,247,3205.03,12.98
BA,Nordeste,2922300,Muritiba,359,3204.59,8.93
SP,Sudeste,3543600,Rifaina,242,3201.62,13.23
RS,Sul,4305975,Coxilha,146,3195.52,21.89
MG,Sudeste,3133204,Itanhomi,431,3191.59,7.41
MA,Nordeste,2108702,Pio XII,282,3189.79,11.31
RO,Norte,1100924,Chupinguaia,203,3188.6,15.71
SP,Sudeste,3524501,Jaci,262,3186.2,12.16
RS,Sul,4320263,Segredo,467,3183.43,6.82
BA,Nordeste,2923803,Paripiranga,372,3181.43,8.55
SP,Sudeste,3554409,Terra Roxa,440,3180.02,7.23
RS,Sul,4302006,Barros Cassal,394,3178.11,8.07
PR,Sul,4111555,Ivaté,325,3175.73,9.77
BA,Nordeste,2911600,Governador Mangabeira,286,3174.65,11.1
RS,Sul,4316451,Salto do Jacuí,471,3170.96,6.73
CE,Nordeste,2304509,Frecheirinha,272,3169.77,11.65
RS,Sul,4311759,Manoel Viana,391,3169.6,8.11
AL,Nordeste,2703106,Igaci,289,3167.93,10.96
SC,Sul,4210555,Marema,160,3165.95,19.79
MG,Sudeste,3140159,Mário Campos,298,3165.27,10.62
MG,Sudeste,3158201,Santa Maria do Suaçuí,244,3164.84,12.97
CE,Nordeste,2302305,Bela Cruz,302,3164.7,10.48
GO,Centro Oeste,5200555,Alto Horizonte,395,3158.93,8.0
SC,Sul,4212007,Palma Sola,285,3158.35,11.08
RN,Nordeste,2407401,Martins,281,3157.24,11.24
SP,Sudeste,3536604,Paulo de Faria,439,3156.05,7.19
MG,Sudeste,3124500,Estiva,252,3154.78,12.52
SP,Sudeste,3554656,Torre de Pedra,151,3153.96,20.89
MS,Centro Oeste,5007802,Selvíria,447,3148.87,7.04
MA,Nordeste,2100501,Alto Parnaíba,151,3148.62,20.85
MG,Sudeste,3123700,Engenheiro Caldas,336,3147.39,9.37
RN,Nordeste,2414100,Tenente Ananias,361,3147.37,8.72
RO,Norte,1101104,Itapuã do Oeste,258,3143.55,12.18
RS,Sul,4300505,Alpestre,293,3143.03,10.73
MT,Centro Oeste,5107354,São José do Xingu,142,3139.53,22.11
SE,Nordeste,2805604,Porto da Folha,391,3134.81,8.02
CE,Nordeste,2303956,Chorozinho,249,3134.02,12.59
GO,Centro Oeste,5212105,Joviânia,283,3132.53,11.07
GO,Centro Oeste,5200175,Água Fria de Goiás,59,3129.51,53.04
GO,Centro Oeste,5204003,Cabeceiras,125,3125.33,25.0
MG,Sudeste,3132909,Itamogi,417,3124.29,7.49
SC,Sul,4219408,Witmarsum,356,3122.5,8.77
RJ,Sudeste,3301504,Cordeiro,384,3119.44,8.12
SC,Sul,4207577,Iomerê,148,3116.42,21.06
MG,Sudeste,3128907,Guimarânia,309,3116.0,10.08
MG,Sudeste,3152907,Pratápolis,395,3116.0,7.89
MG,Sudeste,3116209,Chiador,17,3114.61,183.21
SP,Sudeste,3502606,Aparecida D'Oeste,384,3113.99,8.11
RS,Sul,4321634,Três Arroios,231,3113.01,13.48
PI,Nordeste,2204501,Guadalupe,384,3110.83,8.1
PR,Sul,4113106,Kaloré,241,3108.64,12.9
PR,Sul,4127601,Tijucas do Sul,207,3107.8,15.01
PR,Sul,4111605,Ivatuba,208,3107.55,14.94
PR,Sul,4101150,Ângulo,226,3107.14,13.75
BA,Nordeste,2906824,Canudos,385,3106.62,8.07
GO,Centro Oeste,5205000,Carmo do Rio Verde,336,3104.02,9.24
PR,Sul,4112009,Jaguariaíva,208,3103.82,14.92
BA,Nordeste,2917359,Jaborandi,359,3102.33,8.64
BA,Nordeste,2916500,Itapicuru,311,3099.24,9.97
CE,Nordeste,2303303,Cariús,353,3097.21,8.77
SP,Sudeste,3553005,Taguaí,250,3096.4,12.39
SP,Sudeste,3522802,Itaporanga,252,3096.1,12.29
PR,Sul,4110409,Indianópolis,272,3092.66,11.37
SC,Sul,4216354,São João do Itaperiú,267,3082.15,11.54
SP,Sudeste,3531605,Monte Castelo,267,3081.01,11.54
MG,Sudeste,3107703,Bom Jesus do Amparo,125,3078.39,24.63
PA,Norte,1501576,Bom Jesus do Tocantins,321,3078.09,9.59
CE,Nordeste,2309508,Orós,336,3073.38,9.15
SC,Sul,4218400,Treze de Maio,334,3071.07,9.19
SC,Sul,4212304,Paulo Lopes,317,3065.6,9.67
RN,Nordeste,2409902,Pendências,352,3065.14,8.71
PR,Sul,4115507,Marumbi,180,3064.11,17.02
MG,Sudeste,3108107,Bonfim,265,3062.51,11.56
RN,Nordeste,2413607,Severiano Melo,440,3053.35,6.94
GO,Centro Oeste,5214804,Nova Aurora,79,3052.45,38.64
PB,Nordeste,2508604,Lucena,327,3052.19,9.33
PR,Sul,4123857,Santa Maria do Oeste,166,3051.06,18.38
BA,Nordeste,2918506,Jussara,344,3046.84,8.86
SC,Sul,4209508,Laurentino,299,3045.46,10.19
MG,Sudeste,3102001,Alterosa,324,3041.33,9.39
SC,Sul,4201257,Apiúna,399,3041.02,7.62
RS,Sul,4320552,Sertão Santana,401,3040.97,7.58
PA,Norte,1500503,Almeirim,340,3039.71,8.94
GO,Centro Oeste,5200852,Americano do Brasil,201,3038.95,15.12
PE,Nordeste,2608057,Jatobá,561,3038.72,5.42
RS,Sul,4315149,Presidente Lucena,368,3036.27,8.25
TO,Norte,1722081,Wanderlândia,216,3035.37,14.05
SP,Sudeste,3547908,Santo Antônio da Alegria,299,3034.15,10.15
CE,Nordeste,2304350,Forquilha,299,3032.72,10.14
SE,Nordeste,2805703,Propriá,276,3032.01,10.99
RS,Sul,4321436,Terra de Areia,295,3029.16,10.27
BA,Nordeste,2932309,Ubatã,344,3026.2,8.8
CE,Nordeste,2313203,Tamboril,375,3025.07,8.07
PE,Nordeste,2608503,Lagoa do Itaenga,291,3023.2,10.39
MG,Sudeste,3151404,Pitangui,408,3022.45,7.41
MS,Centro Oeste,5006358,Paranhos,292,3018.38,10.34
PR,Sul,4125456,São José das Palmeiras,257,3013.56,11.73
BA,Nordeste,2912103,Ibicaraí,410,3013.3,7.35
SP,Sudeste,3529500,Mendonça,493,3012.66,6.11
SP,Sudeste,3555604,Uchoa,357,3011.46,8.44
SP,Sudeste,3516309,Francisco Morato,368,3010.75,8.18
SC,Sul,4205191,Ermo,39,3009.52,77.17
RS,Sul,4303301,Caibaté,413,3008.76,7.29
MG,Sudeste,3103009,Antônio Dias,218,3007.16,13.79
PR,Sul,4114351,Manfrinópolis,142,3006.1,21.17
PI,Nordeste,2201507,Batalha,422,3006.05,7.12
SP,Sudeste,3535606,Paraibuna,371,3001.46,8.09
RN,Nordeste,2407500,Maxaranguape,273,2999.92,10.99
PB,Nordeste,2501104,Areia,170,2999.82,17.65
RS,Sul,4316501,Salvador do Sul,260,2998.61,11.53
PR,Sul,4116802,Nova Cantu,211,2987.76,14.16
RS,Sul,4316972,Santa Margarida do Sul,152,2983.79,19.63
BA,Nordeste,2904100,Boquira,505,2979.88,5.9
PE,Nordeste,2614808,Tacaratu,442,2979.77,6.74
TO,Norte,1703107,Barrolândia,123,2979.15,24.22
BA,Nordeste,2905909,Campo Alegre de Lourdes,384,2978.79,7.76
BA,Nordeste,2932408,Uibaí,341,2978.05,8.73
MG,Sudeste,3137700,Lajinha,303,2974.83,9.82
PA,Norte,1504604,Mocajuba,279,2974.0,10.66
PR,Sul,4113809,Lupionópolis,229,2971.34,12.98
GO,Centro Oeste,5204904,Campos Belos,232,2971.19,12.81
RO,Norte,1101757,Vale do Anari,317,2970.47,9.37
RS,Sul,4307559,Estação,364,2970.03,8.16
SC,Sul,4206751,Ibiam,115,2969.97,25.83
PE,Nordeste,2604205,Catende,434,2969.55,6.84
PE,Nordeste,2616308,Vicência,306,2968.28,9.7
MG,Sudeste,3168507,Teixeiras,280,2968.03,10.6
MA,Nordeste,2107407,Olho D'Água das Cunhãs,345,2965.05,8.59
SP,Sudeste,3552809,Taboão da Serra,393,2963.34,7.54
MG,Sudeste,3137106,Lagamar,262,2960.68,11.3
SP,Sudeste,3553203,Taiúva,265,2959.85,11.17
GO,Centro Oeste,5213905,Mossâmedes,151,2958.88,19.6
PA,Norte,1505650,Placas,253,2956.17,11.68
PR,Sul,4123824,Santa Lúcia,211,2955.06,14.01
SC,Sul,4206801,Ibicaré,117,2955.03,25.26
SP,Sudeste,3520202,Igaratá,323,2950.61,9.14
PR,Sul,4119301,Pinhão,167,2946.55,17.64
SP,Sudeste,3536901,Pedranópolis,325,2935.46,9.03
RS,Sul,4322855,Vespasiano Correa,147,2932.75,19.95
RS,Sul,4321477,Tiradentes do Sul,323,2932.72,9.08
TO,Norte,1718006,Porto Alegre do Tocantins,165,2930.77,17.76
MT,Centro Oeste,5106273,Novo Horizonte do Norte,281,2930.11,10.43
SP,Sudeste,3545407,Salto Grande,250,2929.52,11.72
BA,Nordeste,2910305,Elísio Medrado,203,2927.0,14.42
BA,Nordeste,2910404,Encruzilhada,231,2926.8,12.67
SC,Sul,4207684,Ipuaçu,156,2923.96,18.74
MG,Sudeste,3126000,Florestal,264,2922.46,11.07
BA,Nordeste,2921054,Matina,440,2922.28,6.64
RN,Nordeste,2403301,Encanto,376,2920.69,7.77
PR,Sul,4128807,Xambrê,304,2920.36,9.61
SP,Sudeste,3543105,Ribeirão Corrente,128,2917.09,22.79
RN,Nordeste,2401800,Brejinho,236,2917.01,12.36
SP,Sudeste,3529609,Meridiano,430,2914.16,6.78
ES,Sudeste,3200359,Alto Rio Novo,308,2909.11,9.45
GO,Centro Oeste,5221197,Terezópolis de Goiás,169,2907.64,17.2
MG,Sudeste,3133105,Itanhandu,250,2907.53,11.63
MS,Centro Oeste,5003504,Douradina,409,2906.49,7.11
SP,Sudeste,3547106,Santa Mercedes,178,2903.86,16.31
RN,Nordeste,2402501,Carnaubais,316,2901.12,9.18
PR,Sul,4100301,Agudos do Sul,205,2897.9,14.14
RS,Sul,4315958,Rolador,179,2897.19,16.19
MS,Centro Oeste,5002803,Caracol,288,2893.53,10.05
MT,Centro Oeste,5104500,Indiavaí,217,2891.74,13.33
PE,Nordeste,2614204,Sirinhaém,329,2891.18,8.79
MG,Sudeste,3108909,Brazópolis,310,2890.38,9.32
PE,Nordeste,2604601,Condado,316,2888.05,9.14
MA,Nordeste,2109809,Santa Helena,302,2887.01,9.56
RN,Nordeste,2414001,Tangará,269,2883.31,10.72
PE,Nordeste,2609006,Macaparana,247,2880.85,11.66
CE,Nordeste,2305209,Hidrolândia,380,2880.78,7.58
BA,Nordeste,2915205,Itagibá,308,2875.07,9.33
SC,Sul,4205431,Formosa do Sul,199,2874.9,14.45
RS,Sul,4307203,Erval Grande,212,2874.31,13.56
SC,Sul,4213807,Praia Grande,217,2871.77,13.23
CE,Nordeste,2301950,Barreira,183,2870.53,15.69
RS,Sul,4314548,Pinto Bandeira,185,2868.07,15.5
MG,Sudeste,3161304,São Francisco de Sales,415,2867.94,6.91
GO,Centro Oeste,5218706,Rianápolis,258,2866.45,11.11
PB,Nordeste,2506905,Itabaiana,263,2865.53,10.9
MA,Nordeste,2104404,Gonçalves Dias,259,2865.36,11.06
CE,Nordeste,2309458,Ocara,214,2864.3,13.38
PR,Sul,4107108,Diamante do Norte,281,2862.46,10.19
PR,Sul,4116406,Nossa Senhora das Graças,203,2859.85,14.09
CE,Nordeste,2305704,Ipaumirim,363,2859.61,7.88
SC,Sul,4215653,Santa Rosa do Sul,304,2858.65,9.4
CE,Nordeste,2301851,Banabuiú,330,2856.33,8.66
MA,Nordeste,2111409,São Luís Gonzaga do Maranhão,348,2853.7,8.2
SC,Sul,4200606,Águas Mornas,316,2853.55,9.03
RS,Sul,4310363,Imigrante,247,2852.29,11.55
GO,Centro Oeste,5220264,São Miguel do Passa Quatro,218,2851.88,13.08
SC,Sul,4218301,Três Barras,172,2848.03,16.56
PR,Sul,4100103,Abatiá,183,2848.03,15.56
MG,Sudeste,3162559,São João do Manhuaçu,325,2846.57,8.76
PB,Nordeste,2500601,Alhandra,118,2845.63,24.12
PI,Nordeste,2204709,Inhuma,326,2843.4,8.72
AL,Nordeste,2707404,Porto de Pedras,208,2841.83,13.66
RO,Norte,1101203,Ministro Andreazza,289,2839.59,9.83
PA,Norte,1506351,Santa Bárbara do Pará,218,2836.57,13.01
SP,Sudeste,3509254,Cajati,416,2835.31,6.82
GO,Centro Oeste,5214861,Nova Glória,273,2831.05,10.37
PI,Nordeste,2206902,Novo Oriente do Piauí,131,2830.05,21.6
MT,Centro Oeste,5101605,Barão de Melgaço,374,2829.22,7.56
SP,Sudeste,3531100,Mongaguá,392,2829.11,7.22
RS,Sul,4305173,Cerro Grande do Sul,322,2829.02,8.79
GO,Centro Oeste,5216809,Petrolina de Goiás,245,2827.28,11.54
MA,Nordeste,2107902,Passagem Franca,281,2823.65,10.05
RS,Sul,4315909,Rodeio Bonito,203,2821.52,13.9
MG,Sudeste,3151107,Pirapetinga,407,2821.45,6.93
MG,Sudeste,3114105,Carmo de Minas,189,2820.2,14.92
SP,Sudeste,3548104,Santo Antônio do Jardim,279,2818.84,10.1
SC,Sul,4213005,Pinheiro Preto,107,2814.1,26.3
SC,Sul,4211751,Otacílio Costa,228,2811.8,12.33
PR,Sul,4103404,Cafeara,171,2811.58,16.44
BA,Nordeste,2905602,Camacan,312,2807.58,9.0
RS,Sul,4318614,São José do Sul,206,2807.42,13.63
GO,Centro Oeste,5205901,Corumbaíba,302,2806.72,9.29
PR,Sul,4125407,São José da Boa Vista,169,2806.53,16.61
AL,Nordeste,2701704,Capela,204,2806.04,13.76
RS,Sul,4308458,Fortaleza dos Valos,325,2802.74,8.62
MG,Sudeste,3168804,Tiradentes,279,2802.44,10.04
SC,Sul,4219358,Vitor Meireles,265,2800.26,10.57
RS,Sul,4301107,Arroio dos Ratos,398,2800.14,7.04
SP,Sudeste,3521150,Ipiguá,323,2799.99,8.67
AL,Nordeste,2708402,São José da Tapera,313,2796.84,8.94
SP,Sudeste,3528858,Marapoama,342,2795.95,8.18
SC,Sul,4203709,Canelinha,261,2795.08,10.71
MG,Sudeste,3109501,Cabo Verde,257,2791.69,10.86
SC,Sul,4215554,Santa Helena,187,2791.5,14.93
BA,Nordeste,2917003,Itiúba,339,2791.31,8.23
MG,Sudeste,3117702,Conceição do Rio Verde,187,2785.07,14.89
RS,Sul,4304713,Caraá,264,2783.52,10.54
TO,Norte,1715754,Palmeirópolis,291,2783.2,9.56
MA,Nordeste,2108900,Poção de Pedras,372,2782.94,7.48
MG,Sudeste,3127305,Galiléia,335,2782.0,8.3
MG,Sudeste,3136900,Juruaia,423,2780.02,6.57
GO,Centro Oeste,5207253,Doverlândia,195,2778.97,14.25
SC,Sul,4202602,Bom Retiro,162,2777.0,17.14
PR,Sul,4117057,Nova Laranjeiras,197,2776.91,14.1
GO,Centro Oeste,5203401,Bom Jardim de Goiás,240,2776.64,11.57
RS,Sul,4300471,Almirante Tamandaré do Sul,280,2775.14,9.91
SC,Sul,4201604,Arroio Trinta,139,2774.45,19.96
RS,Sul,4305702,Condor,199,2773.56,13.94
RS,Sul,4308078,Fazenda Vilanova,262,2772.74,10.58
MG,Sudeste,3144359,Naque,255,2772.18,10.87
SP,Sudeste,3521606,Irapuru,306,2771.74,9.06
RN,Nordeste,2412104,São João do Sabugi,412,2768.83,6.72
RO,Norte,1101005,Governador Jorge Teixeira,330,2768.38,8.39
SP,Sudeste,3557154,Zacarias,367,2766.31,7.54
CE,Nordeste,2306009,Iracema,369,2764.46,7.49
PI,Nordeste,2205805,Luzilândia,360,2763.49,7.68
MG,Sudeste,3102902,Antônio Carlos,138,2763.48,20.03
RS,Sul,4302253,Boa Vista do Sul,179,2763.08,15.44
BA,Nordeste,2900405,Água Fria,126,2761.98,21.92
MA,Nordeste,2105609,Joselândia,411,2761.95,6.72
MA,Nordeste,2111532,São Pedro da Água Branca,281,2760.4,9.82
MA,Nordeste,2104107,Fortaleza dos Nogueiras,234,2760.29,11.8
MA,Nordeste,2112100,Timbiras,320,2759.98,8.62
MG,Sudeste,3113909,Carmo da Cachoeira,132,2759.72,20.91
MG,Sudeste,3163805,São Miguel do Anta,313,2758.88,8.81
MG,Sudeste,3122900,Dona Euzébia,312,2758.03,8.84
GO,Centro Oeste,5214408,Nazário,251,2757.91,10.99
RN,Nordeste,2410405,Pureza,168,2756.93,16.41
PR,Sul,4103206,Bom Sucesso,171,2756.59,16.12
RJ,Sudeste,3304128,Quatis,144,2754.53,19.13
RS,Sul,4318440,São Jorge,232,2752.91,11.87
SP,Sudeste,3525409,Jeriquara,112,2752.62,24.58
RO,Norte,1100080,Costa Marques,268,2751.25,10.27
RS,Sul,4304671,Capivari do Sul,164,2750.64,16.77
SP,Sudeste,3519006,Herculândia,302,2747.38,9.1
BA,Nordeste,2933455,Wanderley,342,2746.43,8.03
RN,Nordeste,2412401,São José do Seridó,268,2745.59,10.24
PE,Nordeste,2612406,Sanharó,321,2741.81,8.54
BA,Nordeste,2929701,Sátiro Dias,187,2741.36,14.66
PA,Norte,1507979,Terra Santa,323,2741.14,8.49
SP,Sudeste,3556602,Vera Cruz,225,2739.64,12.18
CE,Nordeste,2310803,Pereiro,235,2737.46,11.65
SC,Sul,4215901,São Bonifácio,124,2737.25,22.07
MG,Sudeste,3164308,São Roque de Minas,253,2736.51,10.82
SP,Sudeste,3516804,Gastão Vidigal,242,2734.43,11.3
BA,Nordeste,2903409,Belmonte,216,2732.46,12.65
SC,Sul,4206603,Guarujá do Sul,188,2731.75,14.53
MG,Sudeste,3102308,Alvinópolis,205,2730.0,13.32
MG,Sudeste,3134103,Itueta,406,2728.37,6.72
RS,Sul,4313391,Novo Cabrais,303,2725.64,9.0
BA,Nordeste,2908606,Conde,313,2725.46,8.71
SC,Sul,4205605,Galvão,141,2724.76,19.32
RN,Nordeste,2411403,Santana do Matos,316,2724.24,8.62
PI,Nordeste,2203107,Cristino Castro,218,2719.08,12.47
PR,Sul,4110904,Itaguajé,214,2718.97,12.71
MG,Sudeste,3158508,Santana de Pirapama,184,2716.8,14.77
AC,Norte,1200807,Porto Acre,300,2714.89,9.05
RS,Sul,4302451,Boqueirão do Leão,236,2713.03,11.5
MG,Sudeste,3150158,Piedade de Caratinga,300,2711.03,9.04
BA,Nordeste,2923035,Novo Horizonte,316,2705.67,8.56
PR,Sul,4110656,Iracema do Oeste,158,2704.73,17.12
SP,Sudeste,3532801,Nova Aliança,249,2701.94,10.85
SC,Sul,4200309,Agronômica,268,2699.78,10.07
AL,Nordeste,2707305,Porto Calvo,275,2698.74,9.81
RS,Sul,4314134,Paulo Bento,179,2696.93,15.07
GO,Centro Oeste,5219258,Santa Fé de Goiás,233,2695.25,11.57
SP,Sudeste,3552908,Taciba,357,2694.82,7.55
SP,Sudeste,3530409,Mirassolândia,161,2693.86,16.73
BA,Nordeste,2932705,Uruçuca,264,2693.55,10.2
RS,Sul,4310900,Jacutinga,256,2692.87,10.52
RS,Sul,4315206,Putinga,236,2690.99,11.4
RN,Nordeste,2410504,Rafael Fernandes,381,2689.59,7.06
SP,Sudeste,3511904,Clementina,382,2688.22,7.04
BA,Nordeste,2927101,Rodelas,215,2687.49,12.5
PR,Sul,4109658,Honório Serpa,147,2685.46,18.27
RO,Norte,1100601,Cacaulândia,240,2684.93,11.19
BA,Nordeste,2907558,Caturama,451,2683.08,5.95
PR,Sul,4107850,Flor da Serra do Sul,192,2681.86,13.97
RO,Norte,1100031,Cabixi,253,2681.74,10.6
BA,Nordeste,2901106,Amélia Rodrigues,279,2681.33,9.61
PI,Nordeste,2200301,Alto Longá,232,2677.32,11.54
PA,Norte,1504976,Nova Ipixuna,222,2672.83,12.04
SP,Sudeste,3502309,Anhembi,189,2672.6,14.14
PE,Nordeste,2600708,Aliança,277,2666.85,9.63
BA,Nordeste,2925006,Planalto,298,2666.79,8.95
MG,Sudeste,3120706,Cruzeiro da Fortaleza,186,2665.71,14.33
GO,Centro Oeste,5215900,Palminópolis,200,2665.64,13.33
MA,Nordeste,2110500,São Bento,264,2664.6,10.09
BA,Nordeste,2921807,Mortugaba,437,2663.76,6.1
BA,Nordeste,2903003,Barra do Mendes,275,2661.49,9.68
BA,Nordeste,2920403,Manoel Vitorino,342,2661.03,7.78
MG,Sudeste,3161403,São Francisco do Glória,80,2660.16,33.25
PR,Sul,4106001,Congonhinhas,184,2656.17,14.44
MG,Sudeste,3162708,São João do Paraíso,338,2655.39,7.86
MS,Centro Oeste,5004809,Japorã,310,2654.96,8.56
SP,Sudeste,3513603,Cunha,217,2654.04,12.23
RS,Sul,4301552,Áurea,213,2651.56,12.45
GO,Centro Oeste,5216304,Paranaiguara,262,2651.07,10.12
BA,Nordeste,2922508,Nazaré,301,2649.13,8.8
PB,Nordeste,2502508,Boqueirão,165,2647.96,16.05
SC,Sul,4212254,Passo de Torres,397,2643.59,6.66
SP,Sudeste,3520004,Igaraçu do Tietê,397,2641.94,6.65
SP,Sudeste,3500808,Alfredo Marcondes,384,2640.05,6.88
RN,Nordeste,2403707,Felipe Guerra,378,2638.57,6.98
MG,Sudeste,3124807,Estrela do Sul,238,2638.22,11.08
PI,Nordeste,2202604,Castelo do Piauí,351,2637.53,7.51
MG,Sudeste,3168903,Tiros,203,2635.21,12.98
PR,Sul,4103370,Brasilândia do Sul,240,2629.68,10.96
CE,Nordeste,2303204,Caririaçu,286,2628.12,9.19
BA,Nordeste,2917300,Ituberá,276,2625.47,9.51
RS,Sul,4310306,Ilópolis,232,2623.13,11.31
PR,Sul,4104253,Campo Magro,189,2622.88,13.88
AC,Norte,1200708,Xapuri,239,2621.08,10.97
BA,Nordeste,2916104,Itaparica,340,2620.37,7.71
MA,Nordeste,2106102,Loreto,146,2618.22,17.93
MA,Nordeste,2105153,Igarapé do Meio,124,2615.71,21.09
RJ,Sudeste,3300225,Areal,195,2613.1,13.4
PA,Norte,1507102,São Caetano de Odivelas,249,2613.05,10.49
PI,Nordeste,2202083,Cajueiro da Praia,247,2611.02,10.57
BA,Nordeste,2915809,Itambé,259,2607.38,10.07
CE,Nordeste,2302701,Campos Sales,265,2606.06,9.83
TO,Norte,1716703,Colméia,296,2605.78,8.8
BA,Nordeste,2930303,Serra Dourada,383,2601.75,6.79
PR,Sul,4116208,Morretes,242,2597.92,10.74
GO,Centro Oeste,5208152,Gameleira de Goiás,127,2596.52,20.45
RN,Nordeste,2401305,Campo Grande,340,2591.8,7.62
MG,Sudeste,3149507,Pequeri,36,2589.0,71.92
BA,Nordeste,2903276,Barrocas,370,2588.41,7.0
PR,Sul,4111100,Itambé,314,2586.56,8.24
RS,Sul,4317756,Santo Antônio do Planalto,266,2582.32,9.71
PR,Sul,4109104,Guaporema,155,2581.73,16.66
BA,Nordeste,2918605,Jussiape,317,2580.48,8.14
AL,Nordeste,2702355,Craíbas,283,2580.22,9.12
SE,Nordeste,2806008,Ribeirópolis,228,2578.94,11.31
SE,Nordeste,2807600,Umbaúba,163,2578.55,15.82
RJ,Sudeste,3305307,São Sebastião do Alto,285,2571.64,9.02
SE,Nordeste,2806206,Salgado,241,2566.39,10.65
BA,Nordeste,2929404,São Miguel das Matas,246,2562.32,10.42
CE,Nordeste,2306108,Irauçuba,232,2562.23,11.04
SC,Sul,4200754,Alto Bela Vista,157,2562.2,16.32
SP,Sudeste,3524204,Jaborandi,354,2556.76,7.22
BA,Nordeste,2919702,Macarani,282,2554.69,9.06
SP,Sudeste,3539608,Planalto,390,2550.53,6.54
MG,Sudeste,3162401,São João da Ponte,243,2549.07,10.49
MG,Sudeste,3140852,Matias Cardoso,89,2546.57,28.61
MG,Sudeste,3155702,Rio Piracicaba,253,2541.5,10.05
RO,Norte,1101559,Teixeirópolis,288,2540.78,8.82
BA,Nordeste,2905305,Cafarnaum,174,2539.97,14.6
SP,Sudeste,3514007,Dobrada,160,2535.62,15.85
SC,Sul,4218103,Timbé do Sul,80,2535.54,31.69
SP,Sudeste,3525854,Jumirim,115,2534.19,22.04
MT,Centro Oeste,5100359,Alto Boa Vista,207,2527.45,12.21
GO,Centro Oeste,5219902,São Francisco de Goiás,171,2525.39,14.77
PR,Sul,4101051,Anahy,173,2524.71,14.59
SP,Sudeste,3550803,São Sebastião da Grama,337,2523.75,7.49
PA,Norte,1508357,Vitória do Xingu,304,2521.6,8.29
CE,Nordeste,2310308,Parambu,302,2519.77,8.34
SC,Sul,4202206,Benedito Novo,299,2519.48,8.43
RS,Sul,4300307,Alecrim,408,2517.41,6.17
SC,Sul,4204194,Chapadão do Lageado,262,2515.96,9.6
CE,Nordeste,2304236,Croatá,274,2515.46,9.18
PE,Nordeste,2613206,São João,279,2515.43,9.02
BA,Nordeste,2914109,Ipupiara,307,2514.84,8.19
MS,Centro Oeste,5007976,Taquarussu,304,2514.36,8.27
MA,Nordeste,2112605,Urbano Santos,205,2513.94,12.26
RS,Sul,4306452,Dois Lajeados,184,2513.81,13.66
RS,Sul,4312302,Miraguaí,237,2508.85,10.59
MG,Sudeste,3115805,Centralina,464,2507.37,5.4
MG,Sudeste,3157609,Santa Fé de Minas,53,2505.28,47.27
PR,Sul,4102901,Bituruna,205,2503.96,12.21
SE,Nordeste,2801009,Campo do Brito,204,2502.37,12.27
SC,Sul,4205100,Dona Emma,243,2500.15,10.29
AL,Nordeste,2702603,Feira Grande,285,2500.06,8.77
SP,Sudeste,3551306,Sebastianópolis do Sul,315,2498.11,7.93
RS,Sul,4314605,Piratini,276,2492.64,9.03
SC,Sul,4212601,Peritiba,170,2486.77,14.63
PI,Nordeste,2210805,Simplício Mendes,337,2486.41,7.38
BA,Nordeste,2911808,Guaratinga,314,2484.48,7.91
RS,Sul,4312609,Muçum,242,2481.49,10.25
MG,Sudeste,3154903,Rio Casca,213,2480.92,11.65
PR,Sul,4115754,Mauá da Serra,192,2480.84,12.92
SC,Sul,4210803,Meleiro,128,2476.95,19.35
BA,Nordeste,2908200,Conceição da Feira,272,2476.02,9.1
PR,Sul,4119707,Planaltina do Paraná,211,2475.57,11.73
AL,Nordeste,2706802,Piaçabuçu,260,2475.21,9.52
MA,Nordeste,2110856,São Francisco do Brejão,222,2474.39,11.15
CE,Nordeste,2312007,Santana do Acaraú,267,2473.8,9.27
SC,Sul,4209805,Leoberto Leal,285,2470.56,8.67
BA,Nordeste,2924405,Pilão Arcado,385,2470.52,6.42
AL,Nordeste,2700201,Anadia,216,2469.55,11.43
RJ,Sudeste,3306156,Varre-Sai,304,2465.11,8.11
MG,Sudeste,3141603,Mercês,192,2464.94,12.84
MA,Nordeste,2105948,Lago dos Rodrigues,291,2464.92,8.47
PI,Nordeste,2203503,Elesbão Veloso,200,2463.34,12.32
MG,Sudeste,3162609,São João do Oriente,289,2459.05,8.51
RS,Sul,4312757,Nova Alvorada,238,2458.59,10.33
BA,Nordeste,2931509,Teofilândia,384,2457.83,6.4
PR,Sul,4104451,Cantagalo,239,2456.39,10.28
RS,Sul,4304655,Capão do Cipó,232,2456.24,10.59
PR,Sul,4103305,Borrazópolis,199,2453.13,12.33
SC,Sul,4219101,Vargeão,153,2450.9,16.02
GO,Centro Oeste,5207600,Fazenda Nova,300,2450.61,8.17
PA,Norte,1500206,Acará,180,2440.98,13.56
SP,Sudeste,3552551,Suzanápolis,401,2440.1,6.09
AC,Norte,1200336,Mâncio Lima,215,2439.91,11.35
SP,Sudeste,3503109,Arandu,156,2438.98,15.63
SC,Sul,4200556,Águas Frias,189,2438.35,12.9
MG,Sudeste,3165701,Senador Firmino,339,2433.63,7.18
SP,Sudeste,3546207,Santa Cruz da Conceição,178,2433.2,13.67
SC,Sul,4201653,Arvoredo,158,2431.89,15.39
RS,Sul,4305603,Colorado,387,2428.94,6.28
GO,Centro Oeste,5203575,Bonópolis,108,2428.18,22.48
PB,Nordeste,2514206,São José da Lagoa Tapada,132,2428.15,18.4
RS,Sul,4301958,Barra Funda,220,2425.91,11.03
GO,Centro Oeste,5219712,Santo Antônio da Barra,138,2425.26,17.57
SP,Sudeste,3535903,Paranapuã,251,2424.34,9.66
BA,Nordeste,2922102,Mundo Novo,186,2424.09,13.03
SP,Sudeste,3523800,Itobi,218,2422.09,11.11
MG,Sudeste,3111804,Canápolis,369,2420.93,6.56
SP,Sudeste,3516606,Gália,313,2420.7,7.73
GO,Centro Oeste,5203203,Barro Alto,266,2416.23,9.08
TO,Norte,1707108,Divinópolis do Tocantins,208,2415.99,11.62
GO,Centro Oeste,5213004,Maurilândia,248,2415.48,9.74
MA,Nordeste,2102309,Buriti Bravo,276,2414.82,8.75
SP,Sudeste,3532108,Murutinga do Sul,353,2413.82,6.84
MG,Sudeste,3128253,Guaraciama,87,2413.82,27.75
GO,Centro Oeste,5206503,Cromínia,191,2412.9,12.63
PI,Nordeste,2200509,Amarante,262,2412.24,9.21
MG,Sudeste,3171808,Virginópolis,232,2405.91,10.37
GO,Centro Oeste,5216007,Panamá,93,2403.55,25.84
SC,Sul,4208955,Jardinópolis,132,2400.97,18.19
PI,Nordeste,2208908,Ribeiro Gonçalves,84,2397.76,28.54
BA,Nordeste,2905800,Camamu,194,2397.2,12.36
PA,Norte,1508035,Tracuateua,83,2393.85,28.84
SC,Sul,4218608,Trombudo Central,235,2389.72,10.17
BA,Nordeste,2905404,Cairu,234,2388.83,10.21
MG,Sudeste,3107901,Bom Repouso,356,2387.53,6.71
RS,Sul,4309753,Ibarama,300,2384.63,7.95
PR,Sul,4107546,Espigão Alto do Iguaçu,142,2383.46,16.78
SP,Sudeste,3547650,Santa Salete,273,2381.8,8.72
CE,Nordeste,2310902,Piquet Carneiro,295,2380.11,8.07
PE,Nordeste,2607703,Itapetim,380,2377.8,6.26
RS,Sul,4304952,Caseiros,165,2374.9,14.39
RN,Nordeste,2406700,Lajes,231,2374.26,10.28
BA,Nordeste,2903607,Biritinga,194,2373.24,12.23
PR,Sul,4118709,Paulo Frontin,209,2369.94,11.34
CE,Nordeste,2308609,Monsenhor Tabosa,118,2368.3,20.07
RS,Sul,4319208,São Nicolau,302,2367.59,7.84
AL,Nordeste,2703601,Japaratinga,231,2366.95,10.25
SP,Sudeste,3550001,São Luiz do Paraitinga,213,2365.96,11.11
RS,Sul,4314068,Passa Sete,312,2365.64,7.58
RS,Sul,4323705,Vista Gaúcha,229,2364.74,10.33
BA,Nordeste,2909703,Cristópolis,298,2363.47,7.93
SP,Sudeste,3548609,São Bento do Sapucaí,199,2362.52,11.87
PI,Nordeste,2210938,Sussuapara,232,2357.57,10.16
AP,Norte,1600501,Oiapoque,114,2354.07,20.65
RS,Sul,4310702,Itatiba do Sul,201,2354.05,11.71
RS,Sul,4315008,Porto Lucena,310,2353.69,7.59
CE,Nordeste,2311264,Quiterianópolis,275,2352.54,8.55
RS,Sul,4308003,Faxinal do Soturno,262,2351.71,8.98
GO,Centro Oeste,5203559,Bonfinópolis,205,2350.38,11.47
PB,Nordeste,2502300,Bom Sucesso,195,2350.1,12.05
MG,Sudeste,3147600,Passa Quatro,297,2348.42,7.91
SP,Sudeste,3511409,Cerqueira César,434,2347.87,5.41
PR,Sul,4111308,Itaúna do Sul,162,2345.62,14.48
PE,Nordeste,2615904,Tuparetama,301,2344.41,7.79
PR,Sul,4107702,Fênix,197,2343.89,11.9
CE,Nordeste,2305266,Ibaretama,125,2343.81,18.75
MA,Nordeste,2100204,Alcântara,38,2341.23,61.61
PR,Sul,4127965,Turvo,212,2339.07,11.03
RN,Nordeste,2403806,Florânia,293,2336.18,7.97
PB,Nordeste,2511509,Pilar,123,2335.91,18.99
RS,Sul,4312385,Monte Belo do Sul,200,2335.82,11.68
ES,Sudeste,3202009,Dores do Rio Preto,268,2334.7,8.71
BA,Nordeste,2921906,Mucugê,263,2334.53,8.88
PR,Sul,4126009,São Sebastião da Amoreira,203,2332.91,11.49
BA,Nordeste,2917102,Itororó,277,2331.29,8.42
PA,Norte,1505908,Porto de Moz,203,2331.19,11.48
RS,Sul,4312104,Mata,335,2329.27,6.95
MG,Sudeste,3125903,Ferros,89,2324.68,26.12
PB,Nordeste,2511905,Pitimbu,225,2324.08,10.33
SC,Sul,4217956,Tigrinhos,110,2321.85,21.11
RS,Sul,4301800,Barracão,298,2318.82,7.78
RS,Sul,4311601,Liberato Salzano,262,2310.34,8.82
BA,Nordeste,2926509,Ribeira do Amparo,268,2308.12,8.61
SP,Sudeste,3528205,Macedônia,292,2306.48,7.9
BA,Nordeste,2901304,Andaraí,187,2306.02,12.33
PA,Norte,1508050,Trairão,175,2304.25,13.17
MG,Sudeste,3152600,Pouso Alto,167,2303.62,13.79
RS,Sul,4311775,Maquiné,236,2302.21,9.76
BA,Nordeste,2913002,Ibitiara,358,2300.62,6.43
SP,Sudeste,3535705,Paraíso,329,2299.44,6.99
RS,Sul,4305871,Coronel Barros,94,2296.86,24.43
PB,Nordeste,2514909,São Mamede,212,2294.75,10.82
MG,Sudeste,3140803,Matias Barbosa,199,2288.96,11.5
PE,Nordeste,2609709,Orobó,222,2288.46,10.31
PB,Nordeste,2500304,Alagoa Grande,209,2288.21,10.95
BA,Nordeste,2932101,Ubaíra,228,2288.01,10.04
PB,Nordeste,2509305,Mataraca,116,2286.41,19.71
SC,Sul,4209458,Lajeado Grande,91,2285.89,25.12
SC,Sul,4204756,Cunhataí,103,2284.45,22.18
PR,Sul,4123956,Santa Mônica,122,2280.3,18.69
PB,Nordeste,2512002,Pocinhos,90,2276.73,25.3
MT,Centro Oeste,5108204,Torixoréu,250,2272.16,9.09
MG,Sudeste,3159506,Santa Rita do Itueto,265,2271.3,8.57
RS,Sul,4311627,Lindolfo Collor,330,2270.63,6.88
MG,Sudeste,3158003,Santa Maria de Itabira,100,2270.63,22.71
RN,Nordeste,2408508,Ouro Branco,282,2270.61,8.05
PR,Sul,4119657,Pitangueiras,118,2270.58,19.24
PE,Nordeste,2604908,Cumaru,210,2269.34,10.81
TO,Norte,1701002,Ananás,241,2268.03,9.41
RN,Nordeste,2406601,Lagoa Salgada,197,2267.67,11.51
MG,Sudeste,3108800,Braúnas,165,2267.04,13.74
PE,Nordeste,2608305,Jupi,214,2265.37,10.59
GO,Centro Oeste,5220504,Serranópolis,145,2264.3,15.62
PR,Sul,4126306,Sengés,203,2263.67,11.15
PE,Nordeste,2609808,Orocó,155,2258.88,14.57
SP,Sudeste,3532405,Nazaré Paulista,275,2253.23,8.19
MA,Nordeste,2104099,Formosa da Serra Negra,196,2252.94,11.49
BA,Nordeste,2910859,Filadélfia,259,2250.93,8.69
SP,Sudeste,3502754,Araçariguama,280,2245.07,8.02
RS,Sul,4305447,Chuvisca,315,2243.68,7.12
PR,Sul,4103222,Bom Sucesso do Sul,160,2242.89,14.02
PE,Nordeste,2600807,Altinho,265,2242.01,8.46
PR,Sul,4103107,Bocaiúva do Sul,96,2241.09,23.34
MS,Centro Oeste,5003900,Figueirão,220,2239.01,10.18
RS,Sul,4303673,Campestre da Serra,195,2237.62,11.47
MG,Sudeste,3120201,Cristais,139,2234.51,16.08
SC,Sul,4202859,Braço do Trombudo,149,2233.37,14.99
PI,Nordeste,2202000,Buriti dos Lopes,284,2232.15,7.86
PB,Nordeste,2506400,Gurinhém,140,2231.99,15.94
MA,Nordeste,2111904,Sucupira do Norte,102,2228.8,21.85
SP,Sudeste,3523503,Itatinga,336,2228.71,6.63
ES,Sudeste,3202553,Ibitirama,228,2226.99,9.77
MT,Centro Oeste,5103106,Cocalinho,219,2226.16,10.17
SP,Sudeste,3526506,Lavínia,373,2224.75,5.96
PR,Sul,4106803,Cruz Machado,186,2224.55,11.96
SP,Sudeste,3532900,Nova Europa,364,2224.48,6.11
RS,Sul,4317558,Santo Antônio do Palma,150,2222.01,14.81
RO,Norte,1101484,São Felipe D'Oeste,260,2221.19,8.54
SE,Nordeste,2804607,Nossa Senhora das Dores,214,2220.12,10.37
PA,Norte,1506005,Prainha,257,2218.37,8.63
CE,Nordeste,2304657,Graça,342,2217.24,6.48
SP,Sudeste,3553906,Tarabai,463,2216.0,4.79
MG,Sudeste,3136603,Nova União,110,2215.4,20.14
MG,Sudeste,3116704,Coimbra,208,2214.61,10.65
BA,Nordeste,2900207,Abaré,260,2214.47,8.52
RS,Sul,4307054,Ernestina,214,2214.01,10.35
TO,Norte,1701101,Aparecida do Rio Negro,152,2213.57,14.56
RS,Sul,4313037,Nova Esperança do Sul,404,2212.98,5.48
MG,Sudeste,3142700,Montalvânia,237,2211.06,9.33
MG,Sudeste,3100104,Abadia dos Dourados,250,2210.29,8.84
BA,Nordeste,2904852,Cabaceiras do Paraguaçu,165,2210.18,13.4
BA,Nordeste,2909406,Cotegipe,285,2209.98,7.75
PB,Nordeste,2509107,Mari,145,2209.81,15.24
SC,Sul,4209151,José Boiteux,185,2208.6,11.94
BA,Nordeste,2904209,Botuporã,394,2206.09,5.6
RN,Nordeste,2412906,São Tomé,214,2205.55,10.31
MG,Sudeste,3110103,Caiana,155,2202.54,14.21
MG,Sudeste,3109709,Cachoeira de Minas,256,2200.27,8.59
MG,Sudeste,3143005,Monte Belo,324,2198.4,6.79
BA,Nordeste,2923100,Olindina,254,2197.6,8.65
BA,Nordeste,2904050,Bonito,169,2195.03,12.99
BA,Nordeste,2921401,Mirangaba,133,2192.08,16.48
RN,Nordeste,2401206,Arez,226,2189.94,9.69
SP,Sudeste,3520905,Ipaussu,448,2189.46,4.89
RN,Nordeste,2409704,Pedro Avelino,111,2189.13,19.72
BA,Nordeste,2933505,Wenceslau Guimarães,241,2189.13,9.08
TO,Norte,1720200,São Miguel do Tocantins,269,2188.66,8.14
PB,Nordeste,2515005,São Miguel de Taipu,172,2187.04,12.72
MG,Sudeste,3154200,Resende Costa,340,2185.68,6.43
MA,Nordeste,2101251,Bacabeira,198,2185.52,11.04
MG,Sudeste,3104700,Ataléia,211,2181.08,10.34
MG,Sudeste,3109105,Bueno Brandão,309,2180.82,7.06
PA,Norte,1506302,Salvaterra,234,2179.57,9.31
SP,Sudeste,3518503,Guareí,188,2178.22,11.59
RN,Nordeste,2408953,Rio do Fogo,287,2177.61,7.59
BA,Nordeste,2902500,Baianópolis,314,2174.6,6.93
PR,Sul,4120705,Quatiguá,164,2171.83,13.24
PA,Norte,1505403,Ourém,172,2170.34,12.62
MG,Sudeste,3100906,Águas Formosas,270,2168.5,8.03
SP,Sudeste,3540754,Potim,189,2168.46,11.47
SP,Sudeste,3500550,Águas de Santa Bárbara,288,2167.71,7.53
SP,Sudeste,3516853,Gavião Peixoto,156,2167.49,13.89
MG,Sudeste,3170909,Varzelândia,132,2164.95,16.4
MG,Sudeste,3129103,Gurinhatã,266,2162.19,8.13
RS,Sul,4308300,Fontoura Xavier,282,2159.06,7.66
SP,Sudeste,3529807,Mineiros do Tietê,190,2156.25,11.35
RJ,Sudeste,3301603,Duas Barras,188,2153.01,11.45
MG,Sudeste,3104106,Arceburgo,242,2150.73,8.89
SP,Sudeste,3530003,Mira Estrela,264,2149.01,8.14
MG,Sudeste,3131208,Ipanema,212,2145.72,10.12
PE,Nordeste,2608008,Jataúba,272,2145.43,7.89
RJ,Sudeste,3305133,São José de Ubá,304,2142.94,7.05
PR,Sul,4113403,Leópolis,169,2142.6,12.68
PR,Sul,4109757,Ibema,135,2135.37,15.82
RS,Sul,4306429,Dois Irmãos das Missões,99,2135.05,21.57
PR,Sul,4121257,Ramilândia,141,2133.42,15.13
SP,Sudeste,3553856,Taquarivaí,68,2132.97,31.37
RS,Sul,4306056,Cristal,229,2130.72,9.3
BA,Nordeste,2908309,Conceição do Almeida,234,2128.53,9.1
MG,Sudeste,3150604,Piracema,140,2125.51,15.18
PR,Sul,4117008,Nova Fátima,147,2125.2,14.46
TO,Norte,1720804,Sítio Novo do Tocantins,199,2124.99,10.68
PR,Sul,4119202,Pinhalão,129,2120.58,16.44
MG,Sudeste,3119955,Córrego Fundo,172,2120.08,12.33
MG,Sudeste,3165107,São Tomás de Aquino,237,2120.02,8.95
BA,Nordeste,2912905,Ibirataia,251,2119.8,8.45
SP,Sudeste,3512704,Corumbataí,164,2119.59,12.92
RS,Sul,4323200,Victor Graeff,220,2119.13,9.63
PA,Norte,1507508,São João do Araguaia,160,2119.05,13.24
MG,Sudeste,3160959,São Domingos das Dores,245,2117.88,8.64
PE,Nordeste,2615805,Tupanatinga,219,2117.29,9.67
PR,Sul,4121356,Rancho Alegre D'Oeste,168,2116.77,12.6
ES,Sudeste,3204807,São José do Calçado,234,2116.42,9.04
MG,Sudeste,3159001,Santana do Riacho,215,2113.92,9.83
PE,Nordeste,2612471,Santa Cruz da Baixa Verde,322,2112.93,6.56
BA,Nordeste,2925907,Quijingue,292,2111.42,7.23
CE,Nordeste,2307106,Jardim,199,2109.73,10.6
PI,Nordeste,2210409,São Miguel do Tapuio,257,2109.66,8.21
PE,Nordeste,2603504,Camocim de São Félix,210,2107.23,10.03
PE,Nordeste,2605459,Fernando de Noronha,56,2104.07,37.57
SC,Sul,4200903,Angelina,239,2099.62,8.79
SP,Sudeste,3534104,Oriente,200,2098.35,10.49
PE,Nordeste,2614709,Tacaimbó,140,2097.98,14.99
PI,Nordeste,2208809,Regeneração,198,2097.21,10.59
SP,Sudeste,3536257,Parisi,187,2096.94,11.21
RS,Sul,4318499,São José do Inhacorá,244,2095.75,8.59
RN,Nordeste,2411601,São Bento do Norte,63,2093.59,33.23
RS,Sul,4319703,São Valentim,196,2092.89,10.68
AL,Nordeste,2707503,Porto Real do Colégio,265,2092.69,7.9
RS,Sul,4314209,Pedro Osório,250,2091.89,8.37
MG,Sudeste,3106408,Belo Vale,128,2091.72,16.34
MG,Sudeste,3158300,Santana da Vargem,243,2090.05,8.6
BA,Nordeste,2931806,Tremedal,303,2089.57,6.9
PA,Norte,1507409,São Francisco do Pará,211,2089.54,9.9
SP,Sudeste,3535101,Palmares Paulista,493,2089.42,4.24
RS,Sul,4314456,Pinhal,111,2089.14,18.82
AC,Norte,1200179,Capixaba,138,2086.96,15.12
AL,Nordeste,2709202,Traipu,189,2081.76,11.01
MA,Nordeste,2104206,Fortuna,247,2080.03,8.42
MA,Nordeste,2107001,Montes Altos,232,2079.27,8.96
MT,Centro Oeste,5108105,Tesouro,79,2078.52,26.31
SC,Sul,4217758,Sul Brasil,123,2077.08,16.89
GO,Centro Oeste,5222302,Vila Propício,105,2074.92,19.76
GO,Centro Oeste,5211404,Itauçu,184,2074.44,11.27
SP,Sudeste,3540309,Pontes Gestal,275,2073.91,7.54
MA,Nordeste,2102358,Buritirana,210,2072.65,9.87
MG,Sudeste,3151008,Piranguinho,270,2072.03,7.67
PR,Sul,4117800,Palmital,200,2071.32,10.36
BA,Nordeste,2919926,Madre de Deus,219,2070.17,9.45
PR,Sul,4124004,Santana do Itararé,141,2068.49,14.67
RS,Sul,4305405,Chiapetta,232,2066.63,8.91
RS,Sul,4320453,Sério,101,2064.25,20.44
CE,Nordeste,2300150,Acarape,112,2063.42,18.42
RN,Nordeste,2413102,Senador Elói de Souza,95,2063.08,21.72
AL,Nordeste,2701209,Cacimbinhas,175,2062.04,11.78
SC,Sul,4202156,Belmonte,170,2060.2,12.12
RS,Sul,4308805,General Câmara,386,2049.63,5.31
TO,Norte,1716208,Paranã,151,2046.99,13.56
PR,Sul,4103040,Boa Ventura de São Roque,170,2045.25,12.03
MG,Sudeste,3155405,Rio Novo,188,2045.16,10.88
GO,Centro Oeste,5214051,Mundo Novo,206,2044.02,9.92
SC,Sul,4214300,Rancho Queimado,187,2041.64,10.92
RS,Sul,4318051,São Domingos do Sul,183,2041.12,11.15
CE,Nordeste,2304954,Guaiúba,131,2037.23,15.55
RS,Sul,4306304,David Canabarro,243,2036.56,8.38
CE,Nordeste,2301604,Assaré,233,2035.88,8.74
BA,Nordeste,2927002,Rio Real,212,2033.87,9.59
SP,Sudeste,3537156,Pedrinhas Paulista,276,2032.53,7.36
PB,Nordeste,2516102,Soledade,154,2031.73,13.19
GO,Centro Oeste,5219100,Santa Bárbara de Goiás,189,2031.61,10.75
TO,Norte,1712009,Lajeado,169,2028.35,12.0
RS,Sul,4319356,São Pedro da Serra,163,2022.55,12.41
PR,Sul,4123105,Santa Amélia,119,2019.02,16.97
RO,Norte,1100262,Rio Crespo,165,2016.77,12.22
MA,Nordeste,2108306,Penalva,218,2012.85,9.23
RS,Sul,4323101,Vicente Dutra,222,2012.51,9.07
PR,Sul,4126678,Tamarana,156,2011.28,12.89
MT,Centro Oeste,5107750,Salto do Céu,265,2010.14,7.59
PI,Nordeste,2205003,Itainópolis,266,2009.96,7.56
MG,Sudeste,3139706,Maravilhas,147,2009.08,13.67
RS,Sul,4307831,Eugênio de Castro,206,2008.12,9.75
MG,Sudeste,3117900,Congonhal,185,2006.05,10.84
TO,Norte,1707306,Dueré,124,2001.37,16.14
SC,Sul,4210407,Maracajá,191,2000.5,10.47
PB,Nordeste,2505105,Cuité,175,1999.48,11.43
RS,Sul,4314779,Pontão,119,1995.37,16.77
MA,Nordeste,2110039,Santa Luzia do Paruá,194,1995.32,10.29
PE,Nordeste,2607752,Itapissuma,234,1995.26,8.53
PR,Sul,4128534,Ventania,80,1994.7,24.93
BA,Nordeste,2920601,Maragogipe,218,1994.51,9.15
RS,Sul,4322350,União da Serra,91,1992.27,21.89
GO,Centro Oeste,5209150,Gouvelândia,239,1989.0,8.32
PA,Norte,1507201,São Domingos do Capim,170,1988.71,11.7
PB,Nordeste,2507101,Itapororoca,124,1988.54,16.04
SP,Sudeste,3553609,Tapiratiba,186,1987.87,10.69
RS,Sul,4301636,Balneário Pinhal,202,1987.04,9.84
MG,Sudeste,3141405,Medina,183,1985.54,10.85
MG,Sudeste,3102050,Alto Caparaó,265,1985.22,7.49
MG,Sudeste,3130556,Imbé de Minas,207,1984.05,9.58
MG,Sudeste,3101003,Águas Vermelhas,83,1983.28,23.89
SC,Sul,4201000,Anita Garibaldi,107,1982.5,18.53
BA,Nordeste,2915502,Itajuípe,251,1981.58,7.89
MT,Centro Oeste,5108352,Vale de São Domingos,207,1980.05,9.57
RS,Sul,4311643,Linha Nova,111,1978.04,17.82
PA,Norte,1507904,Soure,200,1977.53,9.89
PI,Nordeste,2210706,Simões,254,1977.33,7.78
MG,Sudeste,3122470,Dom Bosco,156,1976.93,12.67
GO,Centro Oeste,5216452,Perolândia,54,1975.57,36.58
PA,Norte,1501204,Baião,187,1973.57,10.55
RR,Norte,1400308,Mucajaí,131,1970.64,15.04
RO,Norte,1100072,Corumbiara,220,1970.4,8.96
SC,Sul,4212056,Palmeira,38,1969.58,51.83
MG,Sudeste,3144508,Nazareno,159,1968.02,12.38
MA,Nordeste,2106300,Magalhães de Almeida,174,1967.91,11.31
MG,Sudeste,3106903,Bicas,211,1967.54,9.32
BA,Nordeste,2926103,Retirolândia,288,1965.58,6.82
MG,Sudeste,3118205,Conquista,253,1964.95,7.77
RN,Nordeste,2407302,Marcelino Vieira,274,1962.94,7.16
PR,Sul,4103156,Bom Jesus do Sul,170,1962.75,11.55
TO,Norte,1703008,Babaçulândia,219,1962.49,8.96
TO,Norte,1702406,Arraias,164,1961.01,11.96
SC,Sul,4201950,Balneário Arroio do Silva,249,1959.43,7.87
PI,Nordeste,2205102,Itaueira,289,1959.1,6.78
MG,Sudeste,3113602,Careaçu,130,1957.78,15.06
RS,Sul,4307450,Esperança do Sul,233,1957.02,8.4
SP,Sudeste,3509452,Campina do Monte Alegre,92,1956.11,21.26
CE,Nordeste,2304301,Farias Brito,224,1953.27,8.72
PE,Nordeste,2603801,Capoeiras,255,1951.94,7.65
AM,Norte,1304203,Tefé,73,1951.83,26.74
SP,Sudeste,3523008,Itapura,329,1949.35,5.93
PR,Sul,4121307,Rancho Alegre,256,1946.5,7.6
BA,Nordeste,2924306,Piatã,221,1945.09,8.8
RS,Sul,4313102,Nova Palma,268,1944.28,7.25
PR,Sul,4128658,Virmond,151,1944.23,12.88
PE,Nordeste,2601409,Barreiros,168,1943.97,11.57
MA,Nordeste,2102200,Buriti,164,1943.24,11.85
PR,Sul,4128625,Alto Paraíso,219,1942.37,8.87
PE,Nordeste,2612455,Santa Cruz,265,1942.07,7.33
RN,Nordeste,2400307,Afonso Bezerra,239,1941.96,8.13
SP,Sudeste,3542008,Quintana,297,1941.11,6.54
MG,Sudeste,3111408,Campo Florido,174,1940.91,11.15
PR,Sul,4117271,Nova Tebas,150,1940.2,12.93
RS,Sul,4313425,Novo Machado,239,1937.29,8.11
RS,Sul,4315453,Relvado,155,1936.28,12.49
GO,Centro Oeste,5206305,Cristianópolis,113,1935.48,17.13
MA,Nordeste,2102754,Capinzal do Norte,215,1933.87,8.99
MG,Sudeste,3117504,Conceição do Mato Dentro,152,1932.08,12.71
MG,Sudeste,3142601,Monsenhor Paulo,207,1931.91,9.33
MT,Centro Oeste,5103361,Conquista D'Oeste,242,1931.47,7.98
PB,Nordeste,2500205,Aguiar,65,1929.87,29.69
SP,Sudeste,3547007,Santa Maria da Serra,143,1928.28,13.48
RS,Sul,4304622,Capão Bonito do Sul,96,1926.39,20.07
RN,Nordeste,2401701,Bom Jesus,222,1925.01,8.67
AL,Nordeste,2704807,Maribondo,207,1924.93,9.3
RN,Nordeste,2401404,Baía Formosa,223,1924.83,8.63
SP,Sudeste,3523701,Itirapuã,215,1924.71,8.95
BA,Nordeste,2901353,Andorinha,321,1922.75,5.99
RS,Sul,4319752,São Vendelino,199,1922.63,9.66
BA,Nordeste,2910776,Feira da Mata,227,1922.23,8.47
BA,Nordeste,2933174,Varzedo,181,1922.02,10.62
SP,Sudeste,3554706,Torrinha,147,1921.92,13.07
CE,Nordeste,2313559,Tururu,76,1920.54,25.27
AM,Norte,1300706,Boca do Acre,147,1919.91,13.06
MG,Sudeste,3138674,Luisburgo,237,1916.56,8.09
PR,Sul,4117404,Ourizona,174,1916.18,11.01
MT,Centro Oeste,5107776,Santa Terezinha,213,1911.47,8.97
MT,Centro Oeste,5107404,São Pedro da Cipa,269,1910.19,7.1
PA,Norte,1505635,Piçarra,161,1909.27,11.86
PB,Nordeste,2511400,Picuí,289,1908.42,6.6
MG,Sudeste,3116902,Comendador Gomes,203,1908.26,9.4
SP,Sudeste,3520707,Indiaporã,260,1908.09,7.34
TO,Norte,1703800,Buriti do Tocantins,189,1907.72,10.09
SP,Sudeste,3507753,Brejo Alegre,161,1905.19,11.83
SC,Sul,4201802,Atalanta,188,1902.67,10.12
MG,Sudeste,3111309,Campo do Meio,190,1901.4,10.01
SC,Sul,4210852,Mirim Doce,116,1899.21,16.37
MG,Sudeste,3134806,Jacuí,260,1899.05,7.3
BA,Nordeste,2929107,São Felipe,224,1897.02,8.47
RS,Sul,4312617,Muitos Capões,121,1894.12,15.65
GO,Centro Oeste,5209606,Heitoraí,110,1893.7,17.22
BA,Nordeste,2924801,Piritiba,239,1884.59,7.89
RS,Sul,4312179,Mato Queimado,199,1883.72,9.47
MG,Sudeste,3123858,Entre Folhas,223,1882.71,8.44
BA,Nordeste,2904704,Buerarema,235,1881.73,8.01
RN,Nordeste,2412807,São Rafael,265,1878.3,7.09
RN,Nordeste,2405108,Jandaíra,120,1877.91,15.65
BA,Nordeste,2929206,São Francisco do Conde,213,1877.77,8.82
RS,Sul,4323754,Vitória das Missões,295,1876.91,6.36
PR,Sul,4113429,Lidianópolis,146,1871.86,12.82
PR,Sul,4102752,Bela Vista da Caroba,189,1871.53,9.9
PI,Nordeste,2205581,Lagoa do Piauí,94,1870.04,19.89
BA,Nordeste,2925253,Ponto Novo,213,1868.72,8.77
MG,Sudeste,3139102,Madre de Deus de Minas,144,1868.4,12.98
SC,Sul,4215604,Santa Rosa de Lima,126,1866.66,14.81
SP,Sudeste,3541653,Quadra,146,1866.56,12.78
MA,Nordeste,2111706,São Vicente Ferrer,145,1866.56,12.87
BA,Nordeste,2900504,Érico Cardoso,289,1866.4,6.46
SC,Sul,4215356,Saltinho,139,1863.19,13.4
PE,Nordeste,2615201,Terra Nova,270,1862.96,6.9
BA,Nordeste,2929602,Sapeaçu,207,1860.4,8.99
PI,Nordeste,2204204,Francisco Santos,324,1860.09,5.74
SC,Sul,4202701,Botuverá,245,1857.87,7.58
PR,Sul,4111704,Jaboti,156,1857.25,11.91
AP,Norte,1600402,Mazagão,144,1854.86,12.88
MT,Centro Oeste,5107297,São José do Povo,237,1854.2,7.82
RS,Sul,4306320,Derrubadas,224,1853.5,8.27
RS,Sul,4314753,Poço das Antas,133,1853.46,13.94
RS,Sul,4313466,Novo Xingu,152,1851.79,12.18
TO,Norte,1717503,Pium,148,1849.79,12.5
RS,Sul,4323358,Vila Lângaro,99,1849.15,18.68
MG,Sudeste,3162575,São João do Manteninha,222,1845.83,8.31
MG,Sudeste,3149606,Pequi,123,1841.02,14.97
MG,Sudeste,3150802,Piranga,121,1840.98,15.21
RN,Nordeste,2409100,Passa e Fica,170,1837.08,10.81
TO,Norte,1705557,Combinado,197,1834.86,9.31
SE,Nordeste,2805505,Poço Verde,170,1833.94,10.79
MA,Nordeste,2100477,Alto Alegre do Pindaré,217,1830.53,8.44
RN,Nordeste,2410108,Poço Branco,168,1829.1,10.89
MG,Sudeste,3119203,Coroaci,223,1827.25,8.19
SE,Nordeste,2805307,Pirambu,96,1825.04,19.01
SE,Nordeste,2801504,Carmópolis,78,1824.54,23.39
SP,Sudeste,3520806,Inúbia Paulista,227,1823.9,8.03
PR,Sul,4113759,Lunardelli,205,1821.95,8.89
MG,Sudeste,3130408,Ijaci,244,1821.28,7.46
SC,Sul,4215687,Santa Terezinha do Progresso,89,1819.52,20.44
SE,Nordeste,2804102,Moita Bonita,172,1819.51,10.58
SP,Sudeste,3544608,Sabino,235,1818.43,7.74
PR,Sul,4111258,Itaperuçu,86,1817.18,21.13
PR,Sul,4110078,Imbaú,76,1816.13,23.9
RS,Sul,4314308,Pejuçara,279,1815.52,6.51
PE,Nordeste,2612703,Santa Maria do Cambucá,190,1813.99,9.55
MG,Sudeste,3131802,Itabirinha,259,1813.33,7.0
MG,Sudeste,3122504,Dom Cavati,218,1812.59,8.31
SP,Sudeste,3533700,Ocauçu,212,1812.53,8.55
SP,Sudeste,3555356,Ubarana,221,1810.09,8.19
MG,Sudeste,3138609,Lima Duarte,149,1809.33,12.14
PB,Nordeste,2516300,Sumé,190,1809.14,9.52
PE,Nordeste,2600906,Amaraji,170,1809.05,10.64
SC,Sul,4218855,União do Oeste,141,1807.1,12.82
PB,Nordeste,2513208,Santa Cruz,163,1806.96,11.09
SC,Sul,4218350,Treviso,237,1806.5,7.62
PB,Nordeste,2501906,Belém,102,1804.29,17.69
TO,Norte,1702307,Arapoema,157,1802.48,11.48
GO,Centro Oeste,5206602,Cumari,175,1802.24,10.3
PR,Sul,4107736,Fernandes Pinheiro,98,1801.73,18.39
SP,Sudeste,3516507,Gabriel Monteiro,206,1801.05,8.74
SP,Sudeste,3515905,Floreal,244,1800.26,7.38
PR,Sul,4108106,Flórida,178,1799.93,10.11
RR,Norte,1400472,Rorainópolis,113,1798.35,15.91
MA,Nordeste,2102705,Cantanhede,170,1795.75,10.56
PB,Nordeste,2515500,Serra Branca,147,1795.2,12.21
MG,Sudeste,3124401,Espírito Santo do Dourado,149,1793.51,12.04
PB,Nordeste,2513984,São Francisco,106,1792.94,16.91
GO,Centro Oeste,5201603,Araçu,87,1792.85,20.61
RS,Sul,4305454,Cidreira,246,1790.1,7.28
SC,Sul,4210308,Major Vieira,179,1789.94,10.0
PB,Nordeste,2503803,Caldas Brandão,33,1789.88,54.24
SP,Sudeste,3553104,Taiaçu,182,1788.65,9.83
SP,Sudeste,3534005,Onda Verde,177,1783.24,10.07
PI,Nordeste,2208205,Pio IX,258,1783.09,6.91
BA,Nordeste,2932200,Ubaitaba,203,1782.73,8.78
BA,Nordeste,2919306,Lençóis,171,1780.09,10.41
PE,Nordeste,2613800,São Vicente Ferrer,99,1779.16,17.97
PR,Sul,4100459,Altamira do Paraná,111,1779.08,16.03
TO,Norte,1703842,Campos Lindos,140,1778.72,12.71
SP,Sudeste,3506300,Bernardino de Campos,199,1777.97,8.93
RS,Sul,4312005,Mariano Moro,102,1777.04,17.42
SP,Sudeste,3549003,São Francisco,229,1774.7,7.75
PE,Nordeste,2600401,Água Preta,161,1771.2,11.0
MG,Sudeste,3153806,Queluzito,53,1771.19,33.42
PE,Nordeste,2604304,Cedro,263,1770.31,6.73
SC,Sul,4217154,São Miguel da Boa Vista,138,1768.51,12.82
RS,Sul,4304697,Capitão,113,1766.36,15.63
GO,Centro Oeste,5207907,Flores de Goiás,159,1766.28,11.11
SC,Sul,4202131,Bela Vista do Toldo,171,1766.15,10.33
GO,Centro Oeste,5208509,Goiandira,234,1766.08,7.55
PI,Nordeste,2206209,Miguel Alves,231,1765.58,7.64
PE,Nordeste,2610202,Panelas,266,1761.71,6.62
MG,Sudeste,3169208,Tombos,285,1759.97,6.18
TO,Norte,1702901,Axixá do Tocantins,184,1756.88,9.55
RS,Sul,4303608,Cambará do Sul,161,1756.25,10.91
RJ,Sudeste,3304607,Santa Maria Madalena,157,1755.33,11.18
RO,Norte,1101468,Pimenteiras do Oeste,22,1755.07,79.78
BA,Nordeste,2922250,Muquém de São Francisco,192,1753.1,9.13
MG,Sudeste,3157252,Santa Bárbara do Leste,215,1752.02,8.15
MT,Centro Oeste,5102694,Canabrava do Norte,132,1751.86,13.27
SP,Sudeste,3519204,Iacri,253,1750.43,6.92
MG,Sudeste,3102100,Alto Rio Doce,213,1748.0,8.21
AL,Nordeste,2708501,São Luís do Quitunde,157,1747.83,11.13
TO,Norte,1706100,Cristalândia,198,1747.75,8.83
GO,Centro Oeste,5207535,Faina,122,1747.5,14.32
SP,Sudeste,3502408,Anhumas,263,1747.21,6.64
AL,Nordeste,2705200,Messias,136,1746.87,12.84
BA,Nordeste,2905156,Caetanos,214,1746.52,8.16
SE,Nordeste,2802304,Frei Paulo,149,1744.48,11.71
MG,Sudeste,3116407,Claraval,205,1740.88,8.49
TO,Norte,1720655,Silvanópolis,144,1739.67,12.08
CE,Nordeste,2306603,Itatira,151,1739.33,11.52
GO,Centro Oeste,5210604,Itaguaru,205,1738.68,8.48
CE,Nordeste,2311108,Porteiras,153,1737.71,11.36
RJ,Sudeste,3304409,Rio Claro,137,1737.05,12.68
AL,Nordeste,2704104,Lagoa da Canoa,181,1733.81,9.58
RS,Sul,4312955,Nova Boa Vista,212,1731.94,8.17
MG,Sudeste,3112653,Capitão Andrade,242,1731.5,7.15
MG,Sudeste,3154150,Reduto,191,1731.43,9.07
RN,Nordeste,2413904,Taipu,168,1729.25,10.29
SP,Sudeste,3526100,Juquiá,204,1729.2,8.48
RS,Sul,4300455,Alegria,220,1728.04,7.85
SP,Sudeste,3522000,Itaju,126,1725.71,13.7
SC,Sul,4212403,Pedras Grandes,86,1724.84,20.06
SP,Sudeste,3510906,Cássia dos Coqueiros,84,1723.78,20.52
SP,Sudeste,3527702,Luiziânia,297,1722.56,5.8
SP,Sudeste,3511201,Catiguá,305,1722.47,5.65
MG,Sudeste,3122702,Dom Silvério,119,1718.14,14.44
BA,Nordeste,2910750,Fátima,222,1716.47,7.73
MG,Sudeste,3138005,Laranjal,235,1714.82,7.3
SP,Sudeste,3529906,Miracatu,152,1714.77,11.28
MG,Sudeste,3127354,Glaucilândia,63,1713.92,27.21
BA,Nordeste,2921450,Mirante,224,1713.37,7.65
SP,Sudeste,3520426,Ilha Comprida,185,1712.08,9.25
TO,Norte,1707207,Dois Irmãos do Tocantins,182,1709.43,9.39
BA,Nordeste,2927309,Salinas da Margarida,218,1706.93,7.83
PB,Nordeste,2509800,Mulungu,84,1706.72,20.32
GO,Centro Oeste,5210802,Itajá,163,1705.15,10.46
SP,Sudeste,3540259,Pontalinda,191,1704.9,8.93
SP,Sudeste,3518008,Guarani D'Oeste,164,1704.57,10.39
SP,Sudeste,3554953,Tuiuti,176,1704.55,9.68
RS,Sul,4303202,Cacique Doble,254,1703.88,6.71
RN,Nordeste,2400604,Almino Afonso,190,1703.48,8.97
PE,Nordeste,2604403,Chã de Alegria,111,1702.04,15.33
PR,Sul,4110052,Iguatu,64,1701.31,26.58
SC,Sul,4211256,Morro Grande,62,1699.88,27.42
RS,Sul,4300851,Arambaré,152,1698.08,11.17
MG,Sudeste,3135308,Japaraíba,262,1697.99,6.48
SP,Sudeste,3509106,Caiuá,243,1697.07,6.98
SP,Sudeste,3510104,Cândido Rodrigues,179,1694.62,9.47
RS,Sul,4305934,Coronel Pilar,104,1693.69,16.29
MA,Nordeste,2106508,Matinha,177,1693.5,9.57
BA,Nordeste,2924058,Pé de Serra,215,1693.26,7.88
PA,Norte,1500958,Aurora do Pará,134,1692.9,12.63
MG,Sudeste,3116159,Chapada Gaúcha,184,1691.78,9.19
RN,Nordeste,2404002,Frutuoso Gomes,218,1691.0,7.76
SP,Sudeste,3547205,Santana da Ponte Pensa,159,1690.19,10.63
MG,Sudeste,3121902,Divinésia,161,1688.58,10.49
MG,Sudeste,3120839,Cuparaque,254,1686.95,6.64
MG,Sudeste,3157104,Salto da Divisa,94,1686.61,17.94
AC,Norte,1200138,Bujari,157,1686.44,10.74
SP,Sudeste,3555307,Turmalina,202,1685.18,8.34
SP,Sudeste,3556354,Vargem,176,1685.14,9.57
RO,Norte,1100908,Castanheiras,113,1684.12,14.9
RS,Sul,4312252,Minas do Leão,152,1683.64,11.08
MA,Nordeste,2102077,Bom Lugar,215,1682.92,7.83
MT,Centro Oeste,5107198,Ribeirãozinho,170,1682.91,9.9
RN,Nordeste,2411908,São Francisco do Oeste,256,1682.65,6.57
MG,Sudeste,3128402,Guarani,189,1681.86,8.9
RS,Sul,4308052,Faxinalzinho,121,1681.79,13.9
PR,Sul,4107553,Farol,132,1680.66,12.73
MA,Nordeste,2105989,Lajeado Novo,159,1679.29,10.56
MG,Sudeste,3153707,Quartel Geral,67,1679.12,25.06
BA,Nordeste,2909000,Cordeiros,232,1678.97,7.24
SP,Sudeste,3500402,Águas da Prata,164,1678.82,10.24
MA,Nordeste,2101772,Bela Vista do Maranhão,186,1678.14,9.02
PI,Nordeste,2204352,Geminiano,178,1677.44,9.42
PA,Norte,1504406,Marapanim,210,1677.38,7.99
MT,Centro Oeste,5101001,Araguaiana,183,1677.29,9.17
SC,Sul,4202578,Bom Jesus do Oeste,114,1676.93,14.71
PA,Norte,1504307,Maracanã,114,1676.58,14.71
RS,Sul,4320230,Sede Nova,205,1676.25,8.18
PA,Norte,1506559,Santa Luzia do Pará,179,1674.6,9.36
GO,Centro Oeste,5219209,Santa Cruz de Goiás,107,1674.4,15.65
MT,Centro Oeste,5107263,Santo Afonso,174,1674.17,9.62
SC,Sul,4204152,Celso Ramos,114,1672.31,14.67
TO,Norte,1700400,Almas,156,1671.8,10.72
RS,Sul,4307815,Estrela Velha,229,1669.47,7.29
BA,Nordeste,2912301,Ibicuí,192,1669.03,8.69
MT,Centro Oeste,5107743,Santa Cruz do Xingu,72,1666.09,23.14
RJ,Sudeste,3302452,Macuco,184,1662.93,9.04
RS,Sul,4322558,Vanini,129,1662.74,12.89
PB,Nordeste,2512200,Prata,47,1661.05,35.34
SC,Sul,4202537,Bom Jesus,56,1660.6,29.65
PE,Nordeste,2613305,São Joaquim do Monte,195,1658.93,8.51
RS,Sul,4305116,Centenário,143,1658.9,11.6
PR,Sul,4107520,Esperança Nova,137,1656.08,12.09
PR,Sul,4104105,Campo do Tenente,121,1654.98,13.68
RS,Sul,4313490,Novo Barreiro,219,1654.89,7.56
RS,Sul,4305835,Coqueiro Baixo,128,1654.56,12.93
MT,Centro Oeste,5106851,Porto Estrela,175,1652.44,9.44
MG,Sudeste,3169802,Turvolândia,149,1651.85,11.09
RS,Sul,4321626,Travesseiro,133,1649.98,12.41
RN,Nordeste,2404903,Itaú,237,1648.85,6.96
RN,Nordeste,2402709,Cerro Corá,158,1645.39,10.41
BA,Nordeste,2902609,Baixa Grande,187,1645.24,8.8
RS,Sul,4308433,Forquetinha,185,1644.11,8.89
PA,Norte,1503507,Irituia,167,1643.93,9.84
SP,Sudeste,3526209,Juquitiba,171,1642.43,9.6
PB,Nordeste,2507408,Jericó,219,1639.58,7.49
SP,Sudeste,3545506,Sandovalina,329,1638.89,4.98
RS,Sul,4320859,Tabaí,159,1635.77,10.29
GO,Centro Oeste,5218052,Porteirão,140,1635.72,11.68
SP,Sudeste,3518909,Guzolândia,265,1635.28,6.17
PB,Nordeste,2516003,Solânea,170,1634.31,9.61
MG,Sudeste,3148301,Paula Cândido,211,1632.69,7.74
MG,Sudeste,3125309,Faria Lemos,92,1632.46,17.74
PE,Nordeste,2606507,Iati,193,1632.14,8.46
PR,Sul,4103354,Braganey,111,1631.85,14.7
RS,Sul,4322327,Turuçu,143,1631.69,11.41
GO,Centro Oeste,5215207,Novo Brasil,179,1630.64,9.11
RN,Nordeste,2403202,Doutor Severiano,209,1630.0,7.8
PR,Sul,4118600,Paula Freitas,125,1629.72,13.04
RS,Sul,4306759,Doutor Ricardo,116,1629.26,14.05
CE,Nordeste,2300903,Apuiarés,150,1629.26,10.86
RS,Sul,4300034,Aceguá,131,1629.18,12.44
SP,Sudeste,3516101,Florínea,229,1628.74,7.11
MG,Sudeste,3117801,Conceição dos Ouros,188,1627.36,8.66
RN,Nordeste,2405207,Janduís,210,1627.08,7.75
PI,Nordeste,2204303,Fronteiras,286,1623.22,5.68
MG,Sudeste,3120805,Cruzília,144,1619.64,11.25
MG,Sudeste,3156809,Sabinópolis,123,1617.91,13.15
MG,Sudeste,3110707,Cambuquira,271,1616.53,5.97
BA,Nordeste,2908002,Coaraci,210,1616.48,7.7
AL,Nordeste,2708303,São José da Laje,217,1615.34,7.44
PA,Norte,1501907,Bujaru,143,1614.27,11.29
BA,Nordeste,2924702,Piripá,209,1614.05,7.72
SP,Sudeste,3536802,Pedra Bela,138,1613.38,11.69
PI,Nordeste,2203404,Dom Expedito Lopes,186,1611.87,8.67
TO,Norte,1707702,Filadélfia,137,1610.81,11.76
BA,Nordeste,2933158,Várzea Nova,164,1610.71,9.82
MG,Sudeste,3149952,Periquito,230,1610.31,7.0
BA,Nordeste,2911857,Heliópolis,230,1608.16,6.99
CE,Nordeste,2308203,Meruoca,175,1608.07,9.19
PR,Sul,4120309,Porto Vitória,87,1606.72,18.47
PR,Sul,4104055,Campo Bonito,103,1605.41,15.59
RS,Sul,4319711,São Valentim do Sul,101,1605.28,15.89
MG,Sudeste,3115706,Central de Minas,215,1605.02,7.47
RS,Sul,4315750,Riozinho,220,1603.77,7.29
GO,Centro Oeste,5200605,Alto Paraíso de Goiás,165,1598.04,9.69
MG,Sudeste,3146552,Pai Pedro,84,1597.29,19.02
GO,Centro Oeste,5221551,Turvelândia,149,1596.56,10.72
TO,Norte,1708304,Goianorte,180,1594.75,8.86
GO,Centro Oeste,5203939,Buriti de Goiás,154,1593.83,10.35
PE,Nordeste,2616100,Verdejante,222,1592.54,7.17
SP,Sudeste,3547403,Santa Rita D'Oeste,242,1592.37,6.58
BA,Nordeste,2909604,Crisópolis,213,1590.39,7.47
SP,Sudeste,3543204,Ribeirão do Sul,180,1590.36,8.84
SC,Sul,4204558,Correia Pinto,173,1586.9,9.17
SP,Sudeste,3551108,Sarapuí,177,1582.7,8.94
MG,Sudeste,3168309,Taquaraçu de Minas,188,1578.8,8.4
CE,Nordeste,2307635,Madalena,151,1578.25,10.45
RS,Sul,4304614,Canudos do Vale,87,1578.22,18.14
SP,Sudeste,3501152,Alumínio,250,1572.05,6.29
PI,Nordeste,2200608,Angical do Piauí,163,1571.54,9.64
CE,Nordeste,2310001,Palhano,175,1568.68,8.96
PI,Nordeste,2210052,São José do Divino,187,1568.56,8.39
BA,Nordeste,2902658,Banzaê,157,1566.74,9.98
PB,Nordeste,2504504,Condado,192,1566.69,8.16
SP,Sudeste,3519501,Ibirarema,199,1566.36,7.87
PR,Sul,4124707,São Jerônimo da Serra,154,1566.21,10.17
RS,Sul,4312450,Morro Redondo,257,1564.86,6.09
MG,Sudeste,3140530,Martins Soares,170,1561.47,9.19
RN,Nordeste,2407609,Messias Targino,227,1561.22,6.88
MA,Nordeste,2105906,Lago Verde,213,1561.18,7.33
BA,Nordeste,2928059,Santa Luzia,156,1560.56,10.0
CE,Nordeste,2312601,São Luís do Curu,143,1559.48,10.91
SP,Sudeste,3524907,Jambeiro,164,1557.2,9.5
BA,Nordeste,2917805,Jaguaripe,185,1552.38,8.39
SP,Sudeste,3551801,Sete Barras,130,1551.17,11.93
RS,Sul,4310652,Itati,106,1550.34,14.63
PE,Nordeste,2611903,Rio Formoso,142,1549.06,10.91
RN,Nordeste,2409803,Pedro Velho,173,1548.57,8.95
MG,Sudeste,3104809,Augusto de Lima,87,1548.28,17.8
PE,Nordeste,2612307,Saloá,146,1547.84,10.6
MG,Sudeste,3134004,Itinga,167,1544.31,9.25
MG,Sudeste,3152709,Prados,184,1543.31,8.39
BA,Nordeste,2903235,Barro Alto,157,1542.9,9.83
ES,Sudeste,3200508,Apiacá,222,1542.6,6.95
MG,Sudeste,3168051,Taparuba,148,1541.82,10.42
BA,Nordeste,2903805,Boa Vista do Tupim,189,1539.62,8.15
MG,Sudeste,3119708,Coronel Xavier Chaves,138,1539.11,11.15
PR,Sul,4125555,São Manoel do Paraná,117,1535.89,13.13
RN,Nordeste,2406908,Lucrécia,195,1535.81,7.88
MA,Nordeste,2110401,São Benedito do Rio Preto,131,1535.76,11.72
RS,Sul,4320578,Sete de Setembro,153,1535.31,10.03
SP,Sudeste,3503950,Aspásia,133,1534.65,11.54
SC,Sul,4212270,Passos Maia,99,1529.48,15.45
MA,Nordeste,2103901,Duque Bacelar,127,1529.43,12.04
GO,Centro Oeste,5220009,São João D'Aliança,86,1528.51,17.77
PA,Norte,1503101,Gurupá,162,1528.26,9.43
BA,Nordeste,2913507,Iguaí,176,1526.73,8.67
MG,Sudeste,3166907,Serrania,99,1526.63,15.42
SC,Sul,4202099,Barra Bonita,107,1525.64,14.26
MG,Sudeste,3141504,Mendes Pimentel,190,1525.19,8.03
ES,Sudeste,3201100,Bom Jesus do Norte,208,1525.0,7.33
PA,Norte,1507755,Sapucaia,137,1521.73,11.11
RN,Nordeste,2410306,Serra Caiada,150,1519.66,10.13
CE,Nordeste,2305100,Guaramiranga,134,1518.82,11.33
BA,Nordeste,2918209,Jiquiriçá,165,1518.17,9.2
PI,Nordeste,2202406,Capitão de Campos,185,1517.06,8.2
MG,Sudeste,3167103,Serro,117,1516.32,12.96
MG,Sudeste,3163904,São Pedro da União,153,1515.31,9.9
RS,Sul,4304101,Campos Borges,96,1514.86,15.78
PA,Norte,1505007,Nova Timboteua,171,1514.67,8.86
AL,Nordeste,2707602,Quebrangulo,95,1514.05,15.94
RS,Sul,4306130,Cruzaltense,158,1513.9,9.58
RS,Sul,4306957,Entre Rios do Sul,153,1513.53,9.89
PA,Norte,1504950,Nova Esperança do Piriá,125,1512.77,12.1
SP,Sudeste,3548203,Santo Antônio do Pinhal,173,1512.11,8.74
PR,Sul,4115903,Mirador,92,1510.43,16.42
RN,Nordeste,2408409,Olho-D'Água do Borges,201,1509.75,7.51
RR,Norte,1400209,Caracaraí,105,1507.46,14.36
PR,Sul,4122206,Rio Branco do Sul,96,1506.61,15.69
MG,Sudeste,3154804,Rio Acima,196,1506.45,7.69
AL,Nordeste,2701308,Cajueiro,164,1505.69,9.18
MG,Sudeste,3126406,Fortuna de Minas,104,1505.34,14.47
MG,Sudeste,3112901,Caputira,159,1504.18,9.46
AL,Nordeste,2700805,Belém,91,1503.57,16.52
BA,Nordeste,2911659,Guajeru,275,1502.5,5.46
GO,Centro Oeste,5204607,Campestre de Goiás,78,1501.76,19.25
TO,Norte,1718865,Santa Fé do Araguaia,145,1499.02,10.34
RS,Sul,4305132,Cerro Branco,224,1497.07,6.68
RN,Nordeste,2411809,São Fernando,123,1496.98,12.17
PA,Norte,1505205,Oeiras do Pará,175,1496.38,8.55
AL,Nordeste,2702009,Coité do Nóia,177,1496.33,8.45
MG,Sudeste,3105509,Barão de Monte Alto,192,1496.25,7.79
RJ,Sudeste,3302304,Laje do Muriaé,170,1495.6,8.8
PE,Nordeste,2601805,Betânia,269,1494.41,5.56
BA,Nordeste,2930600,Serrolândia,187,1494.31,7.99
PB,Nordeste,2503308,Cachoeira dos Índios,177,1491.65,8.43
SE,Nordeste,2801405,Carira,137,1490.9,10.88
RN,Nordeste,2413003,São Vicente,209,1489.82,7.13
RN,Nordeste,2414159,Tenente Laurentino Cruz,160,1489.53,9.31
SC,Sul,4217253,São Pedro de Alcântara,168,1489.19,8.86
SP,Sudeste,3529104,Marinópolis,204,1488.9,7.3
CE,Nordeste,2308906,Morrinhos,166,1487.61,8.96
PR,Sul,4122107,Rio Bom,84,1487.35,17.71
SC,Sul,4202503,Bom Jardim da Serra,131,1486.98,11.35
SC,Sul,4213906,Presidente Castello Branco,105,1485.05,14.14
SC,Sul,4211108,Monte Castelo,101,1483.94,14.69
MG,Sudeste,3146404,Paineiras,173,1483.51,8.58
GO,Centro Oeste,5212006,Jaupaci,142,1482.01,10.44
SP,Sudeste,3551405,Serra Azul,171,1481.52,8.66
SC,Sul,4219853,Zortéa,132,1480.02,11.21
RS,Sul,4321469,Tio Hugo,116,1479.52,12.75
MG,Sudeste,3105905,Barroso,201,1477.12,7.35
MG,Sudeste,3165578,Senador Amaral,137,1475.97,10.77
PR,Sul,4115457,Marquinho,129,1474.87,11.43
TO,Norte,1703701,Brejinho de Nazaré,117,1472.72,12.59
AL,Nordeste,2704609,Maravilha,109,1471.31,13.5
RS,Sul,4306353,Dezesseis de Novembro,199,1471.18,7.39
PI,Nordeste,2205151,Jacobina do Piauí,169,1470.62,8.7
TO,Norte,1713809,Palmeiras do Tocantins,107,1469.48,13.73
MG,Sudeste,3157500,Santa Efigênia de Minas,60,1468.99,24.48
BA,Nordeste,2916203,Itapé,135,1467.46,10.87
RS,Sul,4305504,Ciríaco,191,1467.18,7.68
TO,Norte,1710508,Itacajá,114,1466.28,12.86
BA,Nordeste,2900306,Acajutiba,170,1465.79,8.62
MG,Sudeste,3165503,Sardoá,180,1465.24,8.14
MG,Sudeste,3170529,Urucuia,107,1464.98,13.69
SE,Nordeste,2801306,Capela,131,1464.78,11.18
MG,Sudeste,3140308,Marliéria,162,1464.74,9.04
SC,Sul,4201109,Anitápolis,107,1464.27,13.68
RS,Sul,4314472,Pinhal Grande,239,1462.99,6.12
RS,Sul,4315057,Porto Mauá,226,1462.76,6.47
SP,Sudeste,3508207,Buritizal,220,1460.8,6.64
SP,Sudeste,3521101,Ipeúna,172,1459.94,8.49
RS,Sul,4302238,Boa Vista do Incra,133,1459.75,10.98
CE,Nordeste,2310605,Penaforte,157,1459.65,9.3
MG,Sudeste,3129202,Heliodora,131,1457.78,11.13
SC,Sul,4205357,Flor do Sertão,58,1456.92,25.12
RN,Nordeste,2411007,Rodolfo Fernandes,190,1456.54,7.67
PB,Nordeste,2514008,São João do Cariri,44,1456.53,33.1
PE,Nordeste,2603306,Calçado,122,1455.64,11.93
BA,Nordeste,2908804,Contendas do Sincorá,181,1455.4,8.04
PB,Nordeste,2509206,Massaranduba,65,1454.68,22.38
MG,Sudeste,3164431,São Sebastião da Vargem Alegre,198,1453.9,7.34
BA,Nordeste,2927606,Santa Brígida,221,1452.55,6.57
RR,Norte,1400175,Cantá,134,1452.53,10.84
MG,Sudeste,3100609,Água Boa,146,1451.53,9.94
MG,Sudeste,3141306,Medeiros,109,1451.32,13.31
BA,Nordeste,2904407,Brejolândia,284,1449.97,5.11
SP,Sudeste,3528700,Marabá Paulista,198,1447.74,7.31
MG,Sudeste,3120508,Cristina,112,1447.48,12.92
MG,Sudeste,3164407,São Sebastião da Bela Vista,141,1447.27,10.26
AL,Nordeste,2702801,Flexeiras,111,1446.24,13.03
AP,Norte,1600535,Porto Grande,124,1446.15,11.66
SP,Sudeste,3533205,Nova Independência,224,1446.05,6.46
PE,Nordeste,2601003,Angelim,125,1445.29,11.56
GO,Centro Oeste,5221908,Varjão,115,1444.34,12.56
RS,Sul,4310850,Jaboticaba,150,1443.15,9.62
BA,Nordeste,2906857,Capela do Alto Alegre,197,1440.89,7.31
SC,Sul,4204459,Coronel Martins,108,1439.63,13.33
TO,Norte,1720978,Talismã,124,1437.19,11.59
GO,Centro Oeste,5203609,Brazabrantes,89,1434.95,16.12
PI,Nordeste,2205300,Jerumenha,76,1427.54,18.78
MG,Sudeste,3170438,União de Minas,155,1426.65,9.2
SP,Sudeste,3548302,Santo Expedito,343,1426.36,4.16
CE,Nordeste,2306207,Itaiçaba,116,1422.95,12.27
MG,Sudeste,3142304,Moeda,145,1421.81,9.81
MG,Sudeste,3123809,Engenheiro Navarro,107,1419.8,13.27
MG,Sudeste,3152303,Porto Firme,159,1419.09,8.93
TO,Norte,1700301,Aguiarnópolis,93,1417.19,15.24
MT,Centro Oeste,5106174,Nova Nazaré,135,1416.41,10.49
RS,Sul,4312427,Mormaço,140,1415.2,10.11
CE,Nordeste,2310951,Pires Ferreira,180,1414.27,7.86
RS,Sul,4316733,Santa Cecília do Sul,78,1414.24,18.13
SC,Sul,4210209,Major Gercino,131,1410.52,10.77
PB,Nordeste,2512804,Riacho dos Cavalos,163,1408.51,8.64
MA,Nordeste,2101939,Bernardo do Mearim,174,1408.09,8.09
GO,Centro Oeste,5201454,Aparecida do Rio Doce,81,1406.45,17.36
SP,Sudeste,3531001,Monções,158,1406.16,8.9
PB,Nordeste,2502003,Belém do Brejo do Cruz,191,1405.84,7.36
MT,Centro Oeste,5103908,General Carneiro,130,1403.67,10.8
SP,Sudeste,3530904,Mombuca,173,1403.35,8.11
MG,Sudeste,3148707,Pedra Azul,134,1402.66,10.47
SE,Nordeste,2803609,Laranjeiras,112,1399.66,12.5
SP,Sudeste,3520301,Iguape,169,1399.55,8.28
PR,Sul,4120333,Prado Ferreira,99,1398.68,14.13
RN,Nordeste,2400901,Antônio Martins,187,1397.91,7.48
PB,Nordeste,2508802,Malta,162,1395.19,8.61
PE,Nordeste,2603405,Calumbi,241,1393.32,5.78
MG,Sudeste,3164001,São Pedro dos Ferros,140,1391.91,9.94
MA,Nordeste,2100709,Anajatuba,153,1389.4,9.08
SP,Sudeste,3500600,Águas de São Pedro,229,1388.98,6.07
MG,Sudeste,3100807,Aguanil,124,1388.44,11.2
TO,Norte,1701903,Araguacema,142,1387.25,9.77
AL,Nordeste,2705101,Matriz de Camaragibe,169,1386.74,8.21
PI,Nordeste,2206407,Monsenhor Gil,127,1385.1,10.91
MG,Sudeste,3144409,Natércia,121,1384.88,11.45
TO,Norte,1713601,Monte do Carmo,115,1383.61,12.03
SP,Sudeste,3502002,Analândia,147,1382.49,9.4
TO,Norte,1718907,Santa Rosa do Tocantins,110,1381.77,12.56
SP,Sudeste,3549300,São João do Pau D'Alho,167,1381.47,8.27
BA,Nordeste,2930907,Tabocas do Brejo Velho,302,1380.73,4.57
PE,Nordeste,2603207,Caetés,197,1380.46,7.01
MG,Sudeste,3108701,Brás Pires,94,1379.39,14.67
MG,Sudeste,3116803,Coluna,75,1377.93,18.37
SE,Nordeste,2802809,Indiaroba,140,1377.49,9.84
PI,Nordeste,2206704,Nazaré do Piauí,148,1376.81,9.3
RS,Sul,4306551,Dom Pedro de Alcântara,99,1375.71,13.9
AL,Nordeste,2704906,Mar Vermelho,67,1375.11,20.52
PE,Nordeste,2612802,Santa Terezinha,194,1372.47,7.07
BA,Nordeste,2920106,Mairi,152,1371.63,9.02
PR,Sul,4102703,Barra do Jacaré,116,1369.28,11.8
RS,Sul,4318432,São João do Polêsine,151,1368.7,9.06
PR,Sul,4122651,Rosário do Ivaí,149,1368.62,9.19
BA,Nordeste,2920007,Maiquinique,142,1368.49,9.64
RS,Sul,4309258,Guabiju,100,1367.89,13.68
RN,Nordeste,2413805,Taboleiro Grande,107,1367.63,12.78
MG,Sudeste,3140100,Marilac,145,1366.37,9.42
PE,Nordeste,2602407,Brejão,131,1366.14,10.43
SP,Sudeste,3525607,João Ramalho,160,1365.85,8.54
RS,Sul,4313334,Nova Ramada,105,1362.89,12.98
PB,Nordeste,2511004,Pedra Branca,91,1362.41,14.97
SC,Sul,4211652,Novo Horizonte,90,1361.63,15.13
RS,Sul,4311981,Mariana Pimentel,137,1359.35,9.92
PA,Norte,1503077,Garrafão do Norte,144,1357.4,9.43
PE,Nordeste,2606903,Iguaraci,222,1356.6,6.11
GO,Centro Oeste,5210158,Ipiranga de Goiás,171,1355.98,7.93
MG,Sudeste,3115474,Catuti,87,1355.26,15.58
SP,Sudeste,3550506,São Pedro do Turvo,169,1353.6,8.01
GO,Centro Oeste,5204557,Caldazinha,130,1352.74,10.41
PA,Norte,1505700,Ponta de Pedras,148,1352.07,9.14
SP,Sudeste,3502705,Apiaí,83,1351.91,16.29
SE,Nordeste,2804201,Monte Alegre de Sergipe,126,1351.3,10.72
MT,Centro Oeste,5106208,Nova Brasilândia,155,1349.69,8.71
MG,Sudeste,3139805,Mar de Espanha,123,1345.39,10.94
PE,Nordeste,2610301,Paranatama,172,1342.91,7.81
SP,Sudeste,3509809,Campos Novos Paulista,133,1340.46,10.08
PR,Sul,4124202,Santo Antônio do Caiuá,115,1339.97,11.65
SP,Sudeste,3533304,Nova Luzitânia,306,1338.47,4.37
CE,Nordeste,2305332,Ibicuitinga,130,1337.39,10.29
SP,Sudeste,3507308,Boracéia,166,1337.14,8.06
RS,Sul,4302154,Boa Vista das Missões,94,1336.49,14.22
PE,Nordeste,2607406,Itacuruba,126,1335.7,10.6
SE,Nordeste,2805901,Riachuelo,27,1333.92,49.4
RS,Sul,4308854,Gentil,92,1332.57,14.48
MG,Sudeste,3138104,Lassance,141,1331.3,9.44
BA,Nordeste,2915007,Itaeté,142,1330.4,9.37
RS,Sul,4309951,Ibirapuitã,178,1330.16,7.47
GO,Centro Oeste,5205059,Castelândia,111,1329.4,11.98
PE,Nordeste,2603702,Canhotinho,138,1328.25,9.62
SC,Sul,4215752,São Bernardino,102,1328.13,13.02
PR,Sul,4108551,Godoy Moreira,96,1327.44,13.83
MG,Sudeste,3171154,Vermelho Novo,176,1326.64,7.54
CE,Nordeste,2313906,Uruoca,149,1324.51,8.89
PI,Nordeste,2207504,Palmeirais,144,1324.27,9.2
SP,Sudeste,3548401,Santópolis do Aguapeí,143,1321.24,9.24
MG,Sudeste,3120607,Crucilândia,136,1321.02,9.71
PE,Nordeste,2601300,Barra de Guabiraba,111,1316.63,11.86
MG,Sudeste,3164506,São Sebastião do Maranhão,178,1315.83,7.39
SC,Sul,4211850,Ouro Verde,68,1314.8,19.34
SP,Sudeste,3524600,Jacupiranga,146,1313.66,9.0
PB,Nordeste,2500403,Alagoa Nova,105,1312.93,12.5
PE,Nordeste,2606309,Granito,184,1312.24,7.13
RO,Norte,1101476,Primavera de Rondônia,157,1311.87,8.36
PB,Nordeste,2516508,Taperoá,126,1311.74,10.41
SP,Sudeste,3501103,Alto Alegre,194,1311.23,6.76
BA,Nordeste,2931202,Taperoá,131,1309.78,10.0
GO,Centro Oeste,5221007,Taquaral de Goiás,129,1308.19,10.14
SP,Sudeste,3549201,São João das Duas Pontes,171,1307.9,7.65
MG,Sudeste,3138708,Luminárias,93,1307.68,14.06
SP,Sudeste,3534500,Oscar Bressane,130,1304.88,10.04
MA,Nordeste,2101905,Bequimão,113,1303.4,11.53
AL,Nordeste,2701902,Chã Preta,49,1303.08,26.59
PI,Nordeste,2203602,Eliseu Martins,73,1301.87,17.83
SC,Sul,4215505,Santa Cecília,68,1300.17,19.12
PA,Norte,1507805,Senador José Porfírio,134,1298.69,9.69
PR,Sul,4110201,Inácio Martins,73,1298.34,17.79
MG,Sudeste,3148608,Peçanha,150,1298.13,8.65
RS,Sul,4315552,Rio dos Índios,107,1298.06,12.13
RS,Sul,4309159,Gramado Xavier,171,1298.01,7.59
RN,Nordeste,2410801,Riacho de Santana,227,1297.37,5.72
BA,Nordeste,2928505,Santa Teresinha,84,1296.47,15.43
RS,Sul,4302600,Braga,165,1296.25,7.86
PR,Sul,4118303,Paranapoema,120,1296.13,10.8
PA,Norte,1504901,Muaná,156,1296.09,8.31
RS,Sul,4310462,Ipiranga do Sul,138,1294.97,9.38
AL,Nordeste,2702702,Feliz Deserto,47,1291.99,27.49
RN,Nordeste,2410207,Portalegre,151,1290.61,8.55
RN,Nordeste,2412302,São José do Campestre,131,1290.21,9.85
CE,Nordeste,2304277,Ererê,193,1290.1,6.68
PR,Sul,4106555,Corumbataí do Sul,95,1290.08,13.58
MG,Sudeste,3166956,Serranópolis de Minas,97,1286.4,13.26
PR,Sul,4108650,Goioxim,129,1286.06,9.97
MG,Sudeste,3131505,Ipuiúna,104,1284.53,12.35
TO,Norte,1718840,Sandolândia,148,1283.4,8.67
PI,Nordeste,2204808,Ipiranga do Piauí,184,1282.24,6.97
RN,Nordeste,2414308,Timbaúba dos Batistas,153,1282.21,8.38
PB,Nordeste,2513802,Santa Teresinha,133,1281.54,9.64
RS,Sul,4321352,Tavares,106,1281.35,12.09
PB,Nordeste,2516805,Triunfo,147,1274.87,8.67
PR,Sul,4106100,Conselheiro Mairinck,100,1274.06,12.74
BA,Nordeste,2931301,Tapiramutá,125,1272.81,10.18
SP,Sudeste,3555208,Turiúba,312,1272.69,4.08
MA,Nordeste,2100303,Aldeias Altas,145,1270.51,8.76
MG,Sudeste,3112406,Capetinga,160,1270.31,7.94
RS,Sul,4308656,Garruchos,152,1269.47,8.35
MA,Nordeste,2106326,Maracaçumé,97,1266.96,13.06
RS,Sul,4302220,Boa Vista do Cadeado,104,1265.69,12.17
PI,Nordeste,2208106,Pimenteiras,115,1262.08,10.97
MA,Nordeste,2107357,Nova Olinda do Maranhão,88,1259.87,14.32
MG,Sudeste,3168101,Tapira,87,1258.75,14.47
PR,Sul,4101309,Antônio Olinto,99,1257.29,12.7
MG,Sudeste,3133907,Itaverava,71,1256.18,17.69
BA,Nordeste,2918308,Jitaúna,171,1255.04,7.34
MG,Sudeste,3107604,Bom Jesus da Penha,107,1255.02,11.73
GO,Centro Oeste,5219357,Santa Isabel,117,1254.91,10.73
PR,Sul,4123600,Santa Inês,132,1254.54,9.5
PB,Nordeste,2510006,Nazarezinho,144,1250.44,8.68
BA,Nordeste,2920809,Marcionílio Souza,144,1250.07,8.68
PB,Nordeste,2514404,São José de Espinharas,112,1249.74,11.16
BA,Nordeste,2903706,Boa Nova,135,1248.11,9.25
MG,Sudeste,3165206,São Thomé das Letras,132,1247.52,9.45
GO,Centro Oeste,5219506,Santa Rosa de Goiás,95,1246.95,13.13
PB,Nordeste,2504900,Cruz do Espírito Santo,110,1245.84,11.33
MG,Sudeste,3121803,Dionísio,133,1245.27,9.36
GO,Centro Oeste,5205703,Córrego do Ouro,145,1245.22,8.59
BA,Nordeste,2922656,Nordestina,156,1243.48,7.97
GO,Centro Oeste,5218391,Professor Jamil,89,1242.71,13.96
RS,Sul,4306072,Cristal do Sul,97,1242.67,12.81
TO,Norte,1707553,Fátima,106,1240.45,11.7
GO,Centro Oeste,5220157,São Luíz do Norte,111,1239.46,11.17
SC,Sul,4211058,Monte Carlo,87,1236.44,14.21
MG,Sudeste,3135001,Jaguaraçu,134,1234.25,9.21
PR,Sul,4108700,Grandes Rios,146,1233.52,8.45
GO,Centro Oeste,5210307,Israelândia,147,1233.49,8.39
PI,Nordeste,2209401,Santo Antônio de Lisboa,137,1232.54,9.0
PI,Nordeste,2209104,Santa Cruz do Piauí,144,1231.21,8.55
BA,Nordeste,2928950,São Domingos,160,1230.38,7.69
SP,Sudeste,3514700,Echaporã,178,1230.36,6.91
PI,Nordeste,2202059,Cabeceiras do Piauí,165,1228.76,7.45
PA,Norte,1503408,Inhangapi,100,1226.48,12.26
PI,Nordeste,2204402,Gilbués,132,1226.36,9.29
PI,Nordeste,2205953,Marcolândia,91,1226.3,13.48
PI,Nordeste,2200251,Alagoinha do Piauí,200,1226.23,6.13
MG,Sudeste,3123304,Dores do Turvo,123,1225.63,9.96
SP,Sudeste,3515301,Estrela do Norte,160,1225.36,7.66
AM,Norte,1301209,Coari,70,1224.91,17.5
TO,Norte,1712504,Marianópolis do Tocantins,95,1224.85,12.89
SE,Nordeste,2802403,Gararu,96,1224.75,12.76
PB,Nordeste,2506806,Ingá,124,1224.53,9.88
SP,Sudeste,3515129,Emilianópolis,176,1223.3,6.95
RS,Sul,4312138,Mato Castelhano,124,1222.95,9.86
SP,Sudeste,3523305,Itariri,151,1222.18,8.09
PR,Sul,4120150,Porto Barreiro,95,1221.21,12.85
PB,Nordeste,2503001,Caaporã,129,1220.93,9.46
MA,Nordeste,2101103,Axixá,99,1220.66,12.33
SP,Sudeste,3533254,Novais,138,1219.7,8.84
TO,Norte,1703909,Caseara,106,1218.15,11.49
MG,Sudeste,3148509,Pavão,119,1218.14,10.24
TO,Norte,1702158,Araguanã,88,1217.36,13.83
PI,Nordeste,2206605,Monte Alegre do Piauí,92,1216.96,13.23
SP,Sudeste,3541059,Pratânia,99,1216.72,12.29
MA,Nordeste,2103554,Conceição do Lago-Açu,156,1216.23,7.8
RS,Sul,4314555,Pirapó,179,1215.21,6.79
SP,Sudeste,3508900,Caiabu,279,1214.85,4.35
RS,Sul,4312351,Montauri,115,1214.6,10.56
CE,Nordeste,2310407,Paramoti,111,1214.28,10.94
PE,Nordeste,2609105,Machados,117,1212.99,10.37
RS,Sul,4316436,Saldanha Marinho,167,1211.25,7.25
BA,Nordeste,2900355,Adustina,164,1210.99,7.38
CE,Nordeste,2302909,Capistrano,123,1209.46,9.83
MG,Sudeste,3132602,Itamarati de Minas,166,1208.39,7.28
MA,Nordeste,2105807,Lago do Junco,172,1208.33,7.03
SE,Nordeste,2801603,Cedro de São João,51,1206.72,23.66
SP,Sudeste,3514205,Dolcinópolis,217,1206.0,5.56
SC,Sul,4205159,Doutor Pedrinho,120,1204.63,10.04
MG,Sudeste,3126208,Formoso,60,1204.49,20.07
PB,Nordeste,2507309,Jacaraú,117,1204.25,10.29
RN,Nordeste,2410702,Riacho da Cruz,116,1201.33,10.36
SP,Sudeste,3504305,Avaí,86,1200.81,13.96
SP,Sudeste,3545100,Salmourão,253,1199.6,4.74
SP,Sudeste,3514924,Elisiário,157,1199.39,7.64
PB,Nordeste,2513307,Santa Helena,122,1199.28,9.83
PA,Norte,1503754,Jacareacanga,70,1197.57,17.11
SC,Sul,4214102,Presidente Nereu,139,1197.44,8.61
RS,Sul,4301859,Barra do Guarita,161,1196.31,7.43
CE,Nordeste,2303659,Catunda,173,1195.09,6.91
MG,Sudeste,3131406,Ipiaçu,185,1193.87,6.45
SC,Sul,4212650,Pescaria Brava,141,1193.68,8.47
PB,Nordeste,2502904,Brejo dos Santos,152,1193.44,7.85
PB,Nordeste,2516706,Teixeira,141,1191.93,8.45
RN,Nordeste,2407708,Montanhas,157,1189.69,7.58
BA,Nordeste,2909208,Coronel João Sá,137,1187.73,8.67
PE,Nordeste,2605509,Ferreiros,133,1185.11,8.91
BA,Nordeste,2924652,Pintadas,142,1184.13,8.34
RN,Nordeste,2402105,Campo Redondo,124,1183.5,9.54
PA,Norte,1508308,Viseu,98,1183.26,12.07
MG,Sudeste,3119500,Coronel Murta,111,1182.37,10.65
SP,Sudeste,3532843,Nova Canaã Paulista,143,1181.61,8.26
MG,Sudeste,3159357,Santa Rita de Minas,137,1180.94,8.62
RS,Sul,4310553,Itacurubi,170,1180.79,6.95
RS,Sul,4301073,Arroio do Padre,121,1180.16,9.75
PE,Nordeste,2612554,Santa Filomena,179,1179.99,6.59
BA,Nordeste,2930808,Souto Soares,114,1179.3,10.34
PR,Sul,4112603,Jardim Olinda,97,1177.84,12.14
MG,Sudeste,3167707,Sobrália,198,1174.62,5.93
CE,Nordeste,2313757,Umirim,86,1174.41,13.66
SP,Sudeste,3500758,Alambari,132,1174.34,8.9
PI,Nordeste,2205557,Lagoa Alegre,118,1173.69,9.95
RN,Nordeste,2413557,Serrinha dos Pintos,158,1172.77,7.42
MG,Sudeste,3137908,Lamim,40,1172.07,29.3
RS,Sul,4306379,Dilermando de Aguiar,126,1171.63,9.3
PR,Sul,4106852,Cruzmaltina,91,1170.56,12.86
MA,Nordeste,2111722,Satubinha,82,1168.57,14.25
GO,Centro Oeste,5214879,Nova Iguaçu de Goiás,140,1168.43,8.35
SE,Nordeste,2800506,Areia Branca,110,1168.07,10.62
AC,Norte,1200427,Rodrigues Alves,124,1164.37,9.39
PB,Nordeste,2505501,Vista Serrana,160,1163.35,7.27
MA,Nordeste,2111078,São João do Soter,150,1163.28,7.76
PE,Nordeste,2615508,Tracunhaém,138,1163.15,8.43
MG,Sudeste,3116506,Claro dos Poções,102,1162.95,11.4
AL,Nordeste,2702108,Colônia Leopoldina,144,1161.87,8.07
BA,Nordeste,2933109,Várzea do Poço,148,1161.82,7.85
RS,Sul,4312443,Morrinhos do Sul,111,1161.46,10.46
SP,Sudeste,3539103,Pirapora do Bom Jesus,79,1160.12,14.69
BA,Nordeste,2901601,Antas,119,1157.97,9.73
SP,Sudeste,3528601,Manduri,108,1156.54,10.71
GO,Centro Oeste,5200902,Amorinópolis,114,1154.64,10.13
RN,Nordeste,2401859,Caiçara do Norte,118,1153.9,9.78
BA,Nordeste,2925709,Presidente Jânio Quadros,166,1153.05,6.95
RN,Nordeste,2404606,Ielmo Marinho,124,1152.9,9.3
CE,Nordeste,2301307,Araripe,135,1152.87,8.54
TO,Norte,1712702,Mateiros,50,1152.82,23.06
PI,Nordeste,2200053,Acauã,164,1152.68,7.03
MG,Sudeste,3150901,Piranguçu,119,1149.57,9.66
RN,Nordeste,2412708,São Pedro,112,1148.73,10.26
PI,Nordeste,2208650,Queimada Nova,162,1148.66,7.09
MG,Sudeste,3144656,Ninheira,107,1148.62,10.73
MA,Nordeste,2106904,Monção,110,1145.99,10.42
MG,Sudeste,3170479,Uruana de Minas,132,1145.78,8.68
MG,Sudeste,3146701,Palma,136,1145.29,8.42
RS,Sul,4311122,Jaquirana,110,1139.93,10.36
RS,Sul,4318465,São José do Herval,69,1138.81,16.5
RS,Sul,4310579,Itapuca,110,1138.41,10.35
PB,Nordeste,2511806,Pirpirituba,67,1138.41,16.99
PR,Sul,4107009,Curiúva,70,1137.88,16.26
MA,Nordeste,2111003,São João Batista,91,1137.55,12.5
GO,Centro Oeste,5209804,Hidrolina,91,1136.96,12.49
BA,Nordeste,2912707,Ibirapitanga,133,1136.95,8.55
PB,Nordeste,2512705,Remígio,84,1136.0,13.52
PA,Norte,1507961,Terra Alta,105,1134.4,10.8
RN,Nordeste,2410900,Riachuelo,123,1133.29,9.21
RS,Sul,4311270,Lagoa dos Três Cantos,144,1131.57,7.86
MG,Sudeste,3109204,Buenópolis,140,1131.4,8.08
RN,Nordeste,2406007,José da Penha,185,1130.98,6.11
SC,Sul,4215695,Santiago do Sul,53,1129.38,21.31
MA,Nordeste,2111573,São Pedro dos Crentes,97,1129.02,11.64
PE,Nordeste,2603926,Carnaubeira da Penha,163,1128.83,6.93
MG,Sudeste,3127370,Goiabeira,165,1126.22,6.83
MA,Nordeste,2104628,Governador Luiz Rocha,147,1126.22,7.66
RS,Sul,4312674,Nicolau Vergueiro,75,1125.55,15.01
PB,Nordeste,2500809,Araçagi,97,1125.17,11.6
PA,Norte,1500131,Abel Figueiredo,122,1125.12,9.22
PA,Norte,1502764,Cumaru do Norte,115,1124.27,9.78
SP,Sudeste,3544400,Rubiácea,141,1124.11,7.97
AM,Norte,1302405,Lábrea,52,1123.35,21.6
SP,Sudeste,3546504,Santa Ernestina,238,1123.02,4.72
MG,Sudeste,3123007,Dores de Campos,139,1121.39,8.07
PB,Nordeste,2501609,Barra de Santa Rosa,107,1119.29,10.46
MG,Sudeste,3128204,Guaraciaba,100,1118.72,11.19
PR,Sul,4110300,Inajá,106,1118.24,10.55
MG,Sudeste,3163409,São José do Goiabal,147,1117.12,7.6
MG,Sudeste,3120409,Cristiano Otoni,79,1116.85,14.14
MA,Nordeste,2104305,Godofredo Viana,91,1115.38,12.26
SP,Sudeste,3527900,Lutécia,106,1112.97,10.5
RN,Nordeste,2408607,Paraná,150,1112.81,7.42
CE,Nordeste,2305654,Ipaporanga,192,1112.51,5.79
BA,Nordeste,2922706,Nova Canaã,119,1110.39,9.33
MG,Sudeste,3101631,Alfredo Vasconcelos,111,1105.64,9.96
AL,Nordeste,2703759,Jequiá da Praia,131,1105.41,8.44
BA,Nordeste,2901908,Aporá,152,1104.44,7.27
GO,Centro Oeste,5206800,Damolândia,67,1103.78,16.47
BA,Nordeste,2924603,Pindobaçu,136,1102.8,8.11
CE,Nordeste,2302057,Barroquinha,176,1101.88,6.26
MG,Sudeste,3157401,Santa Cruz do Escalvado,146,1101.79,7.55
RS,Sul,4305439,Chuí,51,1101.62,21.6
BA,Nordeste,2920908,Mascote,93,1100.9,11.84
MG,Sudeste,3106002,Bela Vista de Minas,121,1098.89,9.08
BA,Nordeste,2933059,Várzea da Roça,108,1098.22,10.17
BA,Nordeste,2916302,Itapebi,107,1097.73,10.26
GO,Centro Oeste,5211602,Ivolândia,102,1097.48,10.76
AL,Nordeste,2702553,Estrela de Alagoas,115,1097.17,9.54
PB,Nordeste,2503753,Cajazeirinhas,56,1096.17,19.57
GO,Centro Oeste,5205208,Caturaí,98,1095.98,11.18
MG,Sudeste,3100708,Água Comprida,115,1095.36,9.52
PR,Sul,4108502,General Carneiro,68,1094.32,16.09
SC,Sul,4209177,Jupiá,115,1094.13,9.51
SP,Sudeste,3536208,Pariquera-Açu,131,1092.77,8.34
RR,Norte,1400159,Bonfim,43,1092.66,25.41
BA,Nordeste,2907707,Chorrochó,167,1092.66,6.54
RN,Nordeste,2407005,Luís Gomes,126,1091.36,8.66
RS,Sul,4306973,Erebango,147,1090.51,7.42
MG,Sudeste,3136801,Juramento,58,1090.49,18.8
CE,Nordeste,2303931,Choró,89,1089.87,12.25
RS,Sul,4316428,Sagrada Família,109,1089.79,10.0
SP,Sudeste,3541901,Queluz,92,1089.72,11.84
MG,Sudeste,3161205,São Francisco de Paula,82,1089.04,13.28
MG,Sudeste,3169109,Toledo,136,1088.97,8.01
SP,Sudeste,3543006,Ribeirão Branco,112,1088.02,9.71
MG,Sudeste,3125200,Fama,126,1087.7,8.63
SP,Sudeste,3501400,Álvaro de Carvalho,124,1087.39,8.77
RS,Sul,4315131,Pouso Novo,58,1087.26,18.75
PI,Nordeste,2203206,Curimatá,138,1086.41,7.87
CE,Nordeste,2307908,Martinópole,172,1086.26,6.32
MG,Sudeste,3119609,Coronel Pacheco,30,1083.67,36.12
RS,Sul,4309654,Hulha Negra,100,1082.73,10.83
GO,Centro Oeste,5204953,Campos Verdes,115,1081.14,9.4
BA,Nordeste,2929370,São José do Jacuípe,135,1078.24,7.99
SP,Sudeste,3527009,Lindóia,120,1077.41,8.98
RS,Sul,4311254,Lagoão,144,1075.91,7.47
MG,Sudeste,3121407,Desterro de Entre Rios,137,1075.53,7.85
MG,Sudeste,3170008,Ubaí,66,1072.84,16.26
TO,Norte,1703305,Bom Jesus do Tocantins,106,1072.81,10.12
BA,Nordeste,2906105,Canápolis,156,1071.17,6.87
TO,Norte,1716307,Pau D'Arco,98,1071.04,10.93
AM,Norte,1301407,Eirunepé,65,1070.02,16.46
PR,Sul,4101200,Antonina,139,1069.95,7.7
CE,Nordeste,2301802,Baixio,133,1069.83,8.04
PE,Nordeste,2611200,Poção,92,1066.47,11.59
RN,Nordeste,2406304,Lagoa de Pedras,76,1066.4,14.03
ES,Sudeste,3201803,Divino de São Lourenço,137,1064.7,7.77
PI,Nordeste,2210300,São Julião,177,1064.65,6.01
BA,Nordeste,2923050,Novo Triunfo,139,1062.09,7.64
SC,Sul,4213302,Ponte Alta,63,1061.17,16.84
BA,Nordeste,2932507,Una,84,1060.84,12.63
TO,Norte,1711506,Jaú do Tocantins,110,1059.57,9.63
MG,Sudeste,3150406,Piedade dos Gerais,86,1059.4,12.32
MG,Sudeste,3122405,Divisa Nova,104,1058.87,10.18
AP,Norte,1600808,Vitória do Jari,96,1056.79,11.01
PA,Norte,1500909,Augusto Corrêa,101,1056.08,10.46
GO,Centro Oeste,5202353,Arenópolis,113,1055.71,9.34
TO,Norte,1706506,Darcinópolis,86,1055.48,12.27
BA,Nordeste,2933257,Vereda,102,1053.55,10.33
SP,Sudeste,3556958,Vitória Brasil,112,1052.73,9.4
BA,Nordeste,2900108,Abaíra,155,1052.54,6.79
SP,Sudeste,3503604,Areiópolis,202,1052.2,5.21
MG,Sudeste,3149150,Pedras de Maria da Cruz,84,1052.15,12.53
MG,Sudeste,3154507,Riacho dos Machados,67,1050.65,15.68
RS,Sul,4305124,Cerrito,136,1049.61,7.72
AL,Nordeste,2701605,Canapi,132,1049.26,7.95
PI,Nordeste,2202729,Cocal dos Alves,192,1048.57,5.46
RN,Nordeste,2400406,Água Nova,126,1048.35,8.32
PR,Sul,4101655,Arapuã,122,1048.09,8.59
GO,Centro Oeste,5220058,São João da Paraúna,85,1046.56,12.31
TO,Norte,1703057,Bandeirantes do Tocantins,97,1044.89,10.77
MG,Sudeste,3109253,Bugre,153,1044.83,6.83
MG,Sudeste,3133600,Itapeva,105,1044.46,9.95
RS,Sul,4322376,Unistalda,182,1043.99,5.74
RR,Norte,1400605,São Luiz,291,1041.28,3.58
MG,Sudeste,3135605,Jequitaí,76,1041.17,13.7
RS,Sul,4306700,Dona Francisca,96,1039.46,10.83
BA,Nordeste,2930402,Serra Preta,132,1039.36,7.87
MG,Sudeste,3128501,Guarará,55,1038.71,18.89
BA,Nordeste,2922730,Nova Fátima,97,1036.73,10.69
BA,Nordeste,2929750,Saubara,140,1035.21,7.39
MG,Sudeste,3113503,Carbonita,106,1034.95,9.76
CE,Nordeste,2306504,Itapiúna,104,1031.47,9.92
CE,Nordeste,2313351,Tejuçuoca,91,1029.8,11.32
GO,Centro Oeste,5202601,Aurilândia,129,1026.49,7.96
PI,Nordeste,2201606,Beneditinos,139,1025.48,7.38
MG,Sudeste,3115003,Cascalho Rico,119,1024.8,8.61
PE,Nordeste,2611507,Quipapá,127,1023.73,8.06
MG,Sudeste,3106507,Berilo,120,1022.96,8.52
GO,Centro Oeste,5219605,Santa Tereza de Goiás,108,1022.51,9.47
BA,Nordeste,2901700,Antônio Cardoso,98,1020.89,10.42
MG,Sudeste,3144672,Nova Belém,115,1019.08,8.86
MG,Sudeste,3130051,Icaraí de Minas,110,1019.05,9.26
SE,Nordeste,2806602,Santo Amaro das Brotas,63,1018.22,16.16
RN,Nordeste,2413300,Serra de São Bento,108,1017.55,9.42
SP,Sudeste,3555505,Ubirajara,115,1017.07,8.84
RR,Norte,1400282,Iracema,77,1010.17,13.12
PI,Nordeste,2202778,Colônia do Piauí,141,1010.06,7.16
TO,Norte,1718758,Rio Sono,74,1008.93,13.63
MG,Sudeste,3127404,Gonçalves,154,1007.7,6.54
PE,Nordeste,2614303,Moreilândia,158,1007.41,6.38
CE,Nordeste,2304269,Deputado Irapuan Pinheiro,124,1006.66,8.12
MG,Sudeste,3138302,Leandro Ferreira,104,1004.77,9.66
RN,Nordeste,2410603,Rafael Godeiro,146,1004.74,6.88
PB,Nordeste,2514701,São José do Sabugi,78,1004.14,12.87
MA,Nordeste,2105351,Itaipava do Grajaú,120,1003.81,8.37
RS,Sul,4317954,Santo Expedito do Sul,112,1003.3,8.96
MG,Sudeste,3172103,Volta Grande,120,1001.23,8.34
MG,Sudeste,3162252,São João da Lagoa,77,1001.04,13.0
TO,Norte,1718402,Presidente Kennedy,93,1000.99,10.76
AL,Nordeste,2700102,Água Branca,129,1000.85,7.76
RR,Norte,1400050,Alto Alegre,68,1000.52,14.71
MG,Sudeste,3171600,Virgem da Lapa,158,999.99,6.33
MG,Sudeste,3121258,Delta,80,999.95,12.5
MG,Sudeste,3158409,Santana de Cataguases,135,999.3,7.4
BA,Nordeste,2904753,Buritirama,114,997.97,8.75
SP,Sudeste,3532827,Nova Campina,41,996.45,24.3
AP,Norte,1600709,Tartarugalzinho,72,995.25,13.82
AM,Norte,1301001,Carauari,41,994.78,24.26
BA,Nordeste,2916906,Itiruçu,92,994.58,10.81
PR,Sul,4117214,Nova Santa Bárbara,93,994.51,10.69
MG,Sudeste,3156106,Ritápolis,114,994.19,8.72
PR,Sul,4103958,Campina do Simão,56,993.67,17.74
SE,Nordeste,2800670,Boquim,114,993.5,8.71
MG,Sudeste,3167806,Soledade de Minas,123,993.13,8.07
GO,Centro Oeste,5215801,Palmelo,54,992.39,18.38
RN,Nordeste,2403509,Espírito Santo,151,991.63,6.57
AL,Nordeste,2703809,Joaquim Gomes,91,991.25,10.89
BA,Nordeste,2913804,Ipecaetá,93,991.07,10.66
PB,Nordeste,2509156,Marizópolis,127,990.74,7.8
PI,Nordeste,2206506,Monsenhor Hipólito,165,989.96,6.0
TO,Norte,1720499,São Valério da Natividade,95,988.15,10.4
MA,Nordeste,2104503,Governador Archer,109,987.73,9.06
CE,Nordeste,2311900,Saboeiro,138,987.63,7.16
MG,Sudeste,3154408,Ressaquinha,78,985.31,12.63
PB,Nordeste,2504033,Capim,58,984.98,16.98
GO,Centro Oeste,5214101,Mutunópolis,112,984.03,8.79
SP,Sudeste,3543501,Riversul,185,983.64,5.32
GO,Centro Oeste,5215652,Palestina de Goiás,75,982.97,13.11
RN,Nordeste,2403905,Francisco Dantas,147,981.3,6.68
AM,Norte,1300300,Autazes,32,980.66,30.65
MG,Sudeste,3156452,Rosário da Limeira,158,980.2,6.2
MA,Nordeste,2107258,Nova Colinas,63,980.07,15.56
MA,Nordeste,2102903,Carutapera,91,979.19,10.76
BA,Nordeste,2931608,Teolândia,135,978.85,7.25
RS,Sul,4323457,Vila Nova do Sul,140,978.81,6.99
AM,Norte,1302702,Manicoré,43,978.7,22.76
SP,Sudeste,3539707,Platina,128,978.5,7.64
CE,Nordeste,2309904,Pacujá,163,978.18,6.0
RS,Sul,4307401,Esmeralda,109,975.7,8.95
SP,Sudeste,3527801,Lupércio,65,973.08,14.97
CE,Nordeste,2303600,Catarina,110,972.89,8.84
MG,Sudeste,3136553,José Raydan,115,972.47,8.46
SC,Sul,4209706,Lebon Régis,97,970.82,10.01
TO,Norte,1706001,Couto de Magalhães,96,970.24,10.11
MT,Centro Oeste,5107578,Rondolândia,78,969.97,12.44
CE,Nordeste,2311959,Salitre,118,969.91,8.22
RS,Sul,4322343,Ubiretama,131,968.77,7.4
AL,Nordeste,2702504,Dois Riachos,117,968.67,8.28
MG,Sudeste,3125952,Fervedouro,160,968.54,6.05
MG,Sudeste,3101201,Aiuruoca,83,967.67,11.66
MG,Sudeste,3125408,Felício dos Santos,51,963.82,18.9
GO,Centro Oeste,5221452,Trombas,100,963.77,9.64
BA,Nordeste,2931103,Tanquinho,102,963.59,9.45
PR,Sul,4128302,Uniflor,67,963.45,14.38
MG,Sudeste,3127602,Gouveia,83,963.12,11.6
RR,Norte,1400233,Caroebe,79,963.05,12.19
BA,Nordeste,2930766,Sítio do Quinto,127,961.55,7.57
SP,Sudeste,3513306,Cruzália,232,961.31,4.14
BA,Nordeste,2925402,Potiraguá,112,961.17,8.58
PE,Nordeste,2602506,Brejinho,168,960.86,5.72
PR,Sul,4101853,Ariranha do Ivaí,103,960.54,9.33
TO,Norte,1710706,Itaguatins,133,960.32,7.22
CE,Nordeste,2307205,Jati,122,960.19,7.87
SC,Sul,4205175,Entre Rios,45,960.07,21.33
GO,Centro Oeste,5219803,São Domingos,72,959.66,13.33
MA,Nordeste,2100154,Água Doce do Maranhão,103,959.2,9.31
RN,Nordeste,2407252,Major Sales,130,956.81,7.36
PA,Norte,1502855,Curuá,107,956.79,8.94
RN,Nordeste,2405306,Boa Saúde,95,954.08,10.04
SP,Sudeste,3509908,Cananéia,89,952.83,10.71
MG,Sudeste,3145356,Novo Oriente de Minas,109,952.76,8.74
MG,Sudeste,3166204,Senhora dos Remédios,125,951.48,7.61
PI,Nordeste,2201739,Betânia do Piauí,139,951.42,6.84
SP,Sudeste,3543238,Ribeirão dos Índios,138,951.18,6.89
MG,Sudeste,3146305,Padre Paraíso,118,947.94,8.03
SP,Sudeste,3527256,Lourdes,211,947.09,4.49
SC,Sul,4216800,São José do Cerrito,125,944.84,7.56
PB,Nordeste,2513109,Salgado de São Félix,47,944.22,20.09
TO,Norte,1721109,Tocantínia,81,943.46,11.65
BA,Nordeste,2902054,Araças,77,943.03,12.25
MA,Nordeste,2103703,Cururupu,99,942.55,9.52
SC,Sul,4210050,Macieira,46,942.04,20.48
MG,Sudeste,3152170,Ponto dos Volantes,115,941.91,8.19
SE,Nordeste,2800209,Aquidabã,91,941.79,10.35
BA,Nordeste,2927903,Santa Inês,114,941.15,8.26
MG,Sudeste,3171071,Veredinha,79,940.99,11.91
PI,Nordeste,2209906,São João da Serra,125,940.44,7.52
MG,Sudeste,3156601,Rubim,111,938.13,8.45
MA,Nordeste,2102606,Cândido Mendes,51,937.36,18.38
BA,Nordeste,2904308,Brejões,84,937.25,11.16
PI,Nordeste,2201705,Bertolínia,122,937.23,7.68
PI,Nordeste,2200905,Aroazes,95,936.3,9.86
BA,Nordeste,2905107,Caém,120,935.17,7.79
RS,Sul,4311239,Lagoa Bonita do Sul,137,933.77,6.82
MT,Centro Oeste,5107156,Reserva do Cabaçal,135,930.86,6.9
SP,Sudeste,3537206,Pedro de Toledo,100,930.24,9.3
MG,Sudeste,3141702,Mesquita,127,930.12,7.32
PI,Nordeste,2201988,Brejo do Piauí,128,929.92,7.26
RN,Nordeste,2401503,Barcelona,107,929.71,8.69
MG,Sudeste,3104403,Argirita,102,929.31,9.11
PI,Nordeste,2205904,Manoel Emídio,125,929.18,7.43
TO,Norte,1707405,Esperantina,112,926.18,8.27
PE,Nordeste,2608701,Lagoa dos Gatos,120,925.99,7.72
SC,Sul,4200051,Abdon Batista,112,925.14,8.26
MG,Sudeste,3153004,Pratinha,84,925.1,11.01
RS,Sul,4309571,Herveiras,121,924.88,7.64
MG,Sudeste,3171105,Veríssimo,67,924.49,13.8
MG,Sudeste,3105707,Barra Longa,122,924.2,7.58
PR,Sul,4112900,Jundiaí do Sul,75,921.78,12.29
PB,Nordeste,2501005,Araruna,94,921.5,9.8
TO,Norte,1705102,Chapada da Natividade,93,917.96,9.87
GO,Centro Oeste,5200159,Adelândia,66,916.3,13.88
PB,Nordeste,2512606,Quixabá,122,916.29,7.51
MG,Sudeste,3164472,São Sebastião do Anta,107,915.14,8.55
MG,Sudeste,3136009,Joaíma,96,915.02,9.53
MG,Sudeste,3136504,Jordânia,98,914.46,9.33
PI,Nordeste,2200707,Anísio de Abreu,118,914.43,7.75
SP,Sudeste,3526308,Lagoinha,69,914.14,13.25
RN,Nordeste,2411429,Santana do Seridó,138,912.09,6.61
GO,Centro Oeste,5220686,Simolândia,79,908.44,11.5
MG,Sudeste,3114709,Carvalhópolis,120,907.59,7.56
PE,Nordeste,2604700,Correntes,90,907.2,10.08
RN,Nordeste,2405009,Jaçanã,62,904.32,14.59
MA,Nordeste,2108256,Pedro do Rosário,109,903.5,8.29
TO,Norte,1710904,Itapiratins,84,902.5,10.74
PI,Nordeste,2202539,Caraúbas do Piauí,101,901.87,8.93
PI,Nordeste,2202109,Campinas do Piauí,146,901.39,6.17
MG,Sudeste,3114907,Casa Grande,54,900.23,16.67
RS,Sul,4313441,Novo Tiradentes,70,899.08,12.84
RN,Nordeste,2414704,Várzea,112,898.71,8.02
PE,Nordeste,2608602,Lagoa do Ouro,110,898.62,8.17
PB,Nordeste,2509404,Mogeiro,57,898.1,15.76
MA,Nordeste,2105922,Lagoa do Mato,125,897.48,7.18
MG,Sudeste,3144904,Nova Módica,101,897.31,8.88
PA,Norte,1507474,São João de Pirabas,82,895.97,10.93
MA,Nordeste,2111029,São João do Carú,123,895.71,7.28
MT,Centro Oeste,5106455,Planalto da Serra,94,895.12,9.52
RN,Nordeste,2408805,Parazinho,84,895.06,10.66
GO,Centro Oeste,5204656,Campinaçu,75,894.7,11.93
MA,Nordeste,2106805,Mirinzal,72,894.51,12.42
SP,Sudeste,3529658,Mesópolis,127,893.63,7.04
MA,Nordeste,2109205,Presidente Juscelino,62,892.72,14.4
TO,Norte,1711951,Lagoa do Tocantins,55,892.56,16.23
RN,Nordeste,2403400,Equador,116,892.14,7.69
CE,Nordeste,2300507,Alcântaras,104,890.57,8.56
PI,Nordeste,2201804,Bocaina,129,890.36,6.9
RS,Sul,4305157,Cerro Grande,100,888.57,8.89
BA,Nordeste,2911303,Gentio do Ouro,118,888.47,7.53
PE,Nordeste,2607802,Itaquitinga,75,888.38,11.85
RS,Sul,4302378,Bom Progresso,98,888.33,9.06
MG,Sudeste,3143609,Morro da Garça,53,888.12,16.76
AL,Nordeste,2701100,Branquinha,80,887.35,11.09
SP,Sudeste,3533106,Nova Guataporanga,131,887.05,6.77
MG,Sudeste,3171402,Vieiras,114,886.15,7.77
MG,Sudeste,3135407,Jeceaba,61,885.68,14.52
SC,Sul,4205555,Frei Rogério,96,884.88,9.22
PI,Nordeste,2202133,Campo Grande do Piauí,108,884.55,8.19
MG,Sudeste,3161650,São Geraldo do Baixio,142,882.36,6.21
MG,Sudeste,3145877,Orizânia,148,881.0,5.95
PB,Nordeste,2516607,Tavares,99,880.7,8.9
SP,Sudeste,3536570,Paulistânia,131,880.63,6.72
MG,Sudeste,3171709,Virgínia,76,879.72,11.58
TO,Norte,1715705,Palmeirante,54,878.55,16.27
CE,Nordeste,2308807,Moraújo,73,878.24,12.03
PB,Nordeste,2507804,Junco do Seridó,75,877.11,11.69
MG,Sudeste,3109808,Cachoeira Dourada,120,874.73,7.29
TO,Norte,1717008,Pindorama do Tocantins,62,873.51,14.09
TO,Norte,1716653,Pequizeiro,109,873.09,8.01
TO,Norte,1718451,Pugmil,56,873.07,15.59
GO,Centro Oeste,5202809,Avelinópolis,59,873.06,14.8
PR,Sul,4116604,Nova América da Colina,80,872.73,10.91
PA,Norte,1505494,Palestina do Pará,74,872.66,11.79
MG,Sudeste,3167905,Tabuleiro,80,872.11,10.9
GO,Centro Oeste,5220280,São Patrício,98,869.82,8.88
PI,Nordeste,2207405,Palmeira do Piauí,91,869.43,9.55
SP,Sudeste,3544103,Rio Grande da Serra,134,868.72,6.48
MA,Nordeste,2108058,Paulino Neves,88,867.65,9.86
RS,Sul,4319125,São Martinho da Serra,103,867.62,8.42
RS,Sul,4320321,Senador Salgado Filho,98,867.37,8.85
RN,Nordeste,2410009,Pilões,140,867.22,6.19
TO,Norte,1708254,Tabocão,101,867.0,8.58
MG,Sudeste,3105301,Bandeira do Sul,110,865.34,7.87
GO,Centro Oeste,5200209,Água Limpa,73,863.94,11.83
RS,Sul,4315313,Quatro Irmãos,83,863.84,10.41
RN,Nordeste,2414456,Triunfo Potiguar,119,862.96,7.25
PI,Nordeste,2204907,Isaías Coelho,149,862.69,5.79
MA,Nordeste,2100105,Afonso Cunha,23,861.98,37.48
MG,Sudeste,3127388,Goianá,92,859.15,9.34
TO,Norte,1720309,São Sebastião do Tocantins,64,858.19,13.41
PE,Nordeste,2611408,Primavera,72,858.09,11.92
BA,Nordeste,2911006,Floresta Azul,115,857.93,7.46
PE,Nordeste,2608255,Jucati,81,856.78,10.58
MG,Sudeste,3135357,Japonvar,81,856.21,10.57
RS,Sul,4311502,Lavras do Sul,90,856.18,9.51
RS,Sul,4306924,Engenho Velho,65,855.72,13.16
CE,Nordeste,2313708,Umari,132,854.81,6.48
TO,Norte,1718303,Praia Norte,113,853.59,7.55
BA,Nordeste,2921609,Morpará,132,852.51,6.46
SP,Sudeste,3526605,Lavrinhas,124,852.46,6.87
MA,Nordeste,2106631,Matões do Norte,55,851.51,15.48
PB,Nordeste,2517209,Vieirópolis,91,851.26,9.35
PE,Nordeste,2608404,Jurema,108,851.12,7.88
BA,Nordeste,2913309,Ichu,111,850.6,7.66
PB,Nordeste,2506608,Ibiara,84,850.31,10.12
MA,Nordeste,2100832,Apicum-Açu,57,849.54,14.9
SP,Sudeste,3532058,Motuca,126,849.14,6.74
MA,Nordeste,2112456,Turilândia,101,848.98,8.41
SP,Sudeste,3506201,Bento de Abreu,134,848.62,6.33
BA,Nordeste,2901809,Antônio Gonçalves,92,847.09,9.21
MG,Sudeste,3102852,Angelândia,76,846.78,11.14
BA,Nordeste,2915106,Itagi,91,846.46,9.3
PB,Nordeste,2507200,Itatuba,40,845.94,21.15
MG,Sudeste,3156007,Rio Vermelho,77,845.86,10.99
BA,Nordeste,2915304,Itagimirim,118,844.56,7.16
SP,Sudeste,3532868,Nova Castilho,88,843.97,9.59
PB,Nordeste,2501401,Baía da Traição,88,843.41,9.58
RS,Sul,4309126,Gramado dos Loureiros,47,842.94,17.93
RS,Sul,4317251,Santa Tereza,87,841.46,9.67
PR,Sul,4122172,Rio Branco do Ivaí,74,841.44,11.37
RN,Nordeste,2406205,Lagoa D'Anta,98,841.37,8.59
PI,Nordeste,2202802,Conceição do Canindé,117,839.52,7.18
MG,Sudeste,3162450,São João das Missões,52,839.02,16.13
AP,Norte,1600238,Ferreira Gomes,85,837.45,9.85
TO,Norte,1715101,Novo Acordo,65,836.45,12.87
MG,Sudeste,3108255,Bonito de Minas,48,835.52,17.41
MG,Sudeste,3107000,Biquinhas,107,835.18,7.81
PA,Norte,1501956,Cachoeira do Piriá,76,835.17,10.99
RS,Sul,4300661,André da Rocha,46,834.66,18.14
SE,Nordeste,2803302,Japaratuba,89,832.97,9.36
RN,Nordeste,2410256,Porto do Mangue,133,832.06,6.26
AL,Nordeste,2707206,Poço das Trincheiras,127,830.95,6.54
PE,Nordeste,2601508,Belém de Maria,131,829.85,6.33
PI,Nordeste,2206100,Matias Olímpio,108,829.64,7.68
PI,Nordeste,2209005,Rio Grande do Piauí,118,829.34,7.03
AL,Nordeste,2701506,Campo Grande,97,828.91,8.55
GO,Centro Oeste,5207105,Diorama,90,828.54,9.21
MG,Sudeste,3150000,Pescador,108,828.29,7.67
MG,Sudeste,3160009,Santo Antônio do Aventureiro,77,827.34,10.74
AL,Nordeste,2706000,Olivença,82,826.47,10.08
SP,Sudeste,3508306,Cabrália Paulista,66,825.4,12.51
TO,Norte,1714302,Nazaré,71,825.18,11.62
BA,Nordeste,2919603,Macajuba,97,824.29,8.5
BA,Nordeste,2931400,Teodoro Sampaio,50,824.23,16.48
PI,Nordeste,2207306,Paes Landim,100,820.52,8.21
PI,Nordeste,2209377,Santa Rosa do Piauí,125,820.25,6.56
BA,Nordeste,2925931,Quixabeira,100,820.19,8.2
PA,Norte,1506104,Primavera,106,818.79,7.72
CE,Nordeste,2309805,Pacoti,92,818.26,8.89
SC,Sul,4218251,Timbó Grande,45,818.01,18.18
MA,Nordeste,2111250,São José dos Basílios,127,817.68,6.44
SC,Sul,4207858,Irati,72,817.06,11.35
MG,Sudeste,3140209,Maripá de Minas,42,816.24,19.43
RS,Sul,4322525,Vale Verde,104,815.26,7.84
MG,Sudeste,3102704,Cachoeira de Pajeú,57,814.94,14.3
PE,Nordeste,2616183,Vertente do Lério,91,814.14,8.95
SP,Sudeste,3517604,Guapiara,79,812.91,10.29
PA,Norte,1505601,Peixe-Boi,73,812.7,11.13
PA,Norte,1501758,Brejo Grande do Araguaia,94,812.39,8.64
MG,Sudeste,3168200,Tapiraí,47,811.56,17.27
PR,Sul,4123204,Santa Cecília do Pavão,94,811.53,8.63
MG,Sudeste,3110202,Cajuri,83,810.7,9.77
GO,Centro Oeste,5213053,Mimoso de Goiás,20,810.45,40.52
RS,Sul,4305371,Charrua,67,809.5,12.08
AL,Nordeste,2706422,Pariconha,137,808.37,5.9
TO,Norte,1703883,Carmolândia,58,808.36,13.94
MG,Sudeste,3122207,Divinolândia de Minas,103,808.25,7.85
MG,Sudeste,3153202,Presidente Juscelino,66,807.75,12.24
PI,Nordeste,2211704,Wall Ferraz,80,807.31,10.09
MG,Sudeste,3122108,Divino das Laranjeiras,117,805.11,6.88
MG,Sudeste,3114600,Carrancas,92,803.56,8.73
SE,Nordeste,2804003,Maruim,67,801.18,11.96
AL,Nordeste,2708956,Senador Rui Palmeira,90,800.63,8.9
PA,Norte,1500305,Afuá,51,799.77,15.68
PE,Nordeste,2602704,Buenos Aires,87,799.49,9.19
TO,Norte,1712454,Luzinópolis,77,799.18,10.38
PI,Nordeste,2210201,São José do Piauí,91,798.66,8.78
RS,Sul,4314506,Pinheiro Machado,97,798.06,8.23
SP,Sudeste,3532157,Nantes,99,797.46,8.06
AL,Nordeste,2705408,Monteirópolis,48,794.46,16.55
MG,Sudeste,3141207,Matutina,78,794.22,10.18
TO,Norte,1720002,Santa Terezinha do Tocantins,45,793.28,17.63
RS,Sul,4321832,Três Forquilhas,96,793.08,8.26
RN,Nordeste,2404804,Ipueira,127,790.98,6.23
MG,Sudeste,3106101,Belmiro Braga,44,790.36,17.96
SP,Sudeste,3538501,Piquete,110,789.66,7.18
RN,Nordeste,2402907,Coronel João Pessoa,115,789.35,6.86
SC,Sul,4203402,Campo Belo do Sul,75,789.33,10.52
BA,Nordeste,2919959,Maetinga,97,789.22,8.14
RN,Nordeste,2409506,Pedra Grande,86,788.8,9.17
MG,Sudeste,3165305,São Vicente de Minas,59,786.96,13.34
PB,Nordeste,2505204,Cuitegi,36,785.73,21.83
BA,Nordeste,2922201,Muniz Ferreira,97,783.5,8.08
MG,Sudeste,3123502,Douradoquara,97,781.91,8.06
PB,Nordeste,2510105,Nova Floresta,65,781.46,12.02
BA,Nordeste,2922755,Nova Ibiá,84,781.09,9.3
MG,Sudeste,3155900,Rio Preto,82,780.48,9.52
SP,Sudeste,3549250,São João de Iracema,110,779.68,7.09
MA,Nordeste,2105476,Jenipapo dos Vieiras,106,778.8,7.35
TO,Norte,1713700,Monte Santo do Tocantins,54,777.55,14.4
GO,Centro Oeste,5212600,Mairipotaba,71,777.53,10.95
MG,Sudeste,3122454,Divisópolis,41,777.35,18.96
TO,Norte,1701051,Angico,44,776.83,17.66
PA,Norte,1507706,São Sebastião da Boa Vista,57,776.61,13.62
BA,Nordeste,2922052,Mulungu do Morro,110,776.05,7.06
PR,Sul,4113254,Laranjal,72,775.06,10.76
GO,Centro Oeste,5212907,Marzagão,108,774.77,7.17
MG,Sudeste,3129608,Ibiaí,63,772.79,12.27
PI,Nordeste,2200103,Agricolândia,80,772.51,9.66
MG,Sudeste,3126950,Frei Lagonegro,41,771.85,18.83
PR,Sul,4108452,Foz do Jordão,73,771.58,10.57
MA,Nordeste,2100402,Altamira do Maranhão,79,771.5,9.77
TO,Norte,1720259,São Salvador do Tocantins,60,770.11,12.84
MA,Nordeste,2110906,São Francisco do Maranhão,108,768.15,7.11
MG,Sudeste,3160108,Santo Antônio do Grama,57,767.87,13.47
MA,Nordeste,2107605,Palmeirândia,81,766.75,9.47
MG,Sudeste,3115359,Catas Altas,111,765.78,6.9
PB,Nordeste,2505600,Diamante,93,763.43,8.21
BA,Nordeste,2902401,Aurelino Leal,76,763.37,10.04
RN,Nordeste,2413706,Sítio Novo,78,763.16,9.78
RJ,Sudeste,3305901,Trajano de Moraes,105,763.0,7.27
BA,Nordeste,2923902,Pau Brasil,103,762.93,7.41
MG,Sudeste,3136959,Juvenília,63,762.64,12.11
MG,Sudeste,3171907,Virgolândia,94,761.66,8.1
AL,Nordeste,2705002,Mata Grande,93,760.71,8.18
MG,Sudeste,3135076,Jampruca,81,759.22,9.37
MG,Sudeste,3134707,Jacinto,96,758.99,7.91
MG,Sudeste,3100500,Açucena,85,758.89,8.93
PI,Nordeste,2205409,Joaquim Pires,95,758.28,7.98
PI,Nordeste,2208700,Redenção do Gurguéia,74,757.46,10.24
MA,Nordeste,2103109,Cedral,58,757.21,13.06
CE,Nordeste,2312502,São João do Jaguaribe,94,756.24,8.05
SE,Nordeste,2804706,Nossa Senhora de Lourdes,77,756.06,9.82
MG,Sudeste,3158805,Santana do Jacaré,36,754.36,20.95
PB,Nordeste,2513604,Santana dos Garrotes,93,752.94,8.1
RS,Sul,4321493,Toropi,138,751.7,5.45
BA,Nordeste,2928307,Santanópolis,90,751.68,8.35
MG,Sudeste,3130804,Ingaí,60,751.06,12.52
MG,Sudeste,3127503,Gonzaga,71,748.59,10.54
RS,Sul,4318622,São José dos Ausentes,74,746.89,10.09
MA,Nordeste,2103174,Centro Novo do Maranhão,77,743.3,9.65
GO,Centro Oeste,5221577,Uirapuru,62,741.34,11.96
MG,Sudeste,3162658,São João do Pacuí,48,740.76,15.43
MG,Sudeste,3157302,Santa Bárbara do Tugúrio,52,740.73,14.24
MG,Sudeste,3139250,Mamonas,124,740.21,5.97
TO,Norte,1700251,Abreulândia,61,739.83,12.13
GO,Centro Oeste,5213400,Moiporá,83,739.36,8.91
MG,Sudeste,3161056,São Félix de Minas,79,736.86,9.33
AC,Norte,1200054,Assis Brasil,72,736.66,10.23
PI,Nordeste,2206951,Novo Santo Antônio,64,734.87,11.48
AM,Norte,1304062,Tabatinga,36,733.9,20.39
RS,Sul,4311130,Jari,113,733.8,6.49
MG,Sudeste,3112208,Capela Nova,37,733.36,19.82
BA,Nordeste,2902203,Aramari,80,732.09,9.15
SE,Nordeste,2803906,Malhador,68,731.97,10.76
PR,Sul,4122909,Salto do Itararé,51,730.86,14.33
SE,Nordeste,2806305,Santa Luzia do Itanhy,52,730.35,14.05
PA,Norte,1502004,Cachoeira do Arari,74,730.34,9.87
RS,Sul,4320651,Silveira Martins,73,730.26,10.0
CE,Nordeste,2300804,Antonina do Norte,110,729.86,6.64
MG,Sudeste,3136108,Joanésia,101,729.24,7.22
PR,Sul,4106456,Coronel Domingos Soares,43,729.17,16.96
PB,Nordeste,2502409,Bonito de Santa Fé,83,729.14,8.78
SP,Sudeste,3514957,Embaúba,84,727.29,8.66
MG,Sudeste,3163508,São José do Jacuri,84,725.63,8.64
RS,Sul,4315321,Quevedos,83,724.18,8.73
MG,Sudeste,3163300,São José do Divino,83,724.14,8.72
PI,Nordeste,2206753,Nossa Senhora de Nazaré,111,720.98,6.5
MG,Sudeste,3159100,Santana dos Montes,48,720.08,15.0
MG,Sudeste,3157336,Santa Cruz de Minas,84,719.76,8.57
PI,Nordeste,2209203,Santa Filomena,42,719.22,17.12
MG,Sudeste,3163607,São José do Mantimento,97,717.96,7.4
MG,Sudeste,3164100,São Pedro do Suaçuí,67,717.01,10.7
MT,Centro Oeste,5106315,Novo Santo Antônio,83,716.97,8.64
PI,Nordeste,2207207,Padre Marcos,98,716.61,7.31
SP,Sudeste,3503356,Arco-Íris,66,715.5,10.84
PR,Sul,4107124,Diamante do Sul,44,715.04,16.25
PB,Nordeste,2508000,Juru,101,714.87,7.08
MG,Sudeste,3102803,Andrelândia,56,714.61,12.76
AM,Norte,1300508,Barreirinha,16,714.48,44.66
MA,Nordeste,2108801,Pirapemas,67,714.25,10.66
MG,Sudeste,3103207,Araçaí,65,714.08,10.99
BA,Nordeste,2903953,Bom Jesus da Serra,59,713.18,12.09
SE,Nordeste,2801702,Cristinápolis,60,712.37,11.87
AM,Norte,1303205,Novo Airão,41,712.3,17.37
RS,Sul,4312377,Monte Alegre dos Campos,58,712.18,12.28
MG,Sudeste,3119807,Córrego Danta,77,711.91,9.25
MG,Sudeste,3166709,Serra dos Aimorés,76,711.85,9.37
PI,Nordeste,2209955,São João da Varjota,69,710.52,10.3
PI,Nordeste,2206001,Marcos Parente,68,710.38,10.45
GO,Centro Oeste,5203104,Baliza,75,710.06,9.47
MG,Sudeste,3161601,São Geraldo da Piedade,89,709.85,7.98
PE,Nordeste,2616506,Xexéu,83,708.67,8.54
CE,Nordeste,2309102,Mulungu,97,708.1,7.3
RO,Norte,1101450,Parecis,78,708.0,9.08
MG,Sudeste,3126307,Fortaleza de Minas,88,707.15,8.04
RS,Sul,4312625,Muliterno,80,706.27,8.83
BA,Nordeste,2919058,Lajedo do Tabocal,55,706.13,12.84
SP,Sudeste,3504909,Bananal,81,705.99,8.72
MA,Nordeste,2111748,Senador Alexandre Costa,45,704.39,15.65
BA,Nordeste,2932457,Umburanas,78,703.67,9.02
MA,Nordeste,2104073,Feira Nova do Maranhão,52,703.5,13.53
MG,Sudeste,3163201,São José do Alegre,84,703.22,8.37
BA,Nordeste,2902302,Aratuípe,72,703.15,9.77
GO,Centro Oeste,5219456,Santa Rita do Novo Destino,37,702.9,19.0
MG,Sudeste,3115201,Conceição da Barra de Minas,85,702.75,8.27
PI,Nordeste,2204659,Ilha Grande,87,702.7,8.08
MG,Sudeste,3134301,Itumirim,80,702.3,8.78
PI,Nordeste,2203859,Floresta do Piauí,119,702.19,5.9
PI,Nordeste,2206670,Morro do Chapéu do Piauí,83,702.03,8.46
SP,Sudeste,3517307,Guaimbê,93,701.88,7.55
PI,Nordeste,2201101,Avelino Lopes,83,701.86,8.46
GO,Centro Oeste,5213855,Morro Agudo de Goiás,55,701.66,12.76
SP,Sudeste,3513850,Dirce Reis,114,701.37,6.15
PI,Nordeste,2207850,Pavussu,76,701.31,9.23
MG,Sudeste,3126802,Frei Gaspar,95,699.85,7.37
BA,Nordeste,2910206,Dom Macedo Costa,73,699.52,9.58
PB,Nordeste,2506707,Imaculada,60,699.51,11.66
MG,Sudeste,3170578,Vargem Alegre,61,698.6,11.45
PI,Nordeste,2203453,Dom Inocêncio,91,698.3,7.67
SP,Sudeste,3546256,Santa Cruz da Esperança,67,696.78,10.4
MG,Sudeste,3127339,Gameleiras,89,695.76,7.82
BA,Nordeste,2916609,Itapitanga,85,695.71,8.18
RS,Sul,4311734,Mampituba,67,692.84,10.34
SE,Nordeste,2806800,São Domingos,78,692.64,8.88
PB,Nordeste,2508109,Lagoa,78,692.0,8.87
PB,Nordeste,2503100,Cabaceiras,44,691.94,15.73
RS,Sul,4300638,Amaral Ferrador,95,691.65,7.28
MG,Sudeste,3111150,Campo Azul,40,690.19,17.25
MG,Sudeste,3108503,Botumirim,33,689.7,20.9
SE,Nordeste,2803401,Japoatã,63,689.44,10.94
PB,Nordeste,2500908,Arara,67,689.09,10.28
MG,Sudeste,3120870,Curral de Dentro,59,688.45,11.67
AL,Nordeste,2703007,Ibateguara,106,687.33,6.48
RR,Norte,1400506,São João da Baliza,43,686.97,15.98
PB,Nordeste,2503407,Cacimba de Areia,86,686.76,7.99
BA,Nordeste,2922607,Nilo Peçanha,82,685.21,8.36
PI,Nordeste,2209807,São Gonçalo do Piauí,102,684.3,6.71
BA,Nordeste,2903102,Barra do Rocha,69,684.18,9.92
PB,Nordeste,2504207,Catingueira,93,682.44,7.34
SP,Sudeste,3527504,Lucianópolis,107,681.89,6.37
PI,Nordeste,2205565,Lagoa do Barro do Piauí,85,681.61,8.02
TO,Norte,1717800,Ponte Alta do Bom Jesus,89,681.51,7.66
BA,Nordeste,2922854,Nova Redenção,82,681.22,8.31
BA,Nordeste,2919900,Macururé,75,681.2,9.08
CE,Nordeste,2300408,Aiuaba,115,680.98,5.92
CE,Nordeste,2312106,Santana do Cariri,89,680.08,7.64
MT,Centro Oeste,5105309,Luciara,67,677.26,10.11
BA,Nordeste,2901957,Apuarema,83,676.42,8.15
SP,Sudeste,3549953,São Lourenço da Serra,81,676.41,8.35
PI,Nordeste,2210656,Sigefredo Pacheco,90,676.28,7.51
PR,Sul,4120101,Porto Amazonas,46,676.1,14.7
GO,Centro Oeste,5222203,Vila Boa,58,675.86,11.65
MG,Sudeste,3111903,Cana Verde,104,674.18,6.48
MG,Sudeste,3125804,Fernandes Tourinho,85,673.53,7.92
PR,Sul,4124301,Santo Antônio do Paraíso,56,672.26,12.0
TO,Norte,1718899,Santa Rita do Tocantins,56,671.54,11.99
MG,Sudeste,3138351,Leme do Prado,82,670.77,8.18
GO,Centro Oeste,5206909,Davinópolis,80,670.16,8.38
RN,Nordeste,2408706,Paraú,112,670.09,5.98
MA,Nordeste,2106375,Maranhãozinho,58,669.32,11.54
AL,Nordeste,2707909,Santa Luzia do Norte,73,668.78,9.16
PB,Nordeste,2508406,Lastro,43,668.57,15.55
PE,Nordeste,2608206,Joaquim Nabuco,79,668.3,8.46
MG,Sudeste,3120102,Couto de Magalhães de Minas,57,668.24,11.72
MG,Sudeste,3126505,Francisco Badaró,80,667.79,8.35
MG,Sudeste,3110400,Camacho,99,666.27,6.73
SP,Sudeste,3541802,Queiroz,128,666.1,5.2
MG,Sudeste,3138682,Luislândia,71,666.0,9.38
PI,Nordeste,2208502,Porto,84,663.29,7.9
CE,Nordeste,2301505,Arneiroz,53,663.26,12.51
CE,Nordeste,2311231,Potiretama,88,662.68,7.53
MG,Sudeste,3102407,Alvorada de Minas,39,661.68,16.97
RN,Nordeste,2411700,São Bento do Trairí,89,661.2,7.43
SP,Sudeste,3553658,Taquaral,90,660.43,7.34
SP,Sudeste,3501509,Alvinlândia,56,658.97,11.77
SC,Sul,4202438,Bocaina do Sul,50,657.32,13.15
PB,Nordeste,2510600,Ouro Velho,63,655.57,10.41
MG,Sudeste,3156502,Rubelita,57,654.62,11.48
PI,Nordeste,2205607,Landri Sales,83,653.76,7.88
CE,Nordeste,2313807,Uruburetama,110,653.17,5.94
PR,Sul,4115739,Mato Rico,64,652.44,10.19
SC,Sul,4202875,Brunópolis,68,651.15,9.58
SP,Sudeste,3519253,Iaras,212,650.64,3.07
PE,Nordeste,2603603,Camutanga,91,650.18,7.14
CE,Nordeste,2304806,Granjeiro,77,650.16,8.44
MG,Sudeste,3152131,Ponto Chique,36,649.17,18.03
MA,Nordeste,2102150,Brejo de Areia,81,648.52,8.01
PE,Nordeste,2607950,Jaqueira,55,648.33,11.79
TO,Norte,1703602,Brasilândia do Tocantins,42,647.55,15.42
MA,Nordeste,2105104,Icatu,53,646.85,12.2
MG,Sudeste,3166006,Senhora de Oliveira,70,646.83,9.24
MG,Sudeste,3129905,Ibitiúra de Minas,105,646.82,6.16
MG,Sudeste,3121001,Datas,45,645.98,14.36
MG,Sudeste,3120300,Cristália,38,645.23,16.98
PI,Nordeste,2201945,Boqueirão do Piauí,96,644.84,6.72
AL,Nordeste,2708105,Santana do Mundaú,87,643.93,7.4
CE,Nordeste,2312809,Senador Sá,71,642.76,9.05
SP,Sudeste,3510153,Canitar,178,642.74,3.61
AC,Norte,1200344,Manoel Urbano,57,642.17,11.27
AL,Nordeste,2705804,Olho D'Água do Casado,96,640.12,6.67
MG,Sudeste,3147956,Patis,40,639.84,16.0
MA,Nordeste,2107209,Nina Rodrigues,75,639.56,8.53
MA,Nordeste,2103158,Centro do Guilherme,54,639.43,11.84
MG,Sudeste,3110806,Campanário,75,638.8,8.52
SP,Sudeste,3540853,Pracinha,95,633.81,6.67
TO,Norte,1718808,Sampaio,90,631.72,7.02
MG,Sudeste,3144375,Natalândia,81,631.58,7.8
BA,Nordeste,2910909,Firmino Alves,61,630.54,10.34
MG,Sudeste,3166303,Sericita,78,629.46,8.07
PB,Nordeste,2510204,Nova Olinda,90,629.07,6.99
MT,Centro Oeste,5106703,Ponte Branca,82,628.8,7.67
RS,Sul,4307104,Herval,72,628.61,8.73
PI,Nordeste,2207603,Parnaguá,69,627.69,9.1
MG,Sudeste,3145851,Oratórios,44,627.21,14.25
PB,Nordeste,2514602,São José do Bonfim,89,626.74,7.04
AP,Norte,1600154,Pedra Branca do Amapari,48,626.23,13.05
PI,Nordeste,2201572,Belém do Piauí,56,626.01,11.18
SP,Sudeste,3544707,Sagres,120,625.97,5.22
CE,Nordeste,2311009,Poranga,71,625.83,8.81
PB,Nordeste,2510402,Olho D'Água,82,625.63,7.63
MG,Sudeste,3140555,Mata Verde,60,625.1,10.42
PI,Nordeste,2209872,São João da Fronteira,100,624.66,6.25
PA,Norte,1500701,Anajás,41,624.26,15.23
AL,Nordeste,2709004,Tanque D'Arca,67,623.69,9.31
MA,Nordeste,2105963,Lagoa Grande do Maranhão,87,623.05,7.16
BA,Nordeste,2920452,Mansidão,80,622.7,7.78
CE,Nordeste,2303907,Chaval,104,622.08,5.98
RN,Nordeste,2401909,Caiçara do Rio do Vento,53,621.73,11.73
MG,Sudeste,3172202,Wenceslau Braz,47,618.99,13.17
PI,Nordeste,2203420,Domingos Mourão,115,618.55,5.38
SP,Sudeste,3507456,Borebi,188,617.33,3.28
AP,Norte,1600105,Amapá,33,617.24,18.7
TO,Norte,1705607,Conceição do Tocantins,54,617.03,11.43
MG,Sudeste,3157278,Santa Bárbara do Monte Verde,39,616.74,15.81
BA,Nordeste,2904803,Caatiba,91,616.6,6.78
TO,Norte,1715150,Novo Alegre,55,613.7,11.16
PB,Nordeste,2506103,Fagundes,26,613.37,23.59
SP,Sudeste,3552007,Silveiras,68,612.26,9.0
MG,Sudeste,3150539,Pingo-D'Água,109,611.74,5.61
PI,Nordeste,2207777,Patos do Piauí,77,611.56,7.94
TO,Norte,1702703,Aurora do Tocantins,58,611.13,10.54
MG,Sudeste,3136405,Joaquim Felício,51,609.58,11.95
PE,Nordeste,2612901,São Benedito do Sul,51,608.87,11.94
MG,Sudeste,3138906,Machacalis,88,608.6,6.92
MG,Sudeste,3150307,Piedade do Rio Grande,71,608.17,8.57
MG,Sudeste,3101300,Alagoa,57,607.59,10.66
PE,Nordeste,2605905,Gameleira,63,606.76,9.63
RS,Sul,4314464,Pinhal da Serra,67,605.03,9.03
PE,Nordeste,2614402,Solidão,79,605.03,7.66
AM,Norte,1304104,Tapauá,46,603.91,13.13
BA,Nordeste,2918704,Lafaiete Coutinho,60,603.82,10.06
PB,Nordeste,2501708,Barra de São Miguel,60,603.35,10.06
MG,Sudeste,3165404,Sapucaí-Mirim,83,600.77,7.24
CE,Nordeste,2301406,Aratuba,64,600.45,9.38
PB,Nordeste,2505709,Dona Inês,54,600.15,11.11
PB,Nordeste,2503506,Cacimba de Dentro,50,599.26,11.99
TO,Norte,1718881,Santa Maria do Tocantins,48,597.85,12.46
MG,Sudeste,3169059,Tocos do Moji,99,597.58,6.04
PB,Nordeste,2513927,São Bentinho,64,596.96,9.33
BA,Nordeste,2917904,Jandaíra,45,596.65,13.26
MG,Sudeste,3146206,Ouro Verde de Minas,81,595.47,7.35
TO,Norte,1720101,São Bento do Tocantins,66,595.35,9.02
PE,Nordeste,2604155,Casinhas,71,594.34,8.37
RN,Nordeste,2413508,Serrinha,73,594.04,8.14
CE,Nordeste,2313252,Tarrafas,65,593.71,9.13
PA,Norte,1501253,Bannach,56,593.12,10.59
BA,Nordeste,2918902,Lajedão,80,589.77,7.37
PB,Nordeste,2503605,Caiçara,45,588.73,13.08
BA,Nordeste,2927804,Santa Cruz da Vitória,60,587.87,9.8
BA,Nordeste,2924207,Pedro Alexandre,64,587.23,9.18
MA,Nordeste,2111953,Sucupira do Riachão,49,586.9,11.98
PI,Nordeste,2209708,São Francisco do Piauí,96,586.64,6.11
RS,Sul,4318457,São José das Missões,81,586.59,7.24
SE,Nordeste,2803708,Macambira,54,586.51,10.86
PI,Nordeste,2201408,Barro Duro,69,586.02,8.49
MG,Sudeste,3113008,Caraí,94,585.88,6.23
PI,Nordeste,2205276,Jatobá do Piauí,82,584.68,7.13
TO,Norte,1712801,Maurilândia do Tocantins,51,584.67,11.46
PI,Nordeste,2202505,Caracol,90,583.46,6.48
PI,Nordeste,2200277,Alegrete do Piauí,84,582.85,6.94
AL,Nordeste,2706604,Paulo Jacinto,71,580.1,8.17
RS,Sul,4319364,São Pedro das Missões,66,580.1,8.79
RS,Sul,4322152,Tunas,64,579.73,9.06
RN,Nordeste,2409332,Santa Maria,75,579.5,7.73
MG,Sudeste,3124708,Estrela do Indaiá,55,578.2,10.51
MG,Sudeste,3135456,Jenipapo de Minas,81,578.06,7.14
BA,Nordeste,2915403,Itaju do Colônia,40,578.04,14.45
MG,Sudeste,3120151,Crisólita,81,577.87,7.13
MG,Sudeste,3102209,Alvarenga,105,574.94,5.48
BA,Nordeste,2926657,Ribeirão do Largo,58,574.8,9.91
GO,Centro Oeste,5205521,Colinas do Sul,41,573.26,13.98
MG,Sudeste,3164902,São Sebastião do Rio Verde,50,572.38,11.45
PB,Nordeste,2517407,Zabelê,21,572.29,27.25
MG,Sudeste,3115409,Catas Altas da Noruega,20,572.24,28.61
SP,Sudeste,3555703,União Paulista,137,571.93,4.17
PI,Nordeste,2209609,São Félix do Piauí,76,571.54,7.52
PI,Nordeste,2202653,Caxingó,62,570.73,9.21
AL,Nordeste,2703502,Jacuípe,33,570.43,17.29
BA,Nordeste,2918456,Jucuruçu,62,570.13,9.2
MA,Nordeste,2112274,Tufilândia,37,568.17,15.36
AL,Nordeste,2705309,Minador do Negrão,54,567.93,10.52
PI,Nordeste,2209153,Santa Cruz dos Milagres,51,567.47,11.13
SP,Sudeste,3554755,Trabiju,95,565.46,5.95
BA,Nordeste,2913457,Igrapiúna,43,565.15,13.14
BA,Nordeste,2902252,Arataca,43,564.62,13.13
BA,Nordeste,2906402,Candeal,83,563.02,6.78
BA,Nordeste,2910008,Dário Meira,57,562.94,9.88
PI,Nordeste,2209500,Santo Inácio do Piauí,90,562.35,6.25
MG,Sudeste,3103801,Arapuá,67,561.25,8.38
PE,Nordeste,2609154,Manari,66,559.99,8.48
MA,Nordeste,2107456,Olinda Nova do Maranhão,66,558.99,8.47
RS,Sul,4319737,São Valério do Sul,69,558.05,8.09
MA,Nordeste,2110237,Santana do Maranhão,55,557.82,10.14
MG,Sudeste,3119906,Córrego do Bom Jesus,69,557.22,8.08
BA,Nordeste,2911501,Gongogi,36,556.38,15.46
SP,Sudeste,3515194,Espírito Santo do Turvo,109,555.22,5.09
PI,Nordeste,2205854,Madeiro,80,554.74,6.93
MG,Sudeste,3116001,Chalé,66,554.49,8.4
MG,Sudeste,3150109,Piau,50,553.85,11.08
PI,Nordeste,2202091,Caldeirão Grande do Piauí,62,553.48,8.93
MG,Sudeste,3145372,Novorizonte,53,552.77,10.43
PB,Nordeste,2512762,Riachão do Poço,26,551.53,21.21
PA,Norte,1504752,Mojuí dos Campos,52,551.5,10.61
MG,Sudeste,3119005,Cordislândia,67,551.08,8.23
PI,Nordeste,2209856,São João da Canabrava,70,550.69,7.87
PB,Nordeste,2512408,Puxinanã,44,550.27,12.51
BA,Nordeste,2907400,Catolândia,79,550.1,6.96
PB,Nordeste,2502607,Igaracy,71,549.78,7.74
PB,Nordeste,2509008,Manaíra,71,547.53,7.71
MG,Sudeste,3122603,Dom Joaquim,39,547.31,14.03
MG,Sudeste,3159704,Santa Rosa da Serra,56,546.25,9.75
PB,Nordeste,2515609,Serra da Raiz,26,544.21,20.93
MG,Sudeste,3126752,Franciscópolis,52,543.43,10.45
TO,Norte,1717909,Ponte Alta do Tocantins,47,542.43,11.54
GO,Centro Oeste,5206701,Damianópolis,35,541.1,15.46
PA,Norte,1504000,Limoeiro do Ajuru,68,540.96,7.96
GO,Centro Oeste,5212253,Lagoa Santa,53,540.69,10.2
MA,Nordeste,2101301,Bacuri,64,540.64,8.45
RS,Sul,4322186,Tupanci do Sul,66,540.12,8.18
SE,Nordeste,2804300,Muribeca,28,539.94,19.28
GO,Centro Oeste,5200829,Amaralina,60,539.83,9.0
AM,Norte,1302900,Maués,31,539.44,17.4
PA,Norte,1504109,Magalhães Barata,42,538.13,12.81
SC,Sul,4216057,São Cristovão do Sul,36,537.76,14.94
MG,Sudeste,3120003,Córrego Novo,89,537.42,6.04
PI,Nordeste,2206720,Nazária,26,537.1,20.66
MG,Sudeste,3154705,Ribeirão Vermelho,80,536.75,6.71
BA,Nordeste,2916708,Itaquara,57,536.72,9.42
AL,Nordeste,2700904,Belo Monte,74,535.25,7.23
TO,Norte,1717206,Piraquê,49,533.71,10.89
TO,Norte,1720853,Sucupira,69,533.07,7.73
SP,Sudeste,3555901,Uru,87,531.06,6.1
MG,Sudeste,3148400,Paulistas,42,530.38,12.63
PE,Nordeste,2604809,Cortês,50,529.92,10.6
GO,Centro Oeste,5214705,Nova América,69,529.61,7.68
TO,Norte,1701309,Aragominas,64,529.22,8.27
SP,Sudeste,3515657,Fernão,64,528.96,8.26
MG,Sudeste,3102506,Amparo da Serra,52,528.3,10.16
BA,Nordeste,2900603,Aiquara,56,527.73,9.42
PI,Nordeste,2201051,Assunção do Piauí,85,527.62,6.21
AM,Norte,1300409,Barcelos,19,527.3,27.75
PI,Nordeste,2205573,Lagoa de São Francisco,67,527.16,7.87
PI,Nordeste,2202026,Buriti dos Montes,63,523.85,8.32
SP,Sudeste,3549607,São José do Barreiro,34,523.77,15.4
BA,Nordeste,2915700,Itamari,76,523.75,6.89
MG,Sudeste,3148806,Pedra do Anta,67,523.18,7.81
PI,Nordeste,2204105,Francisco Ayres,84,521.96,6.21
MG,Sudeste,3132305,Itaipé,102,521.3,5.11
PR,Sul,4105201,Cerro Azul,34,521.08,15.33
GO,Centro Oeste,5208301,Divinópolis de Goiás,30,520.99,17.37
BA,Nordeste,2907004,Cardeal da Silva,43,519.88,12.09
PR,Sul,4100202,Adrianópolis,33,519.27,15.74
PB,Nordeste,2515104,São Sebastião de Lagoa de Roça,40,518.55,12.96
MG,Sudeste,3136520,José Gonçalves de Minas,49,518.35,10.58
PI,Nordeste,2203354,Dirceu Arcoverde,76,518.34,6.82
MG,Sudeste,3121506,Desterro do Melo,39,518.26,13.29
AM,Norte,1301100,Careiro,26,517.19,19.89
SP,Sudeste,3543253,Ribeirão Grande,54,515.75,9.55
AC,Norte,1200351,Marechal Thaumaturgo,42,515.35,12.27
BA,Nordeste,2903300,Barro Preto,38,514.61,13.54
PE,Nordeste,2601052,Araçoiaba,53,514.05,9.7
BA,Nordeste,2924108,Pedrão,56,513.97,9.18
RS,Sul,4310413,Inhacorá,88,513.93,5.84
RS,Sul,4317004,Santana da Boa Vista,78,513.52,6.58
MA,Nordeste,2109270,Presidente Sarney,59,513.19,8.7
AL,Nordeste,2702207,Coqueiro Seco,53,513.17,9.68
MG,Sudeste,3148756,Pedra Bonita,87,512.11,5.89
PB,Nordeste,2504355,Caturité,41,511.14,12.47
BA,Nordeste,2931707,Terra Nova,58,510.52,8.8
PB,Nordeste,2507903,Juripiranga,47,510.33,10.86
RS,Sul,4304853,Carlos Gomes,51,510.29,10.01
TO,Norte,1718550,Riachinho,63,508.97,8.08
PI,Nordeste,2202851,Coronel José Dias,53,508.21,9.59
PE,Nordeste,2600609,Alagoinha,62,507.02,8.18
MA,Nordeste,2110807,São Félix de Balsas,58,506.08,8.73
PB,Nordeste,2504702,Congo,53,505.91,9.55
RS,Sul,4302055,Benjamin Constant do Sul,50,505.34,10.11
PI,Nordeste,2202117,Campo Alegre do Fidalgo,61,505.31,8.28
MG,Sudeste,3137304,Lagoa dos Patos,27,505.2,18.71
MA,Nordeste,2104701,Graça Aranha,66,504.58,7.65
SE,Nordeste,2806107,Rosário do Catete,51,504.12,9.88
RN,Nordeste,2403756,Fernando Pedroza,64,503.19,7.86
RN,Nordeste,2402808,Coronel Ezequiel,52,503.05,9.67
BA,Nordeste,2924900,Planaltino,62,502.95,8.11
PI,Nordeste,2211506,Vera Mendes,58,501.01,8.64
MA,Nordeste,2107308,Nova Iorque,65,500.59,7.7
RN,Nordeste,2404101,Galinhos,59,500.58,8.48
MG,Sudeste,3103108,Antônio Prado de Minas,71,500.57,7.05
RN,Nordeste,2413201,Senador Georgino Avelino,48,500.39,10.42
RS,Sul,4311429,Lajeado do Bugre,48,500.13,10.42
GO,Centro Oeste,5216908,Pilar de Goiás,59,499.83,8.47
PB,Nordeste,2512077,Poço de José de Moura,106,499.57,4.71
MG,Sudeste,3126604,Francisco Dumont,35,499.32,14.27
AC,Norte,1200393,Porto Walter,55,499.07,9.07
PI,Nordeste,2202711,Cocal de Telha,84,497.0,5.92
RS,Sul,4310751,Ivorá,65,496.98,7.65
PI,Nordeste,2201919,Bom Princípio do Piauí,79,495.88,6.28
BA,Nordeste,2905503,Caldeirão Grande,71,494.42,6.96
PB,Nordeste,2513000,Salgadinho,48,493.81,10.29
BA,Nordeste,2924678,Piraí do Norte,77,493.78,6.41
MG,Sudeste,3116100,Chapada do Norte,60,493.07,8.22
PB,Nordeste,2502102,Boa Ventura,67,492.94,7.36
PI,Nordeste,2204600,Hugo Napoleão,56,492.54,8.8
AM,Norte,1300144,Apuí,31,490.99,15.84
TO,Norte,1706258,Crixás do Tocantins,52,490.95,9.44
SE,Nordeste,2802601,Graccho Cardoso,37,490.74,13.26
AL,Nordeste,2701357,Campestre,69,489.65,7.1
PB,Nordeste,2514651,São José do Brejo do Cruz,76,489.35,6.44
PI,Nordeste,2204006,Francinópolis,77,488.27,6.34
PI,Nordeste,2209302,Santa Luz,61,488.2,8.0
PB,Nordeste,2507606,Juarez Távora,39,486.53,12.48
PI,Nordeste,2210904,Socorro do Piauí,83,485.21,5.85
PE,Nordeste,2610103,Palmeirina,91,484.92,5.33
MG,Sudeste,3170651,Vargem Grande do Rio Pardo,55,484.49,8.81
TO,Norte,1719004,Santa Tereza do Tocantins,41,484.44,11.82
PI,Nordeste,2203008,Cristalândia do Piauí,43,484.34,11.26
PA,Norte,1506906,Santarém Novo,30,483.02,16.1
TO,Norte,1712157,Lavandeira,41,482.4,11.77
PI,Nordeste,2205516,Juazeiro do Piauí,64,482.32,7.54
CE,Nordeste,2308377,Miraíma,59,481.74,8.17
PI,Nordeste,2209351,Santana do Piauí,72,481.25,6.68
MG,Sudeste,3129400,Ibertioga,41,481.09,11.73
PB,Nordeste,2517100,Várzea,75,480.13,6.4
PE,Nordeste,2611533,Quixaba,72,479.85,6.66
CE,Nordeste,2300606,Altaneira,30,479.76,15.99
AL,Nordeste,2703700,Jaramataia,52,479.69,9.22
SE,Nordeste,2804458,Nossa Senhora Aparecida,52,479.42,9.22
TO,Norte,1720937,Taipas do Tocantins,16,478.66,29.92
PI,Nordeste,2209757,São Gonçalo do Gurguéia,35,478.12,13.66
MA,Nordeste,2111672,São Roberto,95,476.94,5.02
PI,Nordeste,2207553,Paquetá,59,476.0,8.07
SC,Sul,4218954,Urupema,48,475.95,9.92
AP,Norte,1600204,Calçoene,25,474.87,18.99
MA,Nordeste,2104909,Guimarães,53,473.89,8.94
AL,Nordeste,2705606,Novo Lino,47,473.2,10.07
PI,Nordeste,2201770,Boa Hora,58,472.51,8.15
PA,Norte,1501006,Aveiro,52,471.87,9.07
TO,Norte,1711803,Juarina,53,471.81,8.9
MG,Sudeste,3115904,Chácara,49,471.43,9.62
AL,Nordeste,2703908,Jundiá,63,471.39,7.48
PB,Nordeste,2510303,Nova Palmeira,59,470.44,7.97
RN,Nordeste,2406809,Lajes Pintadas,64,468.88,7.33
MA,Nordeste,2101970,Boa Vista do Gurupi,44,468.04,10.64
MA,Nordeste,2100550,Amapá do Maranhão,62,467.35,7.54
PB,Nordeste,2500106,Água Branca,67,466.91,6.97
MA,Nordeste,2105450,Jatobá,53,466.67,8.81
BA,Nordeste,2929800,Saúde,64,466.57,7.29
RN,Nordeste,2407906,Monte das Gameleiras,47,466.43,9.92
PB,Nordeste,2505006,Cubati,38,465.09,12.24
MG,Sudeste,3149002,Pedra Dourada,48,464.9,9.69
MG,Sudeste,3130002,Ibituruna,38,464.67,12.23
MG,Sudeste,3153905,Raposos,75,463.72,6.18
MG,Sudeste,3125002,Ewbank da Câmara,23,463.08,20.13
SE,Nordeste,2804904,Pacatuba,52,463.03,8.9
PA,Norte,1507466,São João da Ponta,45,460.86,10.24
MG,Sudeste,3122355,Divisa Alegre,45,460.49,10.23
PI,Nordeste,2203230,Currais,26,458.41,17.63
SP,Sudeste,3514809,Eldorado,47,456.75,9.72
MG,Sudeste,3170602,Vargem Bonita,52,455.54,8.76
BA,Nordeste,2909505,Cravolândia,48,454.62,9.47
MG,Sudeste,3162302,São João da Mata,65,452.28,6.96
MG,Sudeste,3142502,Monjolos,29,451.88,15.58
RN,Nordeste,2409209,Passagem,47,450.42,9.58
MA,Nordeste,2109304,Presidente Vargas,49,448.69,9.16
PI,Nordeste,2203800,Flores do Piauí,74,448.33,6.06
GO,Centro Oeste,5213772,Montividiu do Norte,33,448.25,13.58
MA,Nordeste,2109403,Primeira Cruz,39,447.99,11.49
PA,Norte,1506112,Quatipuru,66,446.88,6.77
BA,Nordeste,2915908,Itanagra,47,446.53,9.5
PI,Nordeste,2201176,Barra D'Alcântara,55,445.93,8.11
PB,Nordeste,2501575,Barra de Santana,42,445.63,10.61
MG,Sudeste,3167301,Silverânia,55,444.9,8.09
MG,Sudeste,3146255,Padre Carvalho,36,444.03,12.33
PB,Nordeste,2501351,Assunção,37,443.84,12.0
SE,Nordeste,2805802,Riachão do Dantas,64,443.67,6.93
MG,Sudeste,3107208,Bocaina de Minas,70,443.54,6.34
TO,Norte,1703073,Barra do Ouro,49,443.16,9.04
SP,Sudeste,3515806,Flora Rica,85,442.53,5.21
PB,Nordeste,2505402,Desterro,63,440.57,6.99
SP,Sudeste,3505005,Barão de Antonina,64,438.39,6.85
MG,Sudeste,3160207,Santo Antônio do Itambé,23,436.89,19.0
PA,Norte,1501600,Bonito,64,436.16,6.82
GO,Centro Oeste,5209457,Guarinos,51,436.11,8.55
PB,Nordeste,2509370,Mato Grosso,54,433.76,8.03
RN,Nordeste,2406155,Jundiá,72,433.04,6.01
MT,Centro Oeste,5107883,Serra Nova Dourada,44,432.15,9.82
TO,Norte,1704600,Chapada de Areia,33,431.15,13.07
SC,Sul,4215059,Rio Rufino,53,429.93,8.11
PI,Nordeste,2203255,Curralinhos,38,429.88,11.31
BA,Nordeste,2922805,Nova Itarana,45,428.78,9.53
SC,Sul,4203154,Calmon,18,428.58,23.81
PI,Nordeste,2209658,São Francisco de Assis do Piauí,55,428.47,7.79
GO,Centro Oeste,5209408,Guarani de Goiás,53,427.96,8.07
PI,Nordeste,2207959,Nova Santa Rita,56,427.57,7.64
PI,Nordeste,2202251,Canavieira,47,427.12,9.09
PE,Nordeste,2606705,Ibirajuba,51,426.85,8.37
MA,Nordeste,2100873,Araguanã,38,425.55,11.2
TO,Norte,1721307,Tupiratins,48,424.64,8.85
TO,Norte,1709807,Ipueiras,34,423.68,12.46
MG,Sudeste,3112059,Cantagalo,40,423.31,10.58
PB,Nordeste,2509396,Maturéia,40,422.81,10.57
MG,Sudeste,3170305,Umburatiba,59,422.81,7.17
RN,Nordeste,2414902,Viçosa,68,420.92,6.19
MG,Sudeste,3145455,Olhos D'Água,50,420.77,8.42
TO,Norte,1721257,Tupirama,51,418.92,8.21
SP,Sudeste,3505401,Barra do Turvo,33,418.75,12.69
CE,Nordeste,2311207,Potengi,48,418.66,8.72
SE,Nordeste,2807501,Tomar do Geru,41,415.78,10.14
SC,Sul,4219150,Vargem,94,415.35,4.42
PI,Nordeste,2210391,São Miguel do Fidalgo,66,415.13,6.29
MG,Sudeste,3165909,Senador Modestino Gonçalves,38,412.41,10.85
MG,Sudeste,3117009,Comercinho,51,412.1,8.08
TO,Norte,1718709,Rio dos Bois,43,410.11,9.54
MT,Centro Oeste,5101209,Araguainha,50,407.67,8.15
SP,Sudeste,3525805,Júlio Mesquita,51,406.96,7.98
MG,Sudeste,3100401,Acaiaca,52,403.59,7.76
PI,Nordeste,2206803,Nossa Senhora dos Remédios,45,402.25,8.94
SC,Sul,4204178,Cerro Negro,37,402.16,10.87
PI,Nordeste,2211407,Várzea Grande,63,400.38,6.36
PB,Nordeste,2505279,Curral de Cima,25,399.2,15.97
TO,Norte,1703891,Carrasco Bonito,58,398.62,6.87
MG,Sudeste,3118106,Congonhas do Norte,30,398.48,13.28
PB,Nordeste,2513505,Santana de Mangueira,71,396.76,5.59
MG,Sudeste,3166105,Senhora do Porto,31,395.99,12.77
BA,Nordeste,2929008,São Félix,59,395.4,6.7
MG,Sudeste,3125507,São Gonçalo do Rio Preto,41,394.81,9.63
PB,Nordeste,2502201,Bom Jesus,38,393.2,10.35
MG,Sudeste,3112109,Caparaó,52,393.15,7.56
AM,Norte,1300805,Borba,12,393.0,32.75
AM,Norte,1301308,Codajás,22,392.62,17.85
PI,Nordeste,2205359,João Costa,47,392.31,8.35
SC,Sul,4213351,Ponte Alta do Norte,23,390.56,16.98
RS,Sul,4300554,Alto Alegre,72,388.47,5.4
PI,Nordeste,2205458,Joca Marques,49,388.2,7.92
PB,Nordeste,2501534,Baraúna,25,388.03,15.52
PB,Nordeste,2510501,Olivedos,25,387.05,15.48
MG,Sudeste,3143450,Montezuma,63,386.75,6.14
GO,Centro Oeste,5209291,Guaraíta,32,386.6,12.08
SP,Sudeste,3542305,Redenção da Serra,42,386.19,9.2
PI,Nordeste,2206308,Miguel Leão,13,385.78,29.68
SP,Sudeste,3533809,Óleo,29,385.01,13.28
PB,Nordeste,2501203,Areial,38,384.61,10.12
MA,Nordeste,2101806,Benedito Leite,46,384.33,8.36
PB,Nordeste,2503902,Camalaú,29,383.57,13.23
MG,Sudeste,3125606,Felisburgo,51,382.61,7.5
PB,Nordeste,2511608,Pilões,35,382.52,10.93
MG,Sudeste,3138500,Liberdade,26,381.26,14.66
SP,Sudeste,3554201,Tejupá,36,380.82,10.58
PI,Nordeste,2201002,Arraial,58,380.58,6.56
RN,Nordeste,2401602,Bento Fernandes,60,379.91,6.33
PB,Nordeste,2517001,Umbuzeiro,37,377.76,10.21
PB,Nordeste,2508208,Lagoa de Dentro,37,377.02,10.19
MG,Sudeste,3123403,Doresópolis,38,375.48,9.88
SE,Nordeste,2805109,Pedrinhas,41,375.32,9.15
PI,Nordeste,2204154,Francisco Macedo,51,375.08,7.35
SE,Nordeste,2800704,Brejo Grande,26,373.77,14.38
PB,Nordeste,2509057,Marcação,39,372.28,9.55
RN,Nordeste,2401651,Bodó,30,371.21,12.37
MG,Sudeste,3167509,Simão Pereira,42,371.12,8.84
MG,Sudeste,3114808,Carvalhos,33,370.57,11.23
PI,Nordeste,2202174,Campo Largo do Piauí,44,370.52,8.42
PA,Norte,1502608,Colares,39,367.83,9.43
MG,Sudeste,3101409,Albertina,68,365.81,5.38
PB,Nordeste,2505907,Emas,50,365.0,7.3
AM,Norte,1300839,Caapiranga,29,364.63,12.57
MG,Sudeste,3115458,Catuji,41,363.7,8.87
SP,Sudeste,3532306,Natividade da Serra,53,362.67,6.84
TO,Norte,1711100,Itaporã do Tocantins,45,362.17,8.05
GO,Centro Oeste,5220702,Sítio D'Abadia,21,360.02,17.14
PI,Nordeste,2211605,Vila Nova do Piauí,47,360.01,7.66
MA,Nordeste,2106201,Luís Domingues,42,360.0,8.57
RN,Nordeste,2406403,Lagoa de Velhos,59,359.98,6.1
PI,Nordeste,2206696,Murici dos Portelas,54,358.75,6.64
SE,Nordeste,2802205,Feira Nova,38,358.45,9.43
AL,Nordeste,2701803,Carneiros,44,358.27,8.14
PI,Nordeste,2205524,Júlio Borges,38,356.46,9.38
TO,Norte,1713957,Muricilândia,39,355.62,9.12
PB,Nordeste,2501302,Aroeiras,41,353.02,8.61
SP,Sudeste,3503505,Areias,38,351.28,9.24
PI,Nordeste,2200459,Alvorada do Gurguéia,34,350.79,10.32
PI,Nordeste,2208874,Ribeira do Piauí,45,350.77,7.79
CE,Nordeste,2310100,Palmácia,40,349.53,8.74
AL,Nordeste,2707800,Roteiro,30,348.83,11.63
MG,Sudeste,3150570,Pintópolis,56,348.78,6.23
GO,Centro Oeste,5213509,Monte Alegre de Goiás,34,348.43,10.25
TO,Norte,1715507,Oliveira de Fátima,33,347.53,10.53
PI,Nordeste,2207355,Pajeú do Piauí,45,347.12,7.71
PI,Nordeste,2207934,Pedro Laurentino,41,346.99,8.46
MG,Sudeste,3132008,Itacambira,26,346.29,13.32
MG,Sudeste,3144201,Nacip Raydan,60,346.0,5.77
MG,Sudeste,3166600,Serra da Saudade,25,345.0,13.8
PA,Norte,1501105,Bagre,37,343.72,9.29
PB,Nordeste,2513356,Santa Inês,32,343.59,10.74
GO,Centro Oeste,5212055,Jesúpolis,31,343.52,11.08
RR,Norte,1400456,Pacaraima,11,342.43,31.13
PE,Nordeste,2615102,Terezinha,28,342.27,12.22
PI,Nordeste,2201556,Bela Vista do Piauí,42,341.73,8.14
MT,Centro Oeste,5101837,Boa Esperança do Norte,28,339.45,12.12
MA,Nordeste,2106672,Milagres do Maranhão,43,338.46,7.87
PI,Nordeste,2201929,Bonfim do Piauí,50,338.07,6.76
SE,Nordeste,2800407,Arauá,37,338.04,9.14
MA,Nordeste,2102507,Cajari,43,336.42,7.82
MA,Nordeste,2105658,Junco do Maranhão,21,334.32,15.92
BA,Nordeste,2900900,Almadina,42,333.58,7.94
AL,Nordeste,2707008,Pindoba,25,331.9,13.28
PI,Nordeste,2208601,Prata do Piauí,53,330.98,6.24
SE,Nordeste,2803104,Itabi,42,330.84,7.88
MG,Sudeste,3171501,Mathias Lobato,43,329.08,7.65
PB,Nordeste,2504157,Casserengue,34,327.08,9.62
PB,Nordeste,2514453,São José dos Ramos,21,326.57,15.55
MG,Sudeste,3121704,Diogo de Vasconcelos,23,326.22,14.18
MG,Sudeste,3160603,Santo Hipólito,38,325.64,8.57
MA,Nordeste,2111631,São Raimundo do Doca Bezerra,41,325.58,7.94
AM,Norte,1304401,Urucurituba,23,325.58,14.16
RN,Nordeste,2415008,Vila Flor,42,325.26,7.74
SE,Nordeste,2805208,Pinhão,31,325.16,10.49
BA,Nordeste,2911253,Gavião,37,324.41,8.77
SP,Sudeste,3553500,Tapiraí,32,323.27,10.1
TO,Norte,1712405,Lizarda,21,322.55,15.36
MG,Sudeste,3165560,Sem Peixe,33,321.13,9.73
PB,Nordeste,2509602,Monte Horebe,43,320.94,7.46
SE,Nordeste,2802700,Ilha das Flores,41,320.82,7.82
PI,Nordeste,2210359,São Lourenço do Piauí,42,317.15,7.55
TO,Norte,1718501,Recursolândia,36,316.38,8.79
MA,Nordeste,2112407,Turiaçu,27,316.34,11.72
PB,Nordeste,2512754,Riachão do Bacamarte,35,315.35,9.01
BA,Nordeste,2914208,Irajuba,47,314.25,6.69
CE,Nordeste,2304608,General Sampaio,38,314.16,8.27
PB,Nordeste,2508703,Mãe D'Água,44,312.96,7.11
MG,Sudeste,3147501,Passabém,16,310.18,19.39
PB,Nordeste,2502052,Bernardino Batista,15,309.8,20.65
PB,Nordeste,2516409,Tacima,41,309.7,7.55
MG,Sudeste,3127909,Grupiara,56,307.51,5.49
SC,Sul,4211892,Painel,31,307.38,9.92
GO,Centro Oeste,5221080,Teresina de Goiás,26,306.84,11.8
MG,Sudeste,3132800,Itambé do Mato Dentro,30,306.11,10.2
PB,Nordeste,2512036,Poço Dantas,65,306.09,4.71
BA,Nordeste,2918555,Jussari,25,306.01,12.24
MG,Sudeste,3106606,Bertópolis,45,305.63,6.79
MG,Sudeste,3116308,Cipotânea,43,304.86,7.09
MG,Sudeste,3158607,Santana do Deserto,22,304.58,13.84
BA,Nordeste,2923308,Ouriçangas,33,304.03,9.21
RN,Nordeste,2411106,Ruy Barbosa,54,303.94,5.63
PI,Nordeste,2210383,São Miguel da Baixa Grande,47,303.19,6.45
TO,Norte,1720150,São Félix do Tocantins,28,301.62,10.77
PB,Nordeste,2511103,Pedra Lavrada,52,300.89,5.79
SE,Nordeste,2806503,Santa Rosa de Lima,24,300.52,12.52
SP,Sudeste,3554607,Timburi,107,300.11,2.8
RR,Norte,1400027,Amajari,19,298.58,15.71
PI,Nordeste,2203750,Fartura do Piauí,36,297.95,8.28
MG,Sudeste,3165552,Setubinha,51,297.82,5.84
RN,Nordeste,2405405,Japi,46,297.1,6.46
PI,Nordeste,2206357,Milton Brandão,62,296.41,4.78
MG,Sudeste,3145505,Olímpio Noronha,17,295.52,17.38
AM,Norte,1300680,Boa Vista do Ramos,10,295.12,29.51
GO,Centro Oeste,5205307,Cavalcante,28,295.01,10.54
PB,Nordeste,2508505,Livramento,39,294.51,7.55
PI,Nordeste,2200806,Antônio Almeida,53,292.53,5.52
PE,Nordeste,2607109,Ingazeira,46,292.13,6.35
PA,Norte,1503002,Faro,36,291.1,8.09
PR,Sul,4109500,Guaraqueçaba,20,290.13,14.51
MG,Sudeste,3124609,Estrela Dalva,36,288.09,8.0
PB,Nordeste,2516755,Tenório,17,287.87,16.93
MA,Nordeste,2106359,Marajá do Sena,27,287.2,10.64
MG,Sudeste,3156205,Rochedo de Minas,36,286.77,7.97
SE,Nordeste,2803807,Malhada dos Bois,27,286.14,10.6
MG,Sudeste,3160454,Santo Antônio do Retiro,54,284.51,5.27
MG,Sudeste,3160306,Santo Antônio do Jacinto,53,284.02,5.36
PI,Nordeste,2210375,São Luis do Piauí,39,283.97,7.28
PA,Norte,1504505,Melgaço,32,283.92,8.87
PI,Nordeste,2205250,Jardim do Mulato,32,281.21,8.79
PI,Nordeste,2206050,Massapê do Piauí,45,280.9,6.24
MG,Sudeste,3165800,Senador José Bento,39,280.81,7.2
PI,Nordeste,2209971,São João do Arraial,45,280.73,6.24
GO,Centro Oeste,5204201,Cachoeira de Goiás,24,280.67,11.69
AL,Nordeste,2706208,Palestina,38,280.61,7.38
PI,Nordeste,2202075,Cajazeiras do Piauí,35,279.49,7.99
PI,Nordeste,2201309,Barreiras do Piauí,35,279.13,7.98
MG,Sudeste,3106655,Berizal,30,278.97,9.3
PB,Nordeste,2514800,São José dos Cordeiros,28,278.78,9.96
MA,Nordeste,2109239,Presidente Médici,31,278.43,8.98
MG,Sudeste,3158102,Santa Maria do Salto,35,278.12,7.95
PB,Nordeste,2513158,Santa Cecília,32,277.24,8.66
PB,Nordeste,2504108,Carrapateira,47,275.72,5.87
PB,Nordeste,2511707,Pilõezinhos,23,275.03,11.96
PB,Nordeste,2515401,São Vicente do Seridó,39,274.35,7.03
SE,Nordeste,2806404,Santana do São Francisco,25,271.35,10.85
PI,Nordeste,2205532,Jurema,31,270.25,8.72
PB,Nordeste,2514305,São José de Caiana,33,270.14,8.19
PB,Nordeste,2504074,Caraúbas,30,269.89,9.0
MG,Sudeste,3107505,Bom Jardim de Minas,32,268.28,8.38
PI,Nordeste,2210979,Tanque do Piauí,42,267.6,6.37
BA,Nordeste,2919108,Lamarão,46,265.94,5.78
MG,Sudeste,3104452,Aricanduva,45,262.4,5.83
PB,Nordeste,2506509,Gurjão,19,261.88,13.78
PB,Nordeste,2510709,Passagem,38,261.1,6.87
PI,Nordeste,2203271,Curral Novo do Piauí,41,260.85,6.36
PI,Nordeste,2210102,São José do Peixe,36,260.66,7.24
PI,Nordeste,2207108,Olho D'Água do Piauí,35,259.8,7.42
RN,Nordeste,2405504,Jardim de Angicos,34,258.36,7.6
GO,Centro Oeste,5214903,Nova Roma,23,258.28,11.23
SC,Sul,4210704,Matos Costa,23,257.18,11.18
PI,Nordeste,2211357,Várzea Branca,40,256.94,6.42
AM,Norte,1304302,Urucará,14,256.24,18.3
MA,Nordeste,2104651,Governador Newton Bello,32,256.23,8.01
MA,Nordeste,2104081,Fernando Falcão,22,256.22,11.65
PB,Nordeste,2505238,Cuité de Mamanguape,29,254.69,8.78
GO,Centro Oeste,5203962,Buritinópolis,22,254.46,11.57
PB,Nordeste,2506202,Frei Martinho,33,253.87,7.69
MG,Sudeste,3113800,Carmésia,19,252.32,13.28
RN,Nordeste,2409605,Pedra Preta,43,251.3,5.84
AM,Norte,1301506,Envira,10,251.0,25.1
PI,Nordeste,2202554,Caridade do Piauí,37,250.38,6.77
MG,Sudeste,3160504,Santo Antônio do Rio Abaixo,30,250.04,8.33
MG,Sudeste,3113107,Caranaíba,27,249.88,9.25
MG,Sudeste,3146602,Paiva,28,248.21,8.86
RS,Sul,4308250,Floriano Peixoto,36,247.5,6.88
PB,Nordeste,2503555,Cacimbas,27,247.0,9.15
MG,Sudeste,3117207,Conceição das Pedras,26,246.98,9.5
MG,Sudeste,3157658,Santa Helena de Minas,42,246.72,5.87
RS,Sul,4310876,Jacuizinho,24,246.68,10.28
MG,Sudeste,3105202,Bandeira,40,246.06,6.15
SE,Nordeste,2807303,Telha,17,245.94,14.47
PE,Nordeste,2609204,Maraial,31,244.0,7.87
PI,Nordeste,2202455,Capitão Gervásio Oliveira,31,242.91,7.84
AM,Norte,1301654,Guajará,19,241.16,12.69
MG,Sudeste,3142254,Miravânia,29,240.87,8.31
SE,Nordeste,2806909,São Francisco,25,240.85,9.63
MG,Sudeste,3117836,Cônego Marinho,44,238.37,5.42
PB,Nordeste,2500536,Alcantil,38,238.19,6.27
MA,Nordeste,2111789,Serrano do Maranhão,21,237.44,11.31
MG,Sudeste,3165602,Senador Cortes,18,235.53,13.08
PB,Nordeste,2515930,Sertãozinho,24,235.18,9.8
MG,Sudeste,3143708,Morro do Pilar,17,232.24,13.66
SE,Nordeste,2807006,São Miguel do Aleixo,23,231.9,10.08
AM,Norte,1300102,Anori,24,225.87,9.41
PI,Nordeste,2205540,Lagoinha do Piauí,23,223.76,9.73
AM,Norte,1300086,Anamã,10,223.0,22.3
TO,Norte,1715259,Novo Jardim,25,222.77,8.91
PI,Nordeste,2205599,Lagoa do Sítio,31,221.26,7.14
MG,Sudeste,3145406,Olaria,17,218.18,12.83
AL,Nordeste,2705903,Olho D'Água Grande,36,217.68,6.05
MG,Sudeste,3163003,São José da Safira,35,217.24,6.21
SP,Sudeste,3507159,Bom Sucesso de Itararé,20,216.74,10.84
RN,Nordeste,2414753,Venha-Ver,38,216.35,5.69
MG,Sudeste,3122801,Dom Viçoso,31,215.9,6.96
SC,Sul,4203253,Capão Alto,21,215.26,10.25
PI,Nordeste,2210953,Tamboril do Piauí,31,214.23,6.91
MG,Sudeste,3157377,Santa Cruz de Salinas,24,213.04,8.88
PB,Nordeste,2513943,São Domingos do Cariri,22,210.97,9.59
PB,Nordeste,2500734,Amparo,25,210.69,8.43
AM,Norte,1302553,Manaquiri,9,210.4,23.38
GO,Centro Oeste,5201207,Anhanguera,19,208.06,10.95
TO,Norte,1703826,Cachoeirinha,18,207.25,11.51
TO,Norte,1718659,Rio da Conceição,25,207.02,8.28
SP,Sudeste,3503158,Arapeí,13,206.22,15.86
SE,Nordeste,2807204,Siriri,24,204.99,8.54
MG,Sudeste,3159407,Santa Rita do Ibitipoca,14,203.86,14.56
AM,Norte,1301605,Fonte Boa,4,201.2,50.3
PB,Nordeste,2515203,São Sebastião do Umbuzeiro,24,201.18,8.38
PI,Nordeste,2208551,Porto Alegre do Piauí,28,199.4,7.12
MG,Sudeste,3129657,Ibiracatu,16,198.6,12.41
PB,Nordeste,2515708,Serra Grande,28,197.63,7.06
PI,Nordeste,2209559,São Braz do Piauí,23,197.49,8.59
SP,Sudeste,3504701,Balbinos,28,197.21,7.04
PB,Nordeste,2513968,São Domingos,17,196.96,11.59
PB,Nordeste,2509503,Montadas,26,196.6,7.56
MG,Sudeste,3159308,Santa Rita de Jacutinga,29,195.64,6.75
PB,Nordeste,2514552,São José de Princesa,26,194.61,7.48
PB,Nordeste,2505808,Duas Estradas,21,194.45,9.26
AM,Norte,1303502,Pauini,13,193.0,14.85
PB,Nordeste,2505303,Curral Velho,27,192.14,7.12
RN,Nordeste,2405900,João Dias,29,191.89,6.62
AM,Norte,1303106,Nova Olinda do Norte,6,191.15,31.86
MA,Nordeste,2109759,Santa Filomena do Maranhão,27,191.01,7.07
SE,Nordeste,2801108,Canhoba,16,190.7,11.92
SP,Sudeste,3522653,Itapirapuã Paulista,17,187.9,11.05
MG,Sudeste,3146750,Palmópolis,30,187.82,6.26
MG,Sudeste,3166402,Seritinga,19,187.5,9.87
PB,Nordeste,2500577,Algodão de Jandaíra,15,187.07,12.47
PI,Nordeste,2207751,Passagem Franca do Piauí,12,185.08,15.42
AM,Norte,1302009,Itapiranga,9,185.07,20.56
PB,Nordeste,2502706,Borborema,21,184.46,8.78
PA,Norte,1502806,Curralinho,16,181.06,11.32
AM,Norte,1302108,Japurá,5,179.0,35.8
MG,Sudeste,3153301,Presidente Kubitschek,18,178.95,9.94
SP,Sudeste,3551207,Sarutaiá,26,176.71,6.8
PB,Nordeste,2508554,Logradouro,29,176.05,6.07
SP,Sudeste,3507209,Borá,27,175.46,6.5
MG,Sudeste,3143153,Monte Formoso,15,175.18,11.68
MG,Sudeste,3166501,Serra Azul de Minas,12,174.01,14.5
MG,Sudeste,3140605,Materlândia,21,173.9,8.28
PB,Nordeste,2515807,Serra Redonda,24,170.8,7.12
SP,Sudeste,3542800,Ribeira,21,170.12,8.1
PB,Nordeste,2515906,Serraria,18,168.9,9.38
BA,Nordeste,2912608,Ibiquera,14,167.6,11.97
PE,Nordeste,2612109,Salgadinho,14,165.29,11.81
MA,Nordeste,2102374,Cachoeira Grande,16,165.1,10.32
PB,Nordeste,2516151,Sossêgo,21,161.83,7.71
PB,Nordeste,2506251,Gado Bravo,16,160.89,10.06
PB,Nordeste,2512747,Riachão,13,160.74,12.36
MG,Sudeste,3155009,Rio Doce,23,159.72,6.94
MG,Sudeste,3167004,Serranos,19,158.38,8.34
RS,Sul,4314175,Pedras Altas,16,157.14,9.82
MG,Sudeste,3127057,Fronteira dos Vales,24,155.51,6.48
AM,Norte,1303809,São Gabriel da Cachoeira,11,152.72,13.88
AM,Norte,1301951,Itamarati,9,150.48,16.72
AC,Norte,1200328,Jordão,11,149.97,13.63
MG,Sudeste,3127073,Fruta de Leite,30,148.58,4.95
SE,Nordeste,2800100,Amparo de São Francisco,14,143.86,10.28
SE,Nordeste,2802007,Divina Pastora,11,143.62,13.06
PB,Nordeste,2512721,Pedro Régis,15,143.4,9.56
PI,Nordeste,2206654,Morro Cabeça no Tempo,18,143.37,7.96
AP,Norte,1600212,Cutias,13,141.7,10.9
MA,Nordeste,2101731,Belágua,10,140.95,14.1
MG,Sudeste,3106804,Bias Fortes,13,138.02,10.62
PB,Nordeste,2505352,Damião,15,134.01,8.93
MA,Nordeste,2101350,Bacurituba,17,133.63,7.86
BA,Nordeste,2929354,São José da Vitória,18,133.02,7.39
AM,Norte,1300631,Beruri,9,132.5,14.72
AM,Norte,1303957,São Sebastião do Uatumã,6,130.84,21.81
MG,Sudeste,3136579,Josenópolis,15,128.3,8.55
SE,Nordeste,2801900,Cumbe,17,125.56,7.39
PI,Nordeste,2208858,Riacho Frio,12,124.82,10.4
PI,Nordeste,2210623,Sebastião Barros,15,122.75,8.18
AM,Norte,1303007,Nhamundá,14,121.8,8.7
AP,Norte,1600253,Itaubal,15,120.16,8.01
MG,Sudeste,3145703,Oliveira Fortes,16,119.38,7.46
PB,Nordeste,2504850,Coxixola,15,117.99,7.87
MG,Sudeste,3158706,Santana do Garambéu,11,117.85,10.71
SP,Sudeste,3521200,Iporanga,34,114.76,3.38
PB,Nordeste,2514107,São João do Tigre,16,114.29,7.14
PI,Nordeste,2209450,Santo Antônio dos Milagres,17,111.56,6.56
SP,Sudeste,3522158,Itaóca,12,109.8,9.15
MG,Sudeste,3164803,São Sebastião do Rio Preto,10,108.87,10.89
AC,Norte,1200435,Santa Rosa do Purus,6,108.5,18.08
TO,Norte,1704105,Centenário,14,106.05,7.58
MG,Sudeste,3115607,Cedro do Abaeté,12,102.41,8.53
RR,Norte,1400407,Normandia,9,102.1,11.34
MG,Sudeste,3103306,Aracitaba,18,100.21,5.57
AM,Norte,1304005,Silves,8,99.0,12.38
PB,Nordeste,2512788,Riacho de Santo Antônio,6,98.84,16.47
SE,Nordeste,2802502,General Maynard,14,98.74,7.05
AM,Norte,1304260,Uarini,9,98.17,10.91
SC,Sul,4220000,Balneário Rincão,14,97.9,6.99
MG,Sudeste,3118502,Consolação,15,97.86,6.52
MG,Sudeste,3103603,Arantina,9,97.0,10.78
MA,Nordeste,2103125,Central do Maranhão,13,92.47,7.11
SE,Nordeste,2805000,Pedra Mole,15,92.31,6.15
MG,Sudeste,3140407,Marmelópolis,17,90.95,5.35
PB,Nordeste,2513653,Joca Claudino,12,90.86,7.57
AP,Norte,1600055,Serra do Navio,5,89.1,17.82
PI,Nordeste,2200954,Aroeiras do Itaim,14,89.0,6.36
AM,Norte,1302207,Juruá,4,89.0,22.25
AM,Norte,1300904,Canutama,9,89.0,9.89
PB,Nordeste,2509909,Natuba,12,88.16,7.35
AM,Norte,1301159,Careiro da Várzea,7,88.13,12.59
PR,Sul,4128633,Doutor Ulysses,9,76.32,8.48
MG,Sudeste,3147808,Passa Vinte,12,74.29,6.19
AM,Norte,1300029,Alvarães,5,70.95,14.19
PB,Nordeste,2510659,Parari,6,69.58,11.6
MG,Sudeste,3149408,Pedro Teixeira,10,67.28,6.73
AM,Norte,1301803,Ipixuna,8,67.0,8.38
PB,Nordeste,2501153,Areia de Baraúnas,11,66.5,6.05
PB,Nordeste,2509339,Matinhas,9,58.41,6.49
MA,Nordeste,2109056,Porto Rico do Maranhão,6,58.0,9.67
PB,Nordeste,2513851,Santo André,8,55.2,6.9
PI,Nordeste,2207793,Pau D'Arco do Piauí,7,53.0,7.57
PI,Nordeste,2204550,Guaribas,9,49.64,5.52
SP,Sudeste,3505351,Barra do Chapéu,45,46.77,1.04
MA,Nordeste,2102408,Cajapió,6,41.15,6.86
AM,Norte,1303601,Santa Isabel do Rio Negro,3,40.0,13.33
AM,Norte,1304237,Tonantins,2,36.0,18.0
AM,Norte,1302801,Maraã,1,30.0,30.0
PA,Norte,1502509,Chaves,1,30.0,30.0
AP,Norte,1600550,Pracuúba,4,29.5,7.38
RR,Norte,1400704,Uiramutã,1,25.0,25.0
PA,Norte,1506401,Santa Cruz do Arari,2,20.0,10.0
AM,Norte,1302306,Jutaí,2,17.0,8.5
AM,Norte,1300607,Benjamin Constant,2,12.32,6.16
AM,Norte,1303304,Novo Aripuanã,1,10.0,10.0
