CodMunicipioIbge,populacao,ano
1100015,22724,2026
1100023,109731,2026
1100031,5640,2026
1100049,98884,2026
1100056,16957,2026
1100064,16432,2026
1100072,7938,2026
1100080,13499,2026
1100098,32960,2026
1100106,43633,2026
1100114,55774,2026
1100122,140800,2026
1100130,34229,2026
1100148,16251,2026
1100155,38686,2026
1100189,39377,2026
1100205,520379,2026
1100254,20372,2026
1100262,3781,2026
1100288,63336,2026
1100296,7798,2026
1100304,110708,2026
1100320,22343,2026
1100338,28894,2026
1100346,13611,2026
1100379,12213,2026
1100403,17471,2026
1100452,30573,2026
1100502,7894,2026
1100601,4242,2026
1100700,8972,2026
1100809,24454,2026
1100908,3445,2026
1100924,10250,2026
1100940,15872,2026
1101005,8264,2026
1101104,9247,2026
1101203,6389,2026
1101302,9579,2026
1101401,12100,2026
1101435,6506,2026
1101450,4356,2026
1101468,2308,2026
1101476,3259,2026
1101484,5571,2026
1101492,17601,2026
1101500,12973,2026
1101559,4507,2026
1101609,8383,2026
1101708,11254,2026
1101757,8178,2026
1101807,6740,2026
1200013,14762,2026
1200054,8716,2026
1200104,28198,2026
1200138,14076,2026
1200179,11035,2026
1200203,99404,2026
1200252,19997,2026
1200302,37874,2026
1200328,9972,2026
1200336,20616,2026
1200344,13057,2026
1200351,18154,2026
1200385,17088,2026
1200393,11386,2026
1200401,390058,2026
1200427,15580,2026
1200435,7285,2026
1200450,22447,2026
1200500,44170,2026
1200609,47090,2026
1200708,19244,2026
1200807,17585,2026
1300029,16938,2026
1300060,11633,2026
1300086,9981,2026
1300102,18135,2026
1300144,21971,2026
1300201,15920,2026
1300300,46641,2026
1300409,17805,2026
1300508,34025,2026
1300607,41261,2026
1300631,22842,2026
1300680,27052,2026
1300706,39176,2026
1300805,34836,2026
1300839,14980,2026
1300904,18327,2026
1301001,31383,2026
1301100,32289,2026
1301159,20081,2026
1301209,73403,2026
1301308,24627,2026
1301407,36027,2026
1301506,18062,2026
1301605,28491,2026
1301654,14356,2026
1301704,64390,2026
1301803,25792,2026
1301852,70248,2026
1301902,115218,2026
1301951,12150,2026
1302009,11090,2026
1302108,9527,2026
1302207,11106,2026
1302306,28712,2026
1302405,50040,2026
1302504,113042,2026
1302553,15902,2026
1302603,2327101,2026
1302702,58557,2026
1302801,15716,2026
1302900,67021,2026
1303007,21394,2026
1303106,27965,2026
1303205,16648,2026
1303304,25506,2026
1303403,101754,2026
1303502,20330,2026
1303536,33580,2026
1303569,25342,2026
1303601,13724,2026
1303700,30987,2026
1303809,58359,2026
1303908,35619,2026
1303957,12415,2026
1304005,12827,2026
1304062,74384,2026
1304104,20849,2026
1304203,81046,2026
1304237,20417,2026
1304260,15815,2026
1304302,19738,2026
1304401,26373,2026
1400027,16647,2026
1400050,24135,2026
1400100,500965,2026
1400159,15922,2026
1400175,21659,2026
1400209,23061,2026
1400233,12303,2026
1400282,11098,2026
1400308,20398,2026
1400407,16908,2026
1400456,24132,2026
1400472,38840,2026
1400506,10215,2026
1400605,7920,2026
1400704,16809,2026
1500107,173638,2026
1500131,6250,2026
1500206,63503,2026
1500305,40692,2026
1500347,17246,2026
1500404,76889,2026
1500503,36545,2026
1500602,140450,2026
1500701,30482,2026
1500800,510563,2026
1500859,36304,2026
1500909,48216,2026
1500958,24070,2026
1501006,19531,2026
1501105,35640,2026
1501204,57717,2026
1501253,4327,2026
1501303,140756,2026
1501402,1396157,2026
1501451,19191,2026
1501501,69703,2026
1501576,19294,2026
1501600,12925,2026
1501709,133268,2026
1501725,27635,2026
1501758,6947,2026
1501782,46792,2026
1501808,117028,2026
1501907,25019,2026
1501956,18881,2026
1502004,25683,2026
1502103,145843,2026
1502152,92311,2026
1502202,75791,2026
1502301,60663,2026
1502400,210592,2026
1502509,21514,2026
1502608,13720,2026
1502707,47187,2026
1502756,28253,2026
1502764,15354,2026
1502772,21088,2026
1502806,37164,2026
1502855,15069,2026
1502905,45330,2026
1502939,63306,2026
1502954,29154,2026
1503002,9208,2026
1503044,18625,2026
1503077,25565,2026
1503093,26361,2026
1503101,34344,2026
1503200,37992,2026
1503309,69918,2026
1503408,10813,2026
1503457,28403,2026
1503507,32780,2026
1503606,136990,2026
1503705,52213,2026
1503754,27130,2026
1503804,37086,2026
1503903,54546,2026
1504000,32387,2026
1504059,37881,2026
1504109,8450,2026
1504208,293344,2026
1504307,27054,2026
1504406,28210,2026
1504422,119859,2026
1504455,28718,2026
1504505,30305,2026
1504604,28982,2026
1504703,92688,2026
1504752,26305,2026
1504802,64350,2026
1504901,50314,2026
1504950,21346,2026
1504976,14383,2026
1505007,13147,2026
1505031,37570,2026
1505064,63836,2026
1505106,55774,2026
1505205,37078,2026
1505304,73301,2026
1505403,18886,2026
1505437,35585,2026
1505486,43882,2026
1505494,7041,2026
1505502,114128,2026
1505536,312427,2026
1505551,7410,2026
1505601,8720,2026
1505635,13390,2026
1505650,18258,2026
1505700,25707,2026
1505809,68236,2026
1505908,44552,2026
1506005,39132,2026
1506104,11424,2026
1506112,11807,2026
1506138,93414,2026
1506161,19250,2026
1506187,57452,2026
1506195,37042,2026
1506203,49140,2026
1506302,25925,2026
1506351,22764,2026
1506401,7599,2026
1506500,80039,2026
1506559,21370,2026
1506583,17051,2026
1506609,25930,2026
1506708,29273,2026
1506807,364298,2026
1506906,6362,2026
1507003,29330,2026
1507102,17267,2026
1507151,21475,2026
1507201,32655,2026
1507300,63393,2026
1507409,15439,2026
1507458,24882,2026
1507466,4432,2026
1507474,21505,2026
1507508,14338,2026
1507607,56135,2026
1507706,27853,2026
1507755,6261,2026
1507805,25517,2026
1507904,25409,2026
1507953,75062,2026
1507961,10858,2026
1507979,19912,2026
1508001,73762,2026
1508035,30612,2026
1508050,15484,2026
1508084,43270,2026
1508100,96004,2026
1508126,39153,2026
1508159,45984,2026
1508209,54309,2026
1508308,62398,2026
1508357,16686,2026
1508407,58508,2026
1600055,5019,2026
1600105,8447,2026
1600154,13971,2026
1600204,11527,2026
1600212,4722,2026
1600238,7220,2026
1600253,6147,2026
1600279,37781,2026
1600303,491987,2026
1600402,23958,2026
1600501,31071,2026
1600535,19103,2026
1600550,4053,2026
1600600,119224,2026
1600709,13846,2026
1600808,11877,2026
1700251,2695,2026
1700301,4469,2026
1700350,5172,2026
1700400,6428,2026
1700707,9161,2026
1701002,10736,2026
1701051,2889,2026
1701101,5152,2026
1701309,5302,2026
1701903,6006,2026
1702000,8213,2026
1702109,184495,2026
1702158,4263,2026
1702208,33364,2026
1702307,5425,2026
1702406,10500,2026
1702554,18341,2026
1702703,3415,2026
1702901,10799,2026
1703008,7498,2026
1703057,3575,2026
1703073,4691,2026
1703107,4866,2026
1703206,4298,2026
1703305,4221,2026
1703602,2009,2026
1703701,4752,2026
1703800,10737,2026
1703826,1973,2026
1703842,9028,2026
1703867,4184,2026
1703883,2237,2026
1703891,3326,2026
1703909,5047,2026
1704105,2088,2026
1704600,1585,2026
1705102,3169,2026
1705508,36451,2026
1705557,4916,2026
1705607,3929,2026
1706001,5563,2026
1706100,6349,2026
1706258,1491,2026
1706506,6130,2026
1707009,17905,2026
1707108,7388,2026
1707207,6311,2026
1707306,4289,2026
1707405,7281,2026
1707553,3487,2026
1707652,5331,2026
1707702,7746,2026
1708205,19517,2026
1708254,3804,2026
1708304,4824,2026
1709005,12884,2026
1709302,25975,2026
1709500,90818,2026
1709807,1625,2026
1710508,6950,2026
1710706,5116,2026
1710904,3692,2026
1711100,2464,2026
1711506,3389,2026
1711803,2311,2026
1711902,16934,2026
1711951,3616,2026
1712009,3595,2026
1712157,1679,2026
1712405,2912,2026
1712454,2819,2026
1712504,4812,2026
1712702,2955,2026
1712801,3171,2026
1713205,18576,2026
1713304,13090,2026
1713601,5614,2026
1713700,2541,2026
1713809,4806,2026
1713957,3517,2026
1714203,8950,2026
1714302,4684,2026
1714880,10592,2026
1715002,3362,2026
1715101,4134,2026
1715150,1794,2026
1715259,2241,2026
1715507,1228,2026
1715705,4900,2026
1715754,7090,2026
1716109,56223,2026
1716208,10899,2026
1716307,4030,2026
1716505,15051,2026
1716604,9332,2026
1716653,5032,2026
1716703,9152,2026
1717008,4602,2026
1717206,2195,2026
1717503,7440,2026
1717800,4266,2026
1717909,7905,2026
1718006,2967,2026
1718204,70507,2026
1718303,9640,2026
1718402,2983,2026
1718451,2215,2026
1718501,3438,2026
1718550,4020,2026
1718659,1832,2026
1718709,2858,2026
1718758,4642,2026
1718808,4422,2026
1718840,3927,2026
1718865,7575,2026
1718881,2707,2026
1718899,2306,2026
1718907,4809,2026
1719004,2925,2026
1720002,2459,2026
1720101,6070,2026
1720150,1919,2026
1720200,14286,2026
1720259,2329,2026
1720309,4176,2026
1720499,4561,2026
1720655,5267,2026
1720804,11554,2026
1720853,1583,2026
1720903,14153,2026
1720937,2099,2026
1720978,2501,2026
1721000,333154,2026
1721109,7851,2026
1721208,23246,2026
1721257,2045,2026
1721307,1875,2026
1722081,10718,2026
1722107,10591,2026
2100055,110703,2026
2100105,6309,2026
2100154,12474,2026
2100204,18675,2026
2100303,23772,2026
2100402,6534,2026
2100436,24515,2026
2100477,26241,2026
2100501,11401,2026
2100550,7395,2026
2100600,38337,2026
2100709,26275,2026
2100808,14115,2026
2100832,17693,2026
2100873,11253,2026
2100907,40190,2026
2100956,27782,2026
2101004,30585,2026
2101103,12101,2026
2101202,107874,2026
2101251,17498,2026
2101301,16957,2026
2101350,5376,2026
2101400,106332,2026
2101509,19524,2026
2101608,87830,2026
2101707,68439,2026
2101731,8782,2026
2101772,12132,2026
2101806,5601,2026
2101905,19955,2026
2101939,5994,2026
2101970,7792,2026
2102002,33850,2026
2102036,29620,2026
2102077,12333,2026
2102101,35382,2026
2102150,9343,2026
2102200,30925,2026
2102309,22937,2026
2102325,56590,2026
2102358,13098,2026
2102374,10057,2026
2102408,10331,2026
2102507,16652,2026
2102556,12522,2026
2102606,20464,2026
2102705,25131,2026
2102754,11696,2026
2102804,24630,2026
2102903,24950,2026
2103000,163650,2026
2103109,10448,2026
2103125,7209,2026
2103158,12715,2026
2103174,16432,2026
2103208,84564,2026
2103257,13131,2026
2103307,118272,2026
2103406,42774,2026
2103505,41826,2026
2103554,15291,2026
2103604,61324,2026
2103703,32598,2026
2103752,14863,2026
2103802,23607,2026
2103901,10439,2026
2104008,18743,2026
2104057,34293,2026
2104073,8239,2026
2104081,11250,2026
2104099,18164,2026
2104107,12974,2026
2104206,17348,2026
2104305,10425,2026
2104404,17580,2026
2104503,10480,2026
2104552,19010,2026
2104602,14269,2026
2104628,7213,2026
2104651,11004,2026
2104677,23493,2026
2104701,6160,2026
2104800,75281,2026
2104909,10412,2026
2105005,26552,2026
2105104,25332,2026
2105153,14411,2026
2105203,10460,2026
2105302,286383,2026
2105351,14142,2026
2105401,62260,2026
2105427,22863,2026
2105450,7577,2026
2105476,17555,2026
2105500,25331,2026
2105609,15221,2026
2105658,5287,2026
2105708,45857,2026
2105807,9676,2026
2105906,15062,2026
2105922,10804,2026
2105948,8963,2026
2105963,11749,2026
2105989,7236,2026
2106003,11560,2026
2106102,11891,2026
2106201,7379,2026
2106300,13873,2026
2106326,21768,2026
2106359,7142,2026
2106375,14097,2026
2106409,17618,2026
2106508,22549,2026
2106607,33350,2026
2106631,18087,2026
2106672,9079,2026
2106706,21552,2026
2106755,24371,2026
2106805,14298,2026
2106904,28526,2026
2107001,9304,2026
2107100,19033,2026
2107209,14621,2026
2107258,5152,2026
2107308,4405,2026
2107357,14302,2026
2107407,18281,2026
2107456,13932,2026
2107506,153903,2026
2107605,21702,2026
2107704,18564,2026
2107803,32212,2026
2107902,17590,2026
2108009,19284,2026
2108058,17625,2026
2108108,20803,2026
2108207,38239,2026
2108256,24989,2026
2108306,33463,2026
2108405,11187,2026
2108454,20896,2026
2108504,32560,2026
2108603,88241,2026
2108702,22378,2026
2108801,18143,2026
2108900,17351,2026
2109007,24618,2026
2109056,6092,2026
2109106,46631,2026
2109205,11616,2026
2109239,4690,2026
2109270,17936,2026
2109304,10791,2026
2109403,13918,2026
2109452,32246,2026
2109502,22776,2026
2109551,7605,2026
2109601,39759,2026
2109700,6238,2026
2109759,6828,2026
2109809,43278,2026
2109908,88320,2026
2110005,58667,2026
2110039,24907,2026
2110104,24501,2026
2110203,38625,2026
2110237,10744,2026
2110278,14294,2026
2110302,14632,2026
2110401,18825,2026
2110500,48280,2026
2110609,27930,2026
2110658,8255,2026
2110708,35269,2026
2110807,4487,2026
2110856,9184,2026
2110906,12367,2026
2111003,18871,2026
2111029,12305,2026
2111052,10078,2026
2111078,17252,2026
2111102,25926,2026
2111201,260695,2026
2111250,7087,2026
2111300,1090229,2026
2111409,18097,2026
2111508,40191,2026
2111532,14829,2026
2111573,6018,2026
2111607,19184,2026
2111631,5755,2026
2111672,4554,2026
2111706,19848,2026
2111722,8770,2026
2111748,10449,2026
2111763,15052,2026
2111789,10488,2026
2111805,17470,2026
2111904,10470,2026
2111953,5076,2026
2112001,9150,2026
2112100,27314,2026
2112209,183123,2026
2112233,23137,2026
2112274,5634,2026
2112308,37331,2026
2112407,39070,2026
2112456,33383,2026
2112506,55107,2026
2112605,34216,2026
2112704,44359,2026
2112803,53229,2026
2112852,10549,2026
2112902,31866,2026
2113009,31933,2026
2114007,41704,2026
2200053,6309,2026
2200103,5010,2026
2200202,18269,2026
2200251,6853,2026
2200277,4696,2026
2200301,13723,2026
2200400,50509,2026
2200459,5488,2026
2200509,17602,2026
2200608,7000,2026
2200707,9665,2026
2200806,3240,2026
2200905,5395,2026
2200954,2787,2026
2201002,4510,2026
2201051,7595,2026
2201101,11129,2026
2201150,14114,2026
2201176,4107,2026
2201200,49856,2026
2201309,3338,2026
2201408,6719,2026
2201507,27161,2026
2201556,4147,2026
2201572,3523,2026
2201606,10084,2026
2201705,5727,2026
2201739,6607,2026
2201770,7104,2026
2201804,4106,2026
2201903,30965,2026
2201919,5821,2026
2201929,6142,2026
2201945,6683,2026
2201960,8707,2026
2201988,3958,2026
2202000,20161,2026
2202026,7498,2026
2202059,10481,2026
2202075,3124,2026
2202083,8284,2026
2202091,5599,2026
2202109,4964,2026
2202117,4633,2026
2202133,6233,2026
2202174,7699,2026
2202208,47160,2026
2202251,3381,2026
2202307,19613,2026
2202406,11374,2026
2202455,4076,2026
2202505,10553,2026
2202539,5587,2026
2202554,5189,2026
2202604,19674,2026
2202653,5704,2026
2202703,29386,2026
2202711,5057,2026
2202729,6621,2026
2202737,4265,2026
2202752,6301,2026
2202778,7025,2026
2202802,5092,2026
2202851,4278,2026
2202901,28477,2026
2203008,7411,2026
2203107,10828,2026
2203206,11606,2026
2203230,4985,2026
2203255,4760,2026
2203271,5196,2026
2203305,17294,2026
2203354,7278,2026
2203404,6366,2026
2203420,4121,2026
2203453,9330,2026
2203503,13704,2026
2203602,4409,2026
2203701,42873,2026
2203750,5437,2026
2203800,4515,2026
2203859,2402,2026
2203909,64614,2026
2204006,4448,2026
2204105,4545,2026
2204154,2985,2026
2204204,8334,2026
2204303,10310,2026
2204352,5619,2026
2204402,11219,2026
2204501,10482,2026
2204550,4339,2026
2204600,3538,2026
2204659,9540,2026
2204709,15286,2026
2204808,9638,2026
2204907,7770,2026
2205003,10958,2026
2205102,10463,2026
2205151,5708,2026
2205201,17768,2026
2205250,4272,2026
2205276,4554,2026
2205300,4612,2026
2205359,3034,2026
2205409,14270,2026
2205458,5566,2026
2205508,44959,2026
2205516,5306,2026
2205524,5503,2026
2205532,4498,2026
2205540,3000,2026
2205557,8477,2026
2205565,5194,2026
2205573,6443,2026
2205581,5061,2026
2205599,4555,2026
2205607,5306,2026
2205706,32015,2026
2205805,26189,2026
2205854,8243,2026
2205904,5316,2026
2205953,8857,2026
2206001,4876,2026
2206050,5119,2026
2206100,10896,2026
2206209,33077,2026
2206308,1359,2026
2206357,6719,2026
2206407,10514,2026
2206506,7772,2026
2206605,10945,2026
2206654,4453,2026
2206670,6546,2026
2206696,10274,2026
2206704,6668,2026
2206720,11174,2026
2206753,5634,2026
2206803,8767,2026
2206902,6141,2026
2206951,2889,2026
2207009,39275,2026
2207108,2708,2026
2207207,6457,2026
2207306,4338,2026
2207355,3024,2026
2207405,5046,2026
2207504,13439,2026
2207553,3842,2026
2207603,10276,2026
2207702,171342,2026
2207751,4223,2026
2207777,5394,2026
2207793,3986,2026
2207801,21698,2026
2207850,3696,2026
2207900,38978,2026
2207934,2510,2026
2207959,4141,2026
2208007,87129,2026
2208106,11471,2026
2208205,17949,2026
2208304,29801,2026
2208403,68076,2026
2208502,12332,2026
2208551,2373,2026
2208601,3094,2026
2208650,8958,2026
2208700,8566,2026
2208809,17385,2026
2208858,4235,2026
2208874,4096,2026
2208908,6151,2026
2209005,5824,2026
2209104,6028,2026
2209153,3432,2026
2209203,6210,2026
2209302,5410,2026
2209351,4114,2026
2209377,4643,2026
2209401,5923,2026
2209450,2173,2026
2209500,3632,2026
2209559,4457,2026
2209609,2874,2026
2209658,5722,2026
2209708,5317,2026
2209757,3033,2026
2209807,4922,2026
2209856,4287,2026
2209872,5601,2026
2209906,6232,2026
2209955,4910,2026
2209971,8535,2026
2210003,22231,2026
2210052,5304,2026
2210102,3282,2026
2210201,6887,2026
2210300,6130,2026
2210359,4497,2026
2210375,2265,2026
2210383,2295,2026
2210391,2801,2026
2210409,17918,2026
2210508,14065,2026
2210607,41461,2026
2210623,3194,2026
2210631,4606,2026
2210656,9704,2026
2210706,14677,2026
2210805,14613,2026
2210904,4148,2026
2210938,6264,2026
2210953,3050,2026
2210979,2306,2026
2211001,908012,2026
2211100,48067,2026
2211209,27031,2026
2211308,23121,2026
2211357,5189,2026
2211407,4524,2026
2211506,3283,2026
2211605,2969,2026
2211704,4185,2026
2300101,10258,2026
2300150,14374,2026
2300200,69848,2026
2300309,45673,2026
2300408,14015,2026
2300507,11834,2026
2300606,6977,2026
2300705,14327,2026
2300754,44814,2026
2300804,7529,2026
2300903,13167,2026
2301000,85865,2026
2301109,79636,2026
2301208,26806,2026
2301257,11576,2026
2301307,20166,2026
2301406,11396,2026
2301505,7611,2026
2301604,22180,2026
2301703,24223,2026
2301802,5810,2026
2301851,17679,2026
2301901,82602,2026
2301950,23591,2026
2302008,19474,2026
2302057,15018,2026
2302107,37308,2026
2302206,56272,2026
2302305,34776,2026
2302404,52100,2026
2302503,54585,2026
2302602,65459,2026
2302701,26017,2026
2302800,77536,2026
2302909,17828,2026
2303006,16058,2026
2303105,18073,2026
2303204,27579,2026
2303303,17225,2026
2303402,17869,2026
2303501,77340,2026
2303600,8667,2026
2303659,10909,2026
2303709,380944,2026
2303808,22455,2026
2303907,12816,2026
2303931,12325,2026
2303956,20850,2026
2304004,21396,2026
2304103,80435,2026
2304202,139781,2026
2304236,18090,2026
2304251,32706,2026
2304269,9174,2026
2304277,6371,2026
2304285,83641,2026
2304301,18442,2026
2304350,25460,2026
2304400,2582360,2026
2304459,18365,2026
2304509,16663,2026
2304608,6934,2026
2304657,14179,2026
2304707,55975,2026
2304806,4951,2026
2304905,11422,2026
2304954,25227,2026
2305001,44823,2026
2305100,5833,2026
2305209,18148,2026
2305233,82325,2026
2305266,12109,2026
2305308,24727,2026
2305332,12036,2026
2305357,22747,2026
2305407,64691,2026
2305506,102907,2026
2305605,24400,2026
2305654,11988,2026
2305704,12476,2026
2305803,43193,2026
2305902,38289,2026
2306009,14467,2026
2306108,24977,2026
2306207,7821,2026
2306256,74250,2026
2306306,49061,2026
2306405,137795,2026
2306504,18168,2026
2306553,46219,2026
2306603,21230,2026
2306702,17584,2026
2306801,10680,2026
2306900,35161,2026
2307007,33159,2026
2307106,28891,2026
2307205,8127,2026
2307254,28707,2026
2307304,307928,2026
2307403,24655,2026
2307502,32201,2026
2307601,62945,2026
2307635,17207,2026
2307650,253442,2026
2307700,108323,2026
2307809,27283,2026
2307908,11326,2026
2308005,40037,2026
2308104,47592,2026
2308203,15952,2026
2308302,26779,2026
2308351,14787,2026
2308377,14912,2026
2308401,39215,2026
2308500,38264,2026
2308609,17675,2026
2308708,65453,2026
2308807,8557,2026
2308906,23880,2026
2309003,13988,2026
2309102,11131,2026
2309201,16126,2026
2309300,32089,2026
2309409,29148,2026
2309458,25322,2026
2309508,19871,2026
2309607,76051,2026
2309706,87219,2026
2309805,11402,2026
2309904,6351,2026
2310001,9745,2026
2310100,10169,2026
2310209,42317,2026
2310258,34266,2026
2310308,32916,2026
2310407,10399,2026
2310506,42198,2026
2310605,9403,2026
2310704,40081,2026
2310803,15848,2026
2310852,25214,2026
2310902,17363,2026
2310951,11014,2026
2311009,12458,2026
2311108,18002,2026
2311207,8786,2026
2311231,6126,2026
2311264,20580,2026
2311306,89190,2026
2311355,17004,2026
2311405,87030,2026
2311504,21707,2026
2311603,28405,2026
2311702,19043,2026
2311801,75073,2026
2311900,13854,2026
2311959,17381,2026
2312007,32218,2026
2312106,17393,2026
2312205,41496,2026
2312304,50274,2026
2312403,58848,2026
2312502,5579,2026
2312601,10818,2026
2312700,25076,2026
2312809,7581,2026
2312908,217690,2026
2313005,18831,2026
2313104,32196,2026
2313203,25314,2026
2313252,7525,2026
2313302,65035,2026
2313351,17665,2026
2313401,87757,2026
2313500,62466,2026
2313559,16720,2026
2313609,34531,2026
2313708,6934,2026
2313757,17701,2026
2313807,22460,2026
2313906,14369,2026
2313955,18754,2026
2314003,40980,2026
2314102,63316,2026
2400109,10846,2026
2400208,59278,2026
2400307,11165,2026
2400406,3030,2026
2400505,14073,2026
2400604,4799,2026
2400703,12890,2026
2400802,11997,2026
2400901,6722,2026
2401008,37574,2026
2401107,24573,2026
2401206,13703,2026
2401305,10094,2026
2401404,9131,2026
2401453,28552,2026
2401503,4112,2026
2401602,4903,2026
2401651,2357,2026
2401701,10335,2026
2401800,12670,2026
2401859,6483,2026
2401909,3361,2026
2402006,63338,2026
2402105,10515,2026
2402204,30773,2026
2402303,20202,2026
2402402,8324,2026
2402501,10042,2026
2402600,83662,2026
2402709,11345,2026
2402808,5226,2026
2402907,4279,2026
2403004,8253,2026
2403103,42915,2026
2403202,7271,2026
2403251,273952,2026
2403301,6323,2026
2403400,5447,2026
2403509,10964,2026
2403608,70452,2026
2403707,6485,2026
2403756,3041,2026
2403806,10582,2026
2403905,2753,2026
2404002,4229,2026
2404101,2159,2026
2404200,28616,2026
2404309,12223,2026
2404408,10308,2026
2404507,16197,2026
2404606,11877,2026
2404705,14580,2026
2404804,2090,2026
2404853,7570,2026
2404903,5441,2026
2405009,8055,2026
2405108,6756,2026
2405207,4794,2026
2405306,8848,2026
2405405,5207,2026
2405504,2483,2026
2405603,14474,2026
2405702,11933,2026
2405801,34925,2026
2405900,2054,2026
2406007,5967,2026
2406106,18320,2026
2406155,3877,2026
2406205,6776,2026
2406304,7615,2026
2406403,2629,2026
2406502,16274,2026
2406601,8692,2026
2406700,10082,2026
2406809,4960,2026
2406908,3573,2026
2407005,9257,2026
2407104,87634,2026
2407203,28318,2026
2407252,4104,2026
2407302,8075,2026
2407401,8420,2026
2407500,10535,2026
2407609,4417,2026
2407708,11794,2026
2407807,24055,2026
2407906,2347,2026
2408003,279100,2026
2408102,783196,2026
2408201,34674,2026
2408300,35514,2026
2408409,3725,2026
2408508,5095,2026
2408607,4050,2026
2408706,3642,2026
2408805,4949,2026
2408904,22300,2026
2408953,10711,2026
2409100,11407,2026
2409209,3244,2026
2409308,11186,2026
2409332,5006,2026
2409407,32259,2026
2409506,3743,2026
2409605,2491,2026
2409704,6281,2026
2409803,14196,2026
2409902,12464,2026
2410009,2976,2026
2410108,12514,2026
2410207,7875,2026
2410256,5345,2026
2410306,11257,2026
2410405,10283,2026
2410504,5714,2026
2410603,3002,2026
2410702,2708,2026
2410801,4247,2026
2410900,7663,2026
2411007,4342,2026
2411056,5816,2026
2411106,3241,2026
2411205,39198,2026
2411403,12700,2026
2411429,2804,2026
2411502,22807,2026
2411601,3457,2026
2411700,3888,2026
2411809,3612,2026
2411908,4333,2026
2412005,125691,2026
2412104,6142,2026
2412203,50386,2026
2412302,11259,2026
2412401,4748,2026
2412500,24509,2026
2412559,10679,2026
2412609,17419,2026
2412708,5877,2026
2412807,7879,2026
2412906,10136,2026
2413003,6546,2026
2413102,6046,2026
2413201,4210,2026
2413300,5869,2026
2413359,13935,2026
2413409,7799,2026
2413508,6608,2026
2413557,4818,2026
2413607,5610,2026
2413706,4736,2026
2413805,2411,2026
2413904,11701,2026
2414001,13565,2026
2414100,10632,2026
2414159,6183,2026
2414209,18302,2026
2414308,2428,2026
2414407,34412,2026
2414456,3480,2026
2414506,10639,2026
2414605,14080,2026
2414704,5391,2026
2414753,2976,2026
2414803,11061,2026
2414902,1909,2026
2415008,3318,2026
2500106,9582,2026
2500205,4993,2026
2500304,26544,2026
2500403,21916,2026
2500502,14159,2026
2500536,5833,2026
2500577,3179,2026
2500601,23318,2026
2500700,18531,2026
2500734,2340,2026
2500775,8286,2026
2500809,16972,2026
2500908,12469,2026
2501005,17282,2026
2501104,22983,2026
2501153,2017,2026
2501203,7473,2026
2501302,19136,2026
2501351,4423,2026
2501401,9830,2026
2501500,24271,2026
2501534,5050,2026
2501575,8241,2026
2501609,12959,2026
2501708,6144,2026
2501807,83351,2026
2501906,16682,2026
2502003,6223,2026
2502052,3704,2026
2502102,5217,2026
2502151,6608,2026
2502201,2323,2026
2502300,4701,2026
2502409,10407,2026
2502508,18276,2026
2502607,5696,2026
2502706,4142,2026
2502805,14137,2026
2502904,5793,2026
2503001,22014,2026
2503100,5557,2026
2503209,71364,2026
2503308,9319,2026
2503407,3334,2026
2503506,16293,2026
2503555,7546,2026
2503605,6657,2026
2503704,66976,2026
2503753,2744,2026
2503803,5955,2026
2503902,6354,2026
2504009,446720,2026
2504033,7539,2026
2504074,4074,2026
2504108,2363,2026
2504157,7048,2026
2504207,4540,2026
2504306,32449,2026
2504355,5592,2026
2504405,18739,2026
2504504,6632,2026
2504603,30446,2026
2504702,5145,2026
2504801,14970,2026
2504850,1893,2026
2504900,17918,2026
2505006,7864,2026
2505105,20210,2026
2505204,6887,2026
2505238,6450,2026
2505279,5423,2026
2505303,2304,2026
2505352,5151,2026
2505402,8327,2026
2505501,3784,2026
2505600,6403,2026
2505709,10636,2026
2505808,3344,2026
2505907,3020,2026
2506004,32671,2026
2506103,11300,2026
2506202,2908,2026
2506251,8401,2026
2506301,60265,2026
2506400,14148,2026
2506509,3361,2026
2506608,5693,2026
2506707,10447,2026
2506806,18268,2026
2506905,23498,2026
2507002,24842,2026
2507101,19270,2026
2507200,10863,2026
2507309,15013,2026
2507408,7734,2026
2507507,906093,2026
2507606,8117,2026
2507705,17551,2026
2507804,7035,2026
2507903,10250,2026
2508000,9352,2026
2508109,4476,2026
2508208,8155,2026
2508307,29356,2026
2508406,3339,2026
2508505,7038,2026
2508554,5166,2026
2508604,13153,2026
2508703,3575,2026
2508802,6315,2026
2508901,47200,2026
2509008,10698,2026
2509057,9634,2026
2509107,22212,2026
2509156,7041,2026
2509206,14842,2026
2509305,8711,2026
2509339,4781,2026
2509370,2577,2026
2509396,6754,2026
2509404,14492,2026
2509503,6201,2026
2509602,4422,2026
2509701,34023,2026
2509800,8875,2026
2509909,8860,2026
2510006,7396,2026
2510105,9799,2026
2510204,5884,2026
2510303,4356,2026
2510402,6010,2026
2510501,3676,2026
2510600,3003,2026
2510659,1739,2026
2510709,2597,2026
2510808,108416,2026
2510907,12184,2026
2511004,3856,2026
2511103,6963,2026
2511202,31549,2026
2511301,17166,2026
2511400,18888,2026
2511509,12972,2026
2511608,6970,2026
2511707,5562,2026
2511806,9358,2026
2511905,17168,2026
2512002,18083,2026
2512036,3935,2026
2512077,4132,2026
2512101,33933,2026
2512200,4038,2026
2512309,21688,2026
2512408,15041,2026
2512507,51156,2026
2512606,1807,2026
2512705,18424,2026
2512721,5937,2026
2512747,2927,2026
2512754,4942,2026
2512762,5030,2026
2512788,2082,2026
2512804,8813,2026
2512903,25600,2026
2513000,3434,2026
2513109,11723,2026
2513158,8191,2026
2513208,5985,2026
2513307,6025,2026
2513356,3240,2026
2513406,15447,2026
2513505,5075,2026
2513604,6580,2026
2513653,2608,2026
2513703,162488,2026
2513802,4485,2026
2513851,2714,2026
2513901,33982,2026
2513927,4506,2026
2513943,2700,2026
2513968,2612,2026
2513984,3163,2026
2514008,4348,2026
2514107,4355,2026
2514206,7234,2026
2514305,4904,2026
2514404,4015,2026
2514453,6167,2026
2514503,19571,2026
2514552,3267,2026
2514602,3341,2026
2514651,1753,2026
2514701,4295,2026
2514800,3450,2026
2514909,7619,2026
2515005,7326,2026
2515104,11407,2026
2515203,3388,2026
2515302,53598,2026
2515401,10683,2026
2515500,14185,2026
2515609,3150,2026
2515708,3068,2026
2515807,6967,2026
2515906,4673,2026
2515930,5378,2026
2515971,8709,2026
2516003,27748,2026
2516102,14435,2026
2516151,3490,2026
2516201,70247,2026
2516300,17936,2026
2516409,7662,2026
2516508,14342,2026
2516607,14482,2026
2516706,15173,2026
2516755,3095,2026
2516805,10369,2026
2516904,15475,2026
2517001,9248,2026
2517100,2790,2026
2517209,4961,2026
2517407,2335,2026
2600054,104527,2026
2600104,42915,2026
2600203,19464,2026
2600302,24740,2026
2600401,26760,2026
2600500,43922,2026
2600609,14473,2026
2600708,37328,2026
2600807,21087,2026
2600906,18209,2026
2601003,10600,2026
2601052,20052,2026
2601102,90873,2026
2601201,82933,2026
2601300,12587,2026
2601409,42108,2026
2601508,10769,2026
2601607,18588,2026
2601706,84389,2026
2601805,11944,2026
2601904,65190,2026
2602001,36161,2026
2602100,46212,2026
2602209,39300,2026
2602308,39258,2026
2602407,9433,2026
2602506,8055,2026
2602605,51492,2026
2602704,13958,2026
2602803,53545,2026
2602902,219044,2026
2603009,31776,2026
2603108,20729,2026
2603207,30692,2026
2603306,11461,2026
2603405,5342,2026
2603454,156425,2026
2603504,18044,2026
2603603,7952,2026
2603702,25114,2026
2603801,18821,2026
2603900,19551,2026
2603926,12739,2026
2604007,83727,2026
2604106,408281,2026
2604155,13447,2026
2604205,32909,2026
2604304,10842,2026
2604403,13528,2026
2604502,21289,2026
2604601,25446,2026
2604700,17679,2026
2604809,10347,2026
2604908,16179,2026
2605004,24382,2026
2605103,39797,2026
2605152,17874,2026
2605202,62102,2026
2605301,33533,2026
2605400,22271,2026
2605459,3364,2026
2605509,16103,2026
2605608,20723,2026
2605707,31771,2026
2605806,14043,2026
2605905,17223,2026
2606002,152484,2026
2606101,30465,2026
2606200,85806,2026
2606309,7227,2026
2606408,92929,2026
2606507,17538,2026
2606606,28207,2026
2606705,7325,2026
2606804,123666,2026
2606903,11329,2026
2607000,28008,2026
2607109,4989,2026
2607208,107370,2026
2607307,30828,2026
2607406,4491,2026
2607505,34380,2026
2607604,25778,2026
2607653,36677,2026
2607703,14240,2026
2607752,29859,2026
2607802,17171,2026
2607901,685222,2026
2607950,10400,2026
2608008,16332,2026
2608057,14490,2026
2608107,28786,2026
2608206,13334,2026
2608255,12067,2026
2608305,16095,2026
2608404,13980,2026
2608453,18892,2026
2608503,19815,2026
2608602,12369,2026
2608701,14283,2026
2608750,25020,2026
2608800,42120,2026
2608909,59194,2026
2609006,24658,2026
2609105,11310,2026
2609154,25990,2026
2609204,9220,2026
2609303,14610,2026
2609402,57661,2026
2609501,32205,2026
2609600,364087,2026
2609709,22389,2026
2609808,14157,2026
2609907,68637,2026
2610004,56346,2026
2610103,7059,2026
2610202,23234,2026
2610301,12838,2026
2610400,18897,2026
2610509,29767,2026
2610608,60187,2026
2610707,367155,2026
2610806,23732,2026
2610905,65549,2026
2611002,36209,2026
2611101,422461,2026
2611200,10781,2026
2611309,29261,2026
2611408,14408,2026
2611507,17507,2026
2611533,6751,2026
2611606,1588983,2026
2611705,21561,2026
2611804,33464,2026
2611903,20322,2026
2612000,11208,2026
2612109,5346,2026
2612208,66233,2026
2612307,14081,2026
2612406,18699,2026
2612455,14362,2026
2612471,11936,2026
2612505,105386,2026
2612554,12322,2026
2612604,42874,2026
2612703,14634,2026
2612802,10464,2026
2612901,13435,2026
2613008,51075,2026
2613107,39358,2026
2613206,25009,2026
2613305,20436,2026
2613404,19549,2026
2613503,37017,2026
2613602,32523,2026
2613701,118719,2026
2613800,17179,2026
2613909,99436,2026
2614006,18769,2026
2614105,34273,2026
2614204,39113,2026
2614303,10829,2026
2614402,5371,2026
2614501,68104,2026
2614600,29261,2026
2614709,14380,2026
2614808,24986,2026
2614857,24796,2026
2615003,25523,2026
2615102,6850,2026
2615201,9241,2026
2615300,47069,2026
2615409,44183,2026
2615508,14481,2026
2615607,32414,2026
2615706,15141,2026
2615805,30149,2026
2615904,8269,2026
2616001,17605,2026
2616100,9492,2026
2616183,7770,2026
2616209,23286,2026
2616308,26522,2026
2616407,142419,2026
2616506,11615,2026
2700102,19549,2026
2700201,14157,2026
2700300,243998,2026
2700409,38461,2026
2700508,16764,2026
2700607,8124,2026
2700706,17103,2026
2700805,4819,2026
2700904,5893,2026
2701001,21465,2026
2701100,9776,2026
2701209,10706,2026
2701308,16559,2026
2701357,6809,2026
2701407,32499,2026
2701506,8282,2026
2701605,15724,2026
2701704,15044,2026
2701803,9209,2026
2701902,5996,2026
2702009,11037,2026
2702108,15902,2026
2702207,5702,2026
2702306,51783,2026
2702355,26154,2026
2702405,52858,2026
2702504,9895,2026
2702553,15683,2026
2702603,23210,2026
2702702,4033,2026
2702801,9737,2026
2702900,37338,2026
2703007,13978,2026
2703106,24442,2026
2703205,22109,2026
2703304,15388,2026
2703403,5179,2026
2703502,5414,2026
2703601,9462,2026
2703700,5067,2026
2703759,9600,2026
2703809,17325,2026
2703908,4175,2026
2704005,24382,2026
2704104,18838,2026
2704203,25179,2026
2704302,995134,2026
2704401,17825,2026
2704500,33283,2026
2704609,9706,2026
2704708,62528,2026
2704807,13971,2026
2704906,3207,2026
2705002,22119,2026
2705101,24331,2026
2705200,15706,2026
2705309,4934,2026
2705408,7345,2026
2705507,25923,2026
2705606,10280,2026
2705705,21137,2026
2705804,8522,2026
2705903,4379,2026
2706000,11047,2026
2706109,11709,2026
2706208,4407,2026
2706307,73631,2026
2706406,24291,2026
2706422,10809,2026
2706448,14208,2026
2706505,14068,2026
2706604,6689,2026
2706703,60183,2026
2706802,16189,2026
2706901,36534,2026
2707008,2785,2026
2707107,23053,2026
2707206,12962,2026
2707305,24505,2026
2707404,9520,2026
2707503,20277,2026
2707602,11303,2026
2707701,97742,2026
2707800,6606,2026
2707909,7067,2026
2708006,47426,2026
2708105,11574,2026
2708204,6557,2026
2708303,21175,2026
2708402,31574,2026
2708501,31783,2026
2708600,53376,2026
2708709,8705,2026
2708808,32709,2026
2708907,25145,2026
2708956,12544,2026
2709004,5905,2026
2709103,19431,2026
2709152,39137,2026
2709202,24099,2026
2709301,60855,2026
2709400,24411,2026
2800100,2199,2026
2800209,20570,2026
2800308,623328,2026
2800407,10445,2026
2800506,18687,2026
2800605,45916,2026
2800670,24978,2026
2800704,8034,2026
2801009,18788,2026
2801108,3845,2026
2801207,33782,2026
2801306,32847,2026
2801405,20314,2026
2801504,14226,2026
2801603,5467,2026
2801702,17646,2026
2801900,3875,2026
2802007,4439,2026
2802106,67136,2026
2802205,6389,2026
2802304,14957,2026
2802403,11288,2026
2802502,3124,2026
2802601,5921,2026
2802700,8502,2026
2802809,17030,2026
2802908,110041,2026
2803005,42339,2026
2803104,4809,2026
2803203,36272,2026
2803302,16432,2026
2803401,13737,2026
2803500,106330,2026
2803609,23932,2026
2803708,7070,2026
2803807,3681,2026
2803906,11697,2026
2804003,15938,2026
2804102,11305,2026
2804201,14829,2026
2804300,8084,2026
2804409,16394,2026
2804458,9570,2026
2804508,44088,2026
2804607,25600,2026
2804706,6413,2026
2804805,205611,2026
2804904,12671,2026
2805000,2804,2026
2805109,7298,2026
2805208,5750,2026
2805307,8006,2026
2805406,29352,2026
2805505,22221,2026
2805604,27345,2026
2805703,27157,2026
2805802,18505,2026
2805901,8832,2026
2806008,17368,2026
2806107,9516,2026
2806206,20874,2026
2806305,14038,2026
2806404,7566,2026
2806503,4059,2026
2806602,11281,2026
2806701,111567,2026
2806800,10567,2026
2806909,3337,2026
2807006,3462,2026
2807105,44708,2026
2807204,7978,2026
2807303,3405,2026
2807402,52943,2026
2807501,12047,2026
2807600,24693,2026
2900108,7366,2026
2900207,18303,2026
2900306,14187,2026
2900355,14470,2026
2900405,14798,2026
2900504,10932,2026
2900603,4627,2026
2900702,161682,2026
2900801,25769,2026
2900900,5267,2026
2901007,38656,2026
2901106,24814,2026
2901155,15566,2026
2901205,26772,2026
2901304,13557,2026
2901353,15496,2026
2901403,14183,2026
2901502,11521,2026
2901601,14915,2026
2901700,11494,2026
2901809,11258,2026
2901908,16344,2026
2901957,7090,2026
2902005,14456,2026
2902054,11960,2026
2902104,50282,2026
2902203,10091,2026
2902252,10405,2026
2902302,9003,2026
2902401,11276,2026
2902500,14163,2026
2902609,18579,2026
2902658,12270,2026
2902708,53745,2026
2902807,27890,2026
2902906,38671,2026
2903003,14404,2026
2903102,5878,2026
2903201,172521,2026
2903235,13932,2026
2903276,15814,2026
2903300,5909,2026
2903409,20490,2026
2903508,19104,2026
2903607,15599,2026
2903706,13587,2026
2903805,17221,2026
2903904,68869,2026
2903953,10010,2026
2904001,14143,2026
2904050,16453,2026
2904100,19723,2026
2904209,11443,2026
2904308,13195,2026
2904407,9344,2026
2904506,12190,2026
2904605,74617,2026
2904704,14853,2026
2904753,20230,2026
2904803,6041,2026
2904852,17009,2026
2904902,30450,2026
2905008,23336,2026
2905107,10736,2026
2905156,11370,2026
2905206,54852,2026
2905305,18073,2026
2905404,18662,2026
2905503,13626,2026
2905602,22239,2026
2905701,323676,2026
2905800,31621,2026
2905909,32613,2026
2906006,75311,2026
2906105,10668,2026
2906204,25024,2026
2906303,34437,2026
2906402,7914,2026
2906501,74645,2026
2906600,13410,2026
2906709,26472,2026
2906808,39878,2026
2906824,16722,2026
2906857,11016,2026
2906873,35627,2026
2906899,10258,2026
2906907,21719,2026
2907004,8632,2026
2907103,30498,2026
2907202,76416,2026
2907301,25468,2026
2907400,3566,2026
2907509,50068,2026
2907558,9127,2026
2907608,16844,2026
2907707,10932,2026
2907806,32314,2026
2907905,17910,2026
2908002,17460,2026
2908101,19926,2026
2908200,21556,2026
2908309,16087,2026
2908408,71860,2026
2908507,37816,2026
2908606,24484,2026
2908705,17563,2026
2908804,4506,2026
2908903,28544,2026
2909000,7735,2026
2909109,14444,2026
2909208,17602,2026
2909307,34347,2026
2909406,13451,2026
2909505,4463,2026
2909604,20348,2026
2909703,14585,2026
2909802,63437,2026
2909901,36220,2026
2910008,11316,2026
2910057,75516,2026
2910107,12348,2026
2910206,4627,2026
2910305,8071,2026
2910404,19373,2026
2910503,39880,2026
2910602,34179,2026
2910701,64969,2026
2910727,121577,2026
2910750,18489,2026
2910776,5838,2026
2910800,663408,2026
2910859,18694,2026
2910909,4981,2026
2911006,11466,2026
2911105,27700,2026
2911204,34154,2026
2911253,4485,2026
2911303,11287,2026
2911402,16139,2026
2911501,5399,2026
2911600,21387,2026
2911659,8136,2026
2911709,93873,2026
2911808,19360,2026
2911857,13040,2026
2911907,25299,2026
2912004,10739,2026
2912103,22067,2026
2912202,21952,2026
2912301,14236,2026
2912400,17139,2026
2912509,14318,2026
2912608,3829,2026
2912707,27029,2026
2912806,9332,2026
2912905,19379,2026
2913002,15036,2026
2913101,17525,2026
2913200,27771,2026
2913309,6439,2026
2913408,16088,2026
2913457,13477,2026
2913507,21677,2026
2913606,189259,2026
2913705,35384,2026
2913804,13973,2026
2913903,42359,2026
2914000,59183,2026
2914109,10377,2026
2914208,6211,2026
2914307,11018,2026
2914406,24901,2026
2914505,29630,2026
2914604,79105,2026
2914653,29589,2026
2914703,68590,2026
2914802,196041,2026
2914901,29641,2026
2915007,13734,2026
2915106,14737,2026
2915205,15692,2026
2915304,6464,2026
2915353,12656,2026
2915403,5742,2026
2915502,19138,2026
2915601,61947,2026
2915700,7158,2026
2915809,24912,2026
2915908,6069,2026
2916005,18172,2026
2916104,20339,2026
2916203,10640,2026
2916302,9437,2026
2916401,68714,2026
2916500,33311,2026
2916609,10648,2026
2916708,8478,2026
2916807,17456,2026
2916856,16526,2026
2916906,11165,2026
2917003,35489,2026
2917102,16920,2026
2917201,18519,2026
2917300,22022,2026
2917334,11584,2026
2917359,9598,2026
2917409,14919,2026
2917508,87121,2026
2917607,47519,2026
2917706,34609,2026
2917805,18395,2026
2917904,9483,2026
2918001,169623,2026
2918100,39573,2026
2918209,14076,2026
2918308,14571,2026
2918357,25976,2026
2918407,257616,2026
2918456,9934,2026
2918506,17053,2026
2918555,6378,2026
2918605,7550,2026
2918704,4235,2026
2918753,14553,2026
2918803,21706,2026
2918902,4002,2026
2919009,3600,2026
2919058,7666,2026
2919108,9302,2026
2919157,27025,2026
2919207,221023,2026
2919306,11216,2026
2919405,12196,2026
2919504,46476,2026
2919553,119947,2026
2919603,10723,2026
2919702,22924,2026
2919801,43587,2026
2919900,7417,2026
2919926,19271,2026
2919959,7224,2026
2920007,9007,2026
2920106,18102,2026
2920205,15796,2026
2920304,8992,2026
2920403,14280,2026
2920452,14595,2026
2920502,29450,2026
2920601,36875,2026
2920700,25965,2026
2920809,9447,2026
2920908,13897,2026
2921005,45073,2026
2921054,10593,2026
2921104,22524,2026
2921203,25213,2026
2921302,11438,2026
2921401,16150,2026
2921450,10529,2026
2921500,49793,2026
2921609,8209,2026
2921708,35245,2026
2921807,11469,2026
2921906,12768,2026
2922003,40213,2026
2922052,13660,2026
2922102,16997,2026
2922201,7462,2026
2922250,10810,2026
2922300,30210,2026
2922409,20569,2026
2922508,28450,2026
2922607,12381,2026
2922656,19903,2026
2922706,13910,2026
2922730,8301,2026
2922755,6691,2026
2922805,8085,2026
2922854,7634,2026
2922904,24828,2026
2923001,41699,2026
2923035,11605,2026
2923050,10935,2026
2923100,22838,2026
2923209,21315,2026
2923308,7912,2026
2923357,20236,2026
2923407,20656,2026
2923506,10962,2026
2923605,21104,2026
2923704,30689,2026
2923803,27854,2026
2923902,9494,2026
2924009,119686,2026
2924058,13678,2026
2924108,6392,2026
2924207,14169,2026
2924306,21010,2026
2924405,37493,2026
2924504,15106,2026
2924603,19579,2026
2924652,10651,2026
2924678,11527,2026
2924702,9042,2026
2924801,17569,2026
2924900,8226,2026
2925006,24018,2026
2925105,50893,2026
2925204,33541,2026
2925253,18848,2026
2925303,184087,2026
2925402,10659,2026
2925501,37733,2026
2925600,15702,2026
2925709,12941,2026
2925758,29622,2026
2925808,27490,2026
2925907,26431,2026
2925931,9861,2026
2925956,20023,2026
2926004,42957,2026
2926103,14199,2026
2926202,22352,2026
2926301,35251,2026
2926400,32032,2026
2926509,14529,2026
2926608,56449,2026
2926657,10021,2026
2926707,13641,2026
2926806,13469,2026
2926905,10764,2026
2927002,36938,2026
2927101,10959,2026
2927200,29575,2026
2927309,15685,2026
2927408,2559945,2026
2927507,21845,2026
2927606,15411,2026
2927705,31148,2026
2927804,4612,2026
2927903,10621,2026
2928000,40196,2026
2928059,14405,2026
2928109,40486,2026
2928208,25531,2026
2928307,9046,2026
2928406,28932,2026
2928505,10914,2026
2928604,58384,2026
2928703,110268,2026
2928802,55333,2026
2928901,35161,2026
2928950,8687,2026
2929008,11014,2026
2929057,15816,2026
2929107,20927,2026
2929206,41272,2026
2929255,19246,2026
2929305,42409,2026
2929354,5415,2026
2929370,10594,2026
2929404,10625,2026
2929503,42951,2026
2929602,18699,2026
2929701,16468,2026
2929750,11875,2026
2929800,10612,2026
2929909,48894,2026
2930006,9556,2026
2930105,78193,2026
2930154,36517,2026
2930204,40310,2026
2930303,17558,2026
2930402,18818,2026
2930501,84928,2026
2930600,13893,2026
2930709,120429,2026
2930758,14030,2026
2930766,14504,2026
2930774,27222,2026
2930808,17777,2026
2930907,12367,2026
2931004,21828,2026
2931053,17815,2026
2931103,7998,2026
2931202,18542,2026
2931301,16200,2026
2931350,154114,2026
2931400,7261,2026
2931509,21824,2026
2931608,15809,2026
2931707,10923,2026
2931806,16604,2026
2931905,51067,2026
2932002,25457,2026
2932101,19118,2026
2932200,17797,2026
2932309,15605,2026
2932408,13891,2026
2932457,13692,2026
2932507,18117,2026
2932606,15759,2026
2932705,22178,2026
2932804,16603,2026
2932903,90075,2026
2933000,25138,2026
2933059,14308,2026
2933109,8325,2026
2933158,13883,2026
2933174,10357,2026
2933208,45386,2026
2933257,6076,2026
2933307,398970,2026
2933406,9883,2026
2933455,13481,2026
2933505,25835,2026
2933604,47056,2026
3100104,6326,2026
3100203,23185,2026
3100302,14395,2026
3100401,4000,2026
3100500,8862,2026
3100609,12245,2026
3100708,2176,2026
3100807,4527,2026
3100906,18859,2026
3101003,14643,2026
3101102,26257,2026
3101201,6397,2026
3101300,2823,2026
3101409,3031,2026
3101508,30994,2026
3101607,82637,2026
3101631,7285,2026
3101706,42137,2026
3101805,7009,2026
3101904,18673,2026
3102001,14291,2026
3102050,6043,2026
3102100,10871,2026
3102209,3961,2026
3102308,15355,2026
3102407,4393,2026
3102506,4554,2026
3102605,42708,2026
3102704,9360,2026
3102803,12157,2026
3102852,7839,2026
3102902,11356,2026
3103009,9362,2026
3103108,1545,2026
3103207,2220,2026
3103306,2096,2026
3103405,35124,2026
3103504,123959,2026
3103603,3004,2026
3103702,8217,2026
3103751,9196,2026
3103801,2662,2026
3103900,9708,2026
3104007,119834,2026
3104106,9323,2026
3104205,43941,2026
3104304,14245,2026
3104403,2706,2026
3104452,4820,2026
3104502,17574,2026
3104601,14697,2026
3104700,13907,2026
3104809,4553,2026
3104908,18796,2026
3105004,7577,2026
3105103,24258,2026
3105202,4800,2026
3105301,6218,2026
3105400,32424,2026
3105509,4915,2026
3105608,129757,2026
3105707,5696,2026
3105905,20640,2026
3106002,10442,2026
3106101,3286,2026
3106200,2415451,2026
3106309,24587,2026
3106408,9074,2026
3106507,9515,2026
3106606,4546,2026
3106655,4264,2026
3106705,433902,2026
3106804,3346,2026
3106903,14383,2026
3107000,2385,2026
3107109,41547,2026
3107208,5551,2026
3107307,49919,2026
3107406,54738,2026
3107505,7007,2026
3107604,4710,2026
3107703,5797,2026
3107802,14683,2026
3107901,13434,2026
3108008,17519,2026
3108107,7747,2026
3108206,5585,2026
3108255,10557,2026
3108305,17861,2026
3108404,15144,2026
3108503,5772,2026
3108552,15535,2026
3108602,33332,2026
3108701,4278,2026
3108800,4417,2026
3108909,14478,2026
3109006,41382,2026
3109105,11176,2026
3109204,9117,2026
3109253,4169,2026
3109303,24860,2026
3109402,23756,2026
3109451,6824,2026
3109501,11150,2026
3109600,3790,2026
3109709,12353,2026
3109808,2329,2026
3109907,11976,2026
3110004,39704,2026
3110103,5505,2026
3110202,4195,2026
3110301,14666,2026
3110400,2836,2026
3110509,28152,2026
3110608,31252,2026
3110707,12543,2026
3110806,2852,2026
3110905,16406,2026
3111002,21167,2026
3111101,18129,2026
3111150,3810,2026
3111200,54106,2026
3111309,11627,2026
3111408,9019,2026
3111507,13020,2026
3111606,26693,2026
3111705,4847,2026
3111804,10678,2026
3111903,5328,2026
3112000,14188,2026
3112059,4020,2026
3112109,5133,2026
3112208,4379,2026
3112307,42162,2026
3112406,6603,2026
3112505,11316,2026
3112604,14847,2026
3112653,4619,2026
3112703,14406,2026
3112802,11111,2026
3112901,9128,2026
3113008,19376,2026
3113107,2925,2026
3113206,24436,2026
3113305,32105,2026
3113404,91082,2026
3113503,8574,2026
3113602,7093,2026
3113701,18717,2026
3113800,2702,2026
3113909,11758,2026
3114006,11302,2026
3114105,14136,2026
3114204,24775,2026
3114303,29872,2026
3114402,21545,2026
3114501,18621,2026
3114550,9636,2026
3114600,4168,2026
3114709,3421,2026
3114808,4498,2026
3114907,2260,2026
3115003,2745,2026
3115102,17487,2026
3115201,3558,2026
3115300,67600,2026
3115359,5741,2026
3115409,3107,2026
3115458,7269,2026
3115474,4771,2026
3115508,21390,2026
3115607,1078,2026
3115706,6186,2026
3115805,10454,2026
3115904,3211,2026
3116001,6315,2026
3116100,9515,2026
3116159,12992,2026
3116209,2870,2026
3116308,5502,2026
3116407,4980,2026
3116506,7202,2026
3116605,32192,2026
3116704,7300,2026
3116803,8165,2026
3116902,2795,2026
3117009,6458,2026
3117108,10740,2026
3117207,2843,2026
3117306,30589,2026
3117405,4503,2026
3117504,24846,2026
3117603,5601,2026
3117702,12751,2026
3117801,11250,2026
3117836,7446,2026
3117876,7836,2026
3117900,11483,2026
3118007,55542,2026
3118106,4920,2026
3118205,6890,2026
3118304,139858,2026
3118403,20989,2026
3118502,1561,2026
3118601,652973,2026
3118700,9179,2026
3118809,26125,2026
3118908,7481,2026
3119005,3225,2026
3119104,23981,2026
3119203,11279,2026
3119302,30209,2026
3119401,108857,2026
3119500,8194,2026
3119609,2779,2026
3119708,3610,2026
3119807,2935,2026
3119906,4493,2026
3119955,6355,2026
3120003,2889,2026
3120102,4355,2026
3120151,5219,2026
3120201,12688,2026
3120300,5103,2026
3120409,4704,2026
3120508,10657,2026
3120607,5712,2026
3120706,3623,2026
3120805,15879,2026
3120839,3924,2026
3120870,7692,2026
3120904,84709,2026
3121001,5651,2026
3121100,8137,2026
3121209,8938,2026
3121258,11275,2026
3121308,5081,2026
3121407,7979,2026
3121506,3061,2026
3121605,49625,2026
3121704,3568,2026
3121803,6594,2026
3121902,4532,2026
3122009,21521,2026
3122108,4110,2026
3122207,6560,2026
3122306,244769,2026
3122355,6568,2026
3122405,6010,2026
3122454,10730,2026
3122470,3759,2026
3122504,4954,2026
3122603,5096,2026
3122702,5360,2026
3122801,3191,2026
3122900,6258,2026
3123007,10401,2026
3123106,5107,2026
3123205,12678,2026
3123304,5222,2026
3123403,1500,2026
3123502,1870,2026
3123528,8090,2026
3123601,27510,2026
3123700,14684,2026
3123809,6336,2026
3123858,5297,2026
3123908,15191,2026
3124005,21222,2026
3124104,94543,2026
3124203,24922,2026
3124302,31366,2026
3124401,7250,2026
3124500,11921,2026
3124609,2176,2026
3124708,2674,2026
3124807,6869,2026
3124906,11116,2026
3125002,3994,2026
3125101,60681,2026
3125200,2690,2026
3125309,3222,2026
3125408,5253,2026
3125507,3099,2026
3125606,6558,2026
3125705,14281,2026
3125804,2803,2026
3125903,9543,2026
3125952,10716,2026
3126000,8548,2026
3126109,71113,2026
3126208,8088,2026
3126307,3422,2026
3126406,3252,2026
3126505,6907,2026
3126604,4530,2026
3126703,23691,2026
3126752,4986,2026
3126802,5722,2026
3126901,8269,2026
3126950,3486,2026
3127008,14980,2026
3127057,4373,2026
3127073,4473,2026
3127107,61588,2026
3127206,4981,2026
3127305,6209,2026
3127339,4831,2026
3127354,2991,2026
3127370,2849,2026
3127388,4237,2026
3127404,4951,2026
3127503,5202,2026
3127602,11524,2026
3127701,266478,2026
3127800,13987,2026
3127909,1430,2026
3128006,33596,2026
3128105,14079,2026
3128204,9882,2026
3128253,5245,2026
3128303,19679,2026
3128402,7685,2026
3128501,3052,2026
3128600,6689,2026
3128709,52862,2026
3128808,7285,2026
3128907,8948,2026
3129004,7759,2026
3129103,5107,2026
3129202,6283,2026
3129301,12675,2026
3129400,5357,2026
3129509,22515,2026
3129608,6094,2026
3129657,5089,2026
3129707,10753,2026
3129806,180404,2026
3129905,3441,2026
3130002,2726,2026
3130051,10917,2026
3130101,49729,2026
3130200,11434,2026
3130309,6723,2026
3130408,7422,2026
3130507,13321,2026
3130556,7277,2026
3130606,7561,2026
3130655,6281,2026
3130705,6314,2026
3130804,2630,2026
3130903,22854,2026
3131000,6494,2026
3131109,7642,2026
3131158,17619,2026
3131208,20262,2026
3131307,234930,2026
3131406,3792,2026
3131505,9268,2026
3131604,7509,2026
3131703,118342,2026
3131802,10537,2026
3131901,56818,2026
3132008,4191,2026
3132107,17485,2026
3132206,14500,2026
3132305,10418,2026
3132404,97065,2026
3132503,34279,2026
3132602,3692,2026
3132701,21129,2026
3132800,2162,2026
3132909,11120,2026
3133006,15294,2026
3133105,15815,2026
3133204,11233,2026
3133303,19177,2026
3133402,14024,2026
3133501,21450,2026
3133600,13778,2026
3133709,13945,2026
3133758,14614,2026
3133808,104002,2026
3133907,5742,2026
3134004,13928,2026
3134103,6249,2026
3134202,107133,2026
3134301,6906,2026
3134400,40493,2026
3134509,4384,2026
3134608,21609,2026
3134707,11064,2026
3134806,7672,2026
3134905,27060,2026
3135001,3188,2026
3135050,39884,2026
3135076,4229,2026
3135100,73814,2026
3135209,67157,2026
3135308,4738,2026
3135357,8411,2026
3135407,6522,2026
3135456,6022,2026
3135506,12621,2026
3135605,6304,2026
3135704,6184,2026
3135803,24523,2026
3135902,5342,2026
3136009,13988,2026
3136108,4191,2026
3136207,84198,2026
3136306,48906,2026
3136405,3847,2026
3136504,10546,2026
3136520,3935,2026
3136553,4345,2026
3136579,3511,2026
3136603,6129,2026
3136652,33730,2026
3136702,569588,2026
3136801,3782,2026
3136900,11755,2026
3136959,5945,2026
3137007,14134,2026
3137106,6576,2026
3137205,54251,2026
3137304,3191,2026
3137403,13186,2026
3137502,19716,2026
3137536,9257,2026
3137601,82544,2026
3137700,21577,2026
3137809,21066,2026
3137908,3201,2026
3138005,5995,2026
3138104,7436,2026
3138203,111437,2026
3138302,3273,2026
3138351,4343,2026
3138401,52779,2026
3138500,4715,2026
3138609,17847,2026
3138625,9290,2026
3138658,8958,2026
3138674,7281,2026
3138682,6316,2026
3138708,5756,2026
3138807,18366,2026
3138906,6534,2026
3139003,38788,2026
3139102,5378,2026
3139201,17635,2026
3139250,6068,2026
3139300,19109,2026
3139409,98067,2026
3139508,20910,2026
3139607,27342,2026
3139706,7545,2026
3139805,13238,2026
3139904,14577,2026
3140001,64929,2026
3140100,4325,2026
3140159,16855,2026
3140209,3600,2026
3140308,4829,2026
3140407,3328,2026
3140506,14626,2026
3140530,8866,2026
3140555,9602,2026
3140605,3918,2026
3140704,41371,2026
3140803,14590,2026
3140852,8871,2026
3140902,19173,2026
3141009,12183,2026
3141108,39753,2026
3141207,3917,2026
3141306,4094,2026
3141405,20421,2026
3141504,5580,2026
3141603,10621,2026
3141702,4934,2026
3141801,23514,2026
3141900,3808,2026
3142007,14110,2026
3142106,8899,2026
3142205,13920,2026
3142254,3955,2026
3142304,5340,2026
3142403,7843,2026
3142502,2178,2026
3142601,8579,2026
3142700,13982,2026
3142809,20748,2026
3142908,20421,2026
3143005,13353,2026
3143104,49637,2026
3143153,4425,2026
3143203,21288,2026
3143302,440700,2026
3143401,25271,2026
3143450,6925,2026
3143500,9462,2026
3143609,2414,2026
3143708,3149,2026
3143807,7997,2026
3143906,108716,2026
3144003,28824,2026
3144102,22708,2026
3144201,2365,2026
3144300,34989,2026
3144359,6445,2026
3144375,3656,2026
3144409,4810,2026
3144508,8424,2026
3144607,25741,2026
3144656,11011,2026
3144672,3098,2026
3144706,17818,2026
3144805,122683,2026
3144904,3722,2026
3145000,15321,2026
3145059,6714,2026
3145109,16981,2026
3145208,116570,2026
3145307,27094,2026
3145356,10506,2026
3145372,4594,2026
3145406,1985,2026
3145455,5539,2026
3145505,2621,2026
3145604,40599,2026
3145703,2054,2026
3145802,3021,2026
3145851,5127,2026
3145877,8893,2026
3145901,40853,2026
3146008,33340,2026
3146107,78210,2026
3146206,5837,2026
3146255,5007,2026
3146305,17394,2026
3146404,4235,2026
3146503,8364,2026
3146552,5599,2026
3146602,1491,2026
3146701,5658,2026
3146750,6313,2026
3146909,14197,2026
3147006,99578,2026
3147105,103611,2026
3147204,22541,2026
3147303,21143,2026
3147402,24993,2026
3147501,1601,2026
3147600,15852,2026
3147709,8735,2026
3147808,2320,2026
3147907,117349,2026
3147956,4789,2026
3148004,170404,2026
3148103,94834,2026
3148202,5772,2026
3148301,8730,2026
3148400,4377,2026
3148509,8119,2026
3148608,17882,2026
3148707,25088,2026
3148756,7638,2026
3148806,3360,2026
3148905,4262,2026
3149002,2948,2026
3149101,10860,2026
3149150,10584,2026
3149200,3392,2026
3149309,65424,2026
3149408,1859,2026
3149507,3472,2026
3149606,4271,2026
3149705,13301,2026
3149804,18145,2026
3149903,22154,2026
3149952,6602,2026
3150000,3532,2026
3150109,2853,2026
3150158,9046,2026
3150208,4052,2026
3150307,4691,2026
3150406,5222,2026
3150505,8839,2026
3150539,4882,2026
3150570,7225,2026
3150604,6924,2026
3150703,5864,2026
3150802,17356,2026
3150901,6366,2026
3151008,9581,2026
3151107,11498,2026
3151206,57873,2026
3151305,12052,2026
3151404,27929,2026
3151503,38257,2026
3151602,11579,2026
3151701,16856,2026
3151800,173100,2026
3151909,8409,2026
3152006,32570,2026
3152105,59703,2026
3152131,3788,2026
3152170,11041,2026
3152204,38714,2026
3152303,10854,2026
3152402,13553,2026
3152501,163439,2026
3152600,6801,2026
3152709,9409,2026
3152808,29903,2026
3152907,8518,2026
3153004,3709,2026
3153103,4814,2026
3153202,3450,2026
3153301,3169,2026
3153400,19205,2026
3153509,8615,2026
3153608,12157,2026
3153707,3227,2026
3153806,1792,2026
3153905,16854,2026
3154002,23866,2026
3154101,11426,2026
3154150,8317,2026
3154200,11567,2026
3154309,17646,2026
3154408,4638,2026
3154457,6775,2026
3154507,8831,2026
3154606,348996,2026
3154705,4233,2026
3154804,10772,2026
3154903,12785,2026
3155009,2547,2026
3155108,4622,2026
3155207,5417,2026
3155306,5765,2026
3155405,8678,2026
3155504,15443,2026
3155603,29083,2026
3155702,15069,2026
3155801,17912,2026
3155900,5230,2026
3156007,12725,2026
3156106,5128,2026
3156205,2384,2026
3156304,9267,2026
3156403,3421,2026
3156452,4954,2026
3156502,5354,2026
3156601,10628,2026
3156700,134850,2026
3156809,14240,2026
3156908,28251,2026
3157005,41826,2026
3157104,6091,2026
3157203,32068,2026
3157252,8831,2026
3157278,3236,2026
3157302,4228,2026
3157336,8357,2026
3157377,3896,2026
3157401,4714,2026
3157500,4011,2026
3157609,3507,2026
3157658,6054,2026
3157708,17058,2026
3157807,231473,2026
3157906,17071,2026
3158003,10721,2026
3158102,4752,2026
3158201,12741,2026
3158300,6731,2026
3158409,3543,2026
3158508,6982,2026
3158607,3811,2026
3158706,2167,2026
3158805,4228,2026
3158904,9290,2026
3158953,49978,2026
3159001,5724,2026
3159100,3474,2026
3159209,8537,2026
3159308,4816,2026
3159357,6984,2026
3159407,3318,2026
3159506,5994,2026
3159605,42703,2026
3159704,3497,2026
3159803,22073,2026
3159902,17664,2026
3160009,3910,2026
3160108,4362,2026
3160207,3960,2026
3160306,10254,2026
3160405,28549,2026
3160454,6715,2026
3160504,1858,2026
3160603,2667,2026
3160702,43054,2026
3160801,4855,2026
3160900,4189,2026
3160959,5808,2026
3161007,17794,2026
3161056,3237,2026
3161106,54208,2026
3161205,6269,2026
3161304,5859,2026
3161403,4831,2026
3161502,10531,2026
3161601,3145,2026
3161650,3142,2026
3161700,7510,2026
3161809,12353,2026
3161908,12590,2026
3162005,24513,2026
3162104,44364,2026
3162203,8003,2026
3162252,4973,2026
3162302,3023,2026
3162401,24128,2026
3162450,13623,2026
3162500,94852,2026
3162559,11735,2026
3162575,5490,2026
3162609,7061,2026
3162658,4047,2026
3162708,24802,2026
3162807,15609,2026
3162906,26577,2026
3162922,37509,2026
3162948,8203,2026
3162955,28445,2026
3163003,3837,2026
3163102,4719,2026
3163201,4261,2026
3163300,3465,2026
3163409,5472,2026
3163508,6267,2026
3163607,2854,2026
3163706,47071,2026
3163805,6392,2026
3163904,4968,2026
3164001,7074,2026
3164100,5121,2026
3164209,10570,2026
3164308,7397,2026
3164407,6857,2026
3164431,3257,2026
3164472,6442,2026
3164506,10194,2026
3164605,9689,2026
3164704,75593,2026
3164803,1211,2026
3164902,2396,2026
3165008,11598,2026
3165107,6822,2026
3165206,7124,2026
3165305,6922,2026
3165404,6477,2026
3165503,5117,2026
3165537,40585,2026
3165552,9940,2026
3165560,2400,2026
3165578,6572,2026
3165602,2349,2026
3165701,8007,2026
3165800,2161,2026
3165909,3979,2026
3166006,5569,2026
3166105,3046,2026
3166204,10673,2026
3166303,7568,2026
3166402,1869,2026
3166501,3788,2026
3166600,857,2026
3166709,6786,2026
3166808,12359,2026
3166907,7820,2026
3166956,4498,2026
3167004,2037,2026
3167103,22695,2026
3167202,239833,2026
3167301,2408,2026
3167400,6359,2026
3167509,3108,2026
3167608,20518,2026
3167707,5107,2026
3167806,5733,2026
3167905,4095,2026
3168002,34675,2026
3168051,3523,2026
3168101,4217,2026
3168200,1690,2026
3168309,4399,2026
3168408,15134,2026
3168507,12745,2026
3168606,143115,2026
3168705,84253,2026
3168804,8102,2026
3168903,8287,2026
3169000,16631,2026
3169059,3890,2026
3169109,7705,2026
3169208,8609,2026
3169307,78492,2026
3169356,30040,2026
3169406,57325,2026
3169505,5937,2026
3169604,26679,2026
3169703,20882,2026
3169802,5114,2026
3169901,107613,2026
3170008,11993,2026
3170057,13543,2026
3170107,359275,2026
3170206,768339,2026
3170305,2743,2026
3170404,91884,2026
3170438,3789,2026
3170479,3369,2026
3170503,10921,2026
3170529,18727,2026
3170578,5768,2026
3170602,2208,2026
3170651,4721,2026
3170701,144503,2026
3170750,7363,2026
3170800,34475,2026
3170909,19206,2026
3171006,20483,2026
3171030,7706,2026
3171071,5223,2026
3171105,3476,2026
3171154,5062,2026
3171204,140004,2026
3171303,79797,2026
3171402,3781,2026
3171501,3037,2026
3171600,11686,2026
3171709,9184,2026
3171808,10503,2026
3171907,4416,2026
3172004,40809,2026
3172103,4411,2026
3172202,2368,2026
3200102,32479,2026
3200136,10183,2026
3200169,12610,2026
3200201,30693,2026
3200300,14376,2026
3200359,7772,2026
3200409,33397,2026
3200508,7438,2026
3200607,104304,2026
3200706,11078,2026
3200805,32930,2026
3200904,45574,2026
3201001,14029,2026
3201100,10867,2026
3201159,13800,2026
3201209,198367,2026
3201308,376914,2026
3201407,39747,2026
3201506,130043,2026
3201605,28891,2026
3201704,12475,2026
3201803,5391,2026
3201902,38498,2026
3202009,6919,2026
3202108,22554,2026
3202207,18941,2026
3202256,11501,2026
3202306,31528,2026
3202405,137659,2026
3202454,27765,2026
3202504,12350,2026
3202553,10119,2026
3202603,12801,2026
3202652,14793,2026
3202702,14004,2026
3202801,44621,2026
3202900,10997,2026
3203007,30626,2026
3203056,31858,2026
3203106,12112,2026
3203130,14203,2026
3203163,11622,2026
3203205,185621,2026
3203304,13090,2026
3203320,46461,2026
3203346,19159,2026
3203353,13150,2026
3203403,25011,2026
3203502,19891,2026
3203601,5667,2026
3203700,18806,2026
3203809,14160,2026
3203908,52531,2026
3204005,18914,2026
3204054,21803,2026
3204104,24861,2026
3204203,24176,2026
3204252,6640,2026
3204302,15050,2026
3204351,20467,2026
3204401,11471,2026
3204500,13950,2026
3204559,45975,2026
3204609,23977,2026
3204658,9089,2026
3204708,34313,2026
3204807,11451,2026
3204906,135450,2026
3204955,11222,2026
3205002,586901,2026
3205010,28876,2026
3205036,20413,2026
3205069,25630,2026
3205101,79611,2026
3205150,9340,2026
3205176,14289,2026
3205200,510512,2026
3205309,343935,2026
3300100,179152,2026
3300159,11429,2026
3300209,137922,2026
3300225,12213,2026
3300233,44365,2026
3300258,32835,2026
3300308,98508,2026
3300407,181675,2026
3300456,518442,2026
3300506,29769,2026
3300605,37178,2026
3300704,236772,2026
3300803,59873,2026
3300902,15060,2026
3300936,14331,2026
3300951,9050,2026
3301009,519378,2026
3301108,20023,2026
3301157,13418,2026
3301207,17741,2026
3301306,48672,2026
3301405,21771,2026
3301504,21422,2026
3301603,11356,2026
3301702,866167,2026
3301801,12804,2026
3301850,54316,2026
3301876,29681,2026
3301900,240169,2026
3302007,124040,2026
3302056,14510,2026
3302106,23646,2026
3302205,107322,2026
3302254,32721,2026
3302270,102182,2026
3302304,7582,2026
3302403,264583,2026
3302452,5603,2026
3302502,244166,2026
3302601,43677,2026
3302700,212703,2026
3302809,18048,2026
3302858,178780,2026
3302908,28151,2026
3303005,28418,2026
3303104,15552,2026
3303203,155478,2026
3303302,516820,2026
3303401,203460,2026
3303500,843367,2026
3303609,43451,2026
3303708,44485,2026
3303807,47694,2026
3303856,31382,2026
3303906,294954,2026
3303955,25102,2026
3304003,29072,2026
3304102,17833,2026
3304110,21101,2026
3304128,14168,2026
3304144,149155,2026
3304151,23149,2026
3304201,137739,2026
3304300,59147,2026
3304409,17951,2026
3304508,9269,2026
3304524,168626,2026
3304557,6731133,2026
3304607,10580,2026
3304706,43703,2026
3304755,47411,2026
3304805,41220,2026
3304904,959977,2026
3305000,38756,2026
3305109,466487,2026
3305133,7328,2026
3305158,22775,2026
3305208,110735,2026
3305307,7990,2026
3305406,18292,2026
3305505,95355,2026
3305554,84821,2026
3305604,22029,2026
3305703,15695,2026
3305752,32868,2026
3305802,176772,2026
3305901,10654,2026
3306008,82329,2026
3306107,71442,2026
3306156,10565,2026
3306206,35908,2026
3306305,280006,2026
3500105,35701,2026
3500204,4529,2026
3500303,32884,2026
3500402,7457,2026
3500501,18277,2026
3500550,7508,2026
3500600,2933,2026
3500709,39084,2026
3500758,6411,2026
3500808,4591,2026
3500907,3456,2026
3501004,17234,2026
3501103,3866,2026
3501152,17621,2026
3501202,3980,2026
3501301,28508,2026
3501400,4906,2026
3501509,2915,2026
3501608,248392,2026
3501707,33663,2026
3501806,5986,2026
3501905,69859,2026
3502002,4703,2026
3502101,61761,2026
3502200,24628,2026
3502309,5767,2026
3502408,4126,2026
3502507,33067,2026
3502606,4101,2026
3502705,24831,2026
3502754,22448,2026
3502804,208987,2026
3502903,33989,2026
3503000,5543,2026
3503109,7099,2026
3503158,2350,2026
3503208,254508,2026
3503307,136113,2026
3503356,2092,2026
3503406,8299,2026
3503505,3614,2026
3503604,10229,2026
3503703,7592,2026
3503802,53686,2026
3503901,90644,2026
3503950,1876,2026
3504008,105051,2026
3504107,168162,2026
3504206,13841,2026
3504305,4489,2026
3504404,11435,2026
3504503,96764,2026
3504602,29738,2026
3504701,3975,2026
3504800,9946,2026
3504909,10089,2026
3505005,3644,2026
3505104,5598,2026
3505203,32406,2026
3505302,35102,2026
3505351,5252,2026
3505401,6868,2026
3505500,127276,2026
3505609,33414,2026
3505708,336015,2026
3505807,21968,2026
3505906,59999,2026
3506003,394028,2026
3506102,78298,2026
3506201,2638,2026
3506300,11906,2026
3506359,67941,2026
3506409,7473,2026
3506508,123655,2026
3506607,30599,2026
3506706,13093,2026
3506805,11492,2026
3506904,10735,2026
3507001,64240,2026
3507100,22648,2026
3507159,3609,2026
3507209,935,2026
3507308,4852,2026
3507407,14396,2026
3507456,2814,2026
3507506,151600,2026
3507605,186631,2026
3507704,5487,2026
3507753,2605,2026
3507803,26446,2026
3507902,24571,2026
3508009,20783,2026
3508108,17712,2026
3508207,4467,2026
3508306,4358,2026
3508405,48815,2026
3508504,100422,2026
3508603,32579,2026
3508702,17192,2026
3508801,16908,2026
3508900,3715,2026
3509007,98810,2026
3509106,5612,2026
3509205,99249,2026
3509254,29267,2026
3509304,9191,2026
3509403,24247,2026
3509452,6101,2026
3509502,1189761,2026
3509601,79890,2026
3509700,47932,2026
3509809,5013,2026
3509908,12493,2026
3509957,5084,2026
3510005,30144,2026
3510104,2966,2026
3510153,6647,2026
3510203,47415,2026
3510302,23939,2026
3510401,51415,2026
3510500,143291,2026
3510609,398772,2026
3510708,11462,2026
3510807,28773,2026
3510906,2866,2026
3511003,20545,2026
3511102,119368,2026
3511201,7097,2026
3511300,13454,2026
3511409,22329,2026
3511508,46547,2026
3511607,19813,2026
3511706,15827,2026
3511904,7082,2026
3512001,18914,2026
3512100,6822,2026
3512209,29220,2026
3512308,15314,2026
3512407,25390,2026
3512506,5509,2026
3512605,4249,2026
3512704,4305,2026
3512803,61196,2026
3512902,9064,2026
3513009,291704,2026
3513108,34356,2026
3513207,9651,2026
3513306,2118,2026
3513405,76381,2026
3513504,114681,2026
3513603,22467,2026
3513702,32685,2026
3513801,403802,2026
3513850,1637,2026
3513900,11296,2026
3514007,9011,2026
3514106,24839,2026
3514205,2257,2026
3514304,8154,2026
3514403,46800,2026
3514502,12534,2026
3514601,9804,2026
3514700,6288,2026
3514809,13062,2026
3514908,18226,2026
3514924,3191,2026
3514957,2346,2026
3515004,260113,2026
3515103,69041,2026
3515129,3061,2026
3515152,20377,2026
3515186,40547,2026
3515194,4211,2026
3515202,9733,2026
3515301,2752,2026
3515350,7833,2026
3515400,17069,2026
3515509,73706,2026
3515608,6092,2026
3515657,1695,2026
3515707,186816,2026
3515806,1475,2026
3515905,2739,2026
3516002,13179,2026
3516101,4053,2026
3516200,366534,2026
3516309,171806,2026
3516408,150648,2026
3516507,2815,2026
3516606,6394,2026
3516705,43051,2026
3516804,3175,2026
3516853,4815,2026
3516903,10426,2026
3517000,10321,2026
3517109,4145,2026
3517208,11496,2026
3517307,5611,2026
3517406,40547,2026
3517505,22562,2026
3517604,17197,2026
3517703,18711,2026
3517802,7423,2026
3517901,10566,2026
3518008,1999,2026
3518107,6532,2026
3518206,31902,2026
3518305,32785,2026
3518404,122100,2026
3518503,15299,2026
3518602,38740,2026
3518701,294780,2026
3518800,1351284,2026
3518859,7485,2026
3518909,4243,2026
3519006,9329,2026
3519055,15832,2026
3519071,250195,2026
3519105,10661,2026
3519204,6189,2026
3519253,8362,2026
3519303,33204,2026
3519402,11976,2026
3519501,6439,2026
3519600,62353,2026
3519709,77936,2026
3519808,7992,2026
3519907,7739,2026
3520004,23414,2026
3520103,26643,2026
3520202,11037,2026
3520301,29900,2026
3520400,36766,2026
3520426,14237,2026
3520442,26272,2026
3520509,271322,2026
3520608,5208,2026
3520707,4117,2026
3520806,3670,2026
3520905,13936,2026
3521002,38527,2026
3521101,7051,2026
3521150,7184,2026
3521200,4075,2026
3521309,14711,2026
3521408,22559,2026
3521507,6920,2026
3521606,7098,2026
3521705,18267,2026
3521804,26023,2026
3521903,17576,2026
3522000,3726,2026
3522109,119274,2026
3522158,3503,2026
3522208,163187,2026
3522307,164687,2026
3522406,92454,2026
3522505,243967,2026
3522604,74145,2026
3522653,4433,2026
3522703,40429,2026
3522802,14231,2026
3522901,14080,2026
3523008,3990,2026
3523107,384436,2026
3523206,45111,2026
3523305,15917,2026
3523404,127729,2026
3523503,19493,2026
3523602,16473,2026
3523701,5853,2026
3523800,8242,2026
3523909,175483,2026
3524006,75776,2026
3524105,38379,2026
3524204,6269,2026
3524303,73479,2026
3524402,251848,2026
3524501,8003,2026
3524600,16183,2026
3524709,62764,2026
3524808,50132,2026
3524907,6642,2026
3525003,121848,2026
3525102,47354,2026
3525201,40433,2026
3525300,137486,2026
3525409,4021,2026
3525508,13162,2026
3525607,4470,2026
3525706,38111,2026
3525805,4297,2026
3525854,3139,2026
3525904,465277,2026
3526001,20991,2026
3526100,17121,2026
3526209,27929,2026
3526308,5191,2026
3526407,27075,2026
3526506,9967,2026
3526605,7365,2026
3526704,101734,2026
3526803,68724,2026
3526902,301780,2026
3527009,7167,2026
3527108,76946,2026
3527207,87551,2026
3527256,1957,2026
3527306,55314,2026
3527405,20383,2026
3527504,2427,2026
3527603,12594,2026
3527702,4730,2026
3527801,3993,2026
3527900,2696,2026
3528007,17157,2026
3528106,7575,2026
3528205,4067,2026
3528304,3210,2026
3528403,52092,2026
3528502,98241,2026
3528601,10148,2026
3528700,4612,2026
3528809,12784,2026
3528858,3435,2026
3528908,3514,2026
3529005,247992,2026
3529104,1854,2026
3529203,25260,2026
3529302,81144,2026
3529401,429064,2026
3529500,6466,2026
3529609,4743,2026
3529658,1992,2026
3529708,19591,2026
3529807,11297,2026
3529906,18549,2026
3530003,3218,2026
3530102,28770,2026
3530201,15997,2026
3530300,66102,2026
3530409,4795,2026
3530508,69415,2026
3530607,472255,2026
3530706,160841,2026
3530805,95929,2026
3530904,3844,2026
3531001,1941,2026
3531100,65321,2026
3531209,8967,2026
3531308,48787,2026
3531407,22684,2026
3531506,18314,2026
3531605,4311,2026
3531704,4206,2026
3531803,68311,2026
3531902,28485,2026
3532009,14206,2026
3532058,4063,2026
3532108,3734,2026
3532157,2696,2026
3532207,5999,2026
3532306,7164,2026
3532405,18729,2026
3532504,9981,2026
3532603,9888,2026
3532702,4891,2026
3532801,6910,2026
3532827,8630,2026
3532843,2053,2026
3532868,1070,2026
3532900,9460,2026
3533007,19741,2026
3533106,2187,2026
3533205,4894,2026
3533254,4457,2026
3533304,2799,2026
3533403,64924,2026
3533502,39548,2026
3533601,7587,2026
3533700,4423,2026
3533809,2530,2026
3533908,57028,2026
3534005,4969,2026
3534104,6180,2026
3534203,6167,2026
3534302,39099,2026
3534401,761441,2026
3534500,2500,2026
3534609,32123,2026
3534708,106941,2026
3534757,10717,2026
3534807,7899,2026
3534906,15322,2026
3535002,11717,2026
3535101,9627,2026
3535200,8951,2026
3535309,19666,2026
3535408,15239,2026
3535507,42014,2026
3535606,17968,2026
3535705,6224,2026
3535804,19901,2026
3535903,4125,2026
3536000,10712,2026
3536109,7482,2026
3536208,19627,2026
3536257,3056,2026
3536307,14934,2026
3536406,8303,2026
3536505,117554,2026
3536570,2166,2026
3536604,7354,2026
3536703,46439,2026
3536802,6768,2026
3536901,2863,2026
3537008,15732,2026
3537107,44433,2026
3537156,2829,2026
3537206,11650,2026
3537305,63523,2026
3537404,24334,2026
3537503,9052,2026
3537602,70891,2026
3537701,5638,2026
3537800,54291,2026
3537909,28496,2026
3538006,173267,2026
3538105,14689,2026
3538204,15740,2026
3538303,3279,2026
3538501,12468,2026
3538600,26823,2026
3538709,442635,2026
3538808,30324,2026
3538907,22726,2026
3539004,11093,2026
3539103,19005,2026
3539202,26125,2026
3539301,75701,2026
3539400,15748,2026
3539509,34311,2026
3539608,4449,2026
3539707,3050,2026
3539806,106288,2026
3539905,5708,2026
3540002,20528,2026
3540101,3437,2026
3540200,38206,2026
3540259,4199,2026
3540309,2407,2026
3540408,4179,2026
3540507,10915,2026
3540606,58837,2026
3540705,54005,2026
3540754,20831,2026
3540804,19189,2026
3540853,2581,2026
3540903,17291,2026
3541000,371190,2026
3541059,5280,2026
3541109,3820,2026
3541208,14830,2026
3541307,40267,2026
3541406,235264,2026
3541505,35728,2026
3541604,35957,2026
3541653,3482,2026
3541703,13423,2026
3541802,3380,2026
3541901,9009,2026
3542008,7291,2026
3542107,9156,2026
3542206,29381,2026
3542305,4656,2026
3542404,20671,2026
3542503,7830,2026
3542602,62101,2026
3542701,6480,2026
3542800,3151,2026
3542909,11006,2026
3543006,18953,2026
3543105,4727,2026
3543204,4783,2026
3543238,2035,2026
3543253,7572,2026
3543303,119023,2026
3543402,734538,2026
3543501,5611,2026
3543600,4198,2026
3543709,9061,2026
3543808,9314,2026
3543907,210794,2026
3544004,32386,2026
3544103,45331,2026
3544202,10436,2026
3544251,17366,2026
3544301,11174,2026
3544400,2739,2026
3544509,4028,2026
3544608,5179,2026
3544707,2524,2026
3544806,6675,2026
3544905,11708,2026
3545001,15368,2026
3545100,4883,2026
3545159,8441,2026
3545209,141994,2026
3545308,45373,2026
3545407,9229,2026
3545506,3696,2026
3545605,14183,2026
3545704,6586,2026
3545803,189562,2026
3546009,14226,2026
3546108,2710,2026
3546207,4383,2026
3546256,2173,2026
3546306,29456,2026
3546405,47833,2026
3546504,6291,2026
3546603,36458,2026
3546702,23249,2026
3546801,54775,2026
3546900,7111,2026
3547007,5303,2026
3547106,3020,2026
3547205,1700,2026
3547304,165193,2026
3547403,2802,2026
3547502,24938,2026
3547601,23697,2026
3547650,1698,2026
3547700,17884,2026
3547809,784290,2026
3547908,6947,2026
3548005,23945,2026
3548054,8616,2026
3548104,6248,2026
3548203,7333,2026
3548302,3075,2026
3548401,3909,2026
3548500,429528,2026
3548609,12025,2026
3548708,842558,2026
3548807,173216,2026
3548906,267441,2026
3549003,2617,2026
3549102,96365,2026
3549201,2623,2026
3549250,1884,2026
3549300,2297,2026
3549409,49948,2026
3549508,7640,2026
3549607,3881,2026
3549706,53437,2026
3549805,506466,2026
3549904,729153,2026
3549953,16541,2026
3550001,10485,2026
3550100,38099,2026
3550209,32943,2026
3550308,11911337,2026
3550407,40054,2026
3550506,7334,2026
3550605,81387,2026
3550704,84514,2026
3550803,10378,2026
3550902,13533,2026
3551009,338253,2026
3551108,10718,2026
3551207,3775,2026
3551306,3194,2026
3551405,13153,2026
3551504,45734,2026
3551603,31155,2026
3551702,132692,2026
3551801,12895,2026
3551900,14666,2026
3552007,6341,2026
3552106,41633,2026
3552205,766390,2026
3552304,7461,2026
3552403,292307,2026
3552502,321600,2026
3552551,3466,2026
3552601,11497,2026
3552700,15000,2026
3552809,286201,2026
3552908,6434,2026
3553005,13124,2026
3553104,5737,2026
3553203,6804,2026
3553302,21620,2026
3553401,26116,2026
3553500,8121,2026
3553609,11875,2026
3553658,2645,2026
3553708,53212,2026
3553807,24995,2026
3553856,7223,2026
3553906,6631,2026
3553955,15375,2026
3554003,129640,2026
3554102,323380,2026
3554201,4098,2026
3554300,22622,2026
3554409,7947,2026
3554508,38749,2026
3554607,2478,2026
3554656,2049,2026
3554706,9484,2026
3554755,1728,2026
3554805,53734,2026
3554904,7102,2026
3554953,7002,2026
3555000,65447,2026
3555109,16307,2026
3555208,1832,2026
3555307,1652,2026
3555356,5461,2026
3555406,97541,2026
3555505,5310,2026
3555604,10698,2026
3555703,1629,2026
3555802,8973,2026
3555901,1428,2026
3556008,14104,2026
3556107,14727,2026
3556206,132862,2026
3556305,24830,2026
3556354,10915,2026
3556404,41283,2026
3556453,52574,2026
3556503,119923,2026
3556602,10256,2026
3556701,79477,2026
3556800,17689,2026
3556909,8405,2026
3556958,1830,2026
3557006,134103,2026
3557105,100935,2026
3557154,2784,2026
3557204,12418,2026
3557303,11647,2026
4100103,7201,2026
4100202,6312,2026
4100301,10891,2026
4100400,127031,2026
4100459,3452,2026
4100509,18525,2026
4100608,14198,2026
4100707,9744,2026
4100806,10483,2026
4100905,4646,2026
4101002,20479,2026
4101051,2973,2026
4101101,19944,2026
4101150,3380,2026
4101200,18091,2026
4101309,7027,2026
4101408,135481,2026
4101507,125767,2026
4101606,26321,2026
4101655,3571,2026
4101705,14958,2026
4101804,164291,2026
4101853,2346,2026
4101903,13320,2026
4102000,38591,2026
4102109,26262,2026
4102208,4050,2026
4102307,13994,2026
4102406,31690,2026
4102505,10465,2026
4102604,9904,2026
4102703,2877,2026
4102752,4128,2026
4102802,14967,2026
4102901,15615,2026
4103008,4595,2026
4103024,2402,2026
4103040,6235,2026
4103057,8022,2026
4103107,13541,2026
4103156,4083,2026
4103206,6675,2026
4103222,3239,2026
4103305,7809,2026
4103354,4691,2026
4103370,3891,2026
4103404,2644,2026
4103453,20411,2026
4103479,4591,2026
4103503,9002,2026
4103602,23352,2026
4103701,111553,2026
4103800,10182,2026
4103909,16035,2026
4103958,3945,2026
4104006,51154,2026
4104055,3974,2026
4104105,7717,2026
4104204,146002,2026
4104253,32227,2026
4104303,104881,2026
4104402,14995,2026
4104428,15173,2026
4104451,10548,2026
4104501,21208,2026
4104600,14754,2026
4104659,24721,2026
4104709,17985,2026
4104808,372026,2026
4104907,76015,2026
4105003,10636,2026
4105102,10881,2026
4105201,15681,2026
4105300,11258,2026
4105409,21690,2026
4105508,83579,2026
4105607,11730,2026
4105706,14699,2026
4105805,242698,2026
4105904,23347,2026
4106001,8447,2026
4106100,3464,2026
4106209,20205,2026
4106308,18004,2026
4106407,45614,2026
4106456,5342,2026
4106506,24107,2026
4106555,3755,2026
4106571,4120,2026
4106605,25071,2026
4106704,4539,2026
4106803,15632,2026
4106852,2854,2026
4106902,1832183,2026
4107009,13767,2026
4107108,5116,2026
4107124,3126,2026
4107157,4484,2026
4107207,48127,2026
4107256,9737,2026
4107306,6547,2026
4107405,6140,2026
4107504,12258,2026
4107520,1844,2026
4107538,4810,2026
4107546,4888,2026
4107553,2968,2026
4107603,16548,2026
4107652,170123,2026
4107702,4469,2026
4107736,6420,2026
4107751,8115,2026
4107801,4789,2026
4107850,4315,2026
4107900,11801,2026
4108007,11667,2026
4108106,2718,2026
4108205,7769,2026
4108304,299112,2026
4108320,8677,2026
4108403,103424,2026
4108452,4863,2026
4108502,10531,2026
4108551,2889,2026
4108601,28895,2026
4108650,6412,2026
4108700,5466,2026
4108809,33145,2026
4108908,6786,2026
4108957,7913,2026
4109005,4902,2026
4109104,2208,2026
4109203,4719,2026
4109302,13718,2026
4109401,190542,2026
4109500,7418,2026
4109609,45529,2026
4109658,4740,2026
4109708,29465,2026
4109757,6352,2026
4109807,53486,2026
4109906,9158,2026
4110003,5777,2026
4110052,2150,2026
4110078,15235,2026
4110102,30940,2026
4110201,9477,2026
4110300,2453,2026
4110409,4553,2026
4110508,14321,2026
4110607,16149,2026
4110656,2314,2026
4110706,61192,2026
4110805,10836,2026
4110904,4525,2026
4110953,12267,2026
4111001,5766,2026
4111100,6236,2026
4111209,12980,2026
4111258,33763,2026
4111308,3606,2026
4111407,13501,2026
4111506,33619,2026
4111555,6746,2026
4111605,2666,2026
4111704,5687,2026
4111803,41571,2026
4111902,16085,2026
4112009,36575,2026
4112108,22000,2026
4112207,5766,2026
4112306,5062,2026
4112405,9430,2026
4112504,12118,2026
4112603,1345,2026
4112702,11992,2026
4112751,11047,2026
4112801,12415,2026
4112900,3366,2026
4112959,7906,2026
4113007,6791,2026
4113106,4671,2026
4113205,45877,2026
4113254,5478,2026
4113304,33267,2026
4113403,3701,2026
4113429,3985,2026
4113452,5208,2026
4113502,24090,2026
4113601,4719,2026
4113700,584465,2026
4113734,6619,2026
4113759,4846,2026
4113809,4942,2026
4113908,13698,2026
4114005,13519,2026
4114104,35253,2026
4114203,38564,2026
4114302,29437,2026
4114351,2770,2026
4114401,16709,2026
4114500,14740,2026
4114609,59291,2026
4114708,5921,2026
4114807,45360,2026
4114906,8750,2026
4115002,7474,2026
4115101,9886,2026
4115200,432635,2026
4115309,6535,2026
4115358,6878,2026
4115408,16728,2026
4115457,4465,2026
4115507,4786,2026
4115606,19368,2026
4115705,42671,2026
4115739,3216,2026
4115754,9740,2026
4115804,58681,2026
4115853,6248,2026
4115903,2243,2026
4116000,2024,2026
4116059,11459,2026
4116109,10955,2026
4116208,19248,2026
4116307,4075,2026
4116406,3653,2026
4116505,1316,2026
4116604,3274,2026
4116703,14448,2026
4116802,6700,2026
4116901,27140,2026
4116950,5814,2026
4117008,7083,2026
4117057,12318,2026
4117107,13065,2026
4117206,6002,2026
4117214,4325,2026
4117222,8624,2026
4117255,13482,2026
4117271,6818,2026
4117297,3246,2026
4117305,24808,2026
4117404,3181,2026
4117453,7169,2026
4117503,49694,2026
4117602,50564,2026
4117701,35054,2026
4117800,12766,2026
4117909,37431,2026
4118006,13819,2026
4118105,9506,2026
4118204,150436,2026
4118303,2328,2026
4118402,96870,2026
4118451,6060,2026
4118501,99041,2026
4118600,5720,2026
4118709,6385,2026
4118808,13476,2026
4118857,7691,2026
4118907,12493,2026
4119004,6184,2026
4119103,14557,2026
4119152,131857,2026
4119202,6698,2026
4119251,2813,2026
4119301,30431,2026
4119400,23991,2026
4119509,129035,2026
4119608,34583,2026
4119657,3155,2026
4119707,4123,2026
4119806,14766,2026
4119905,378527,2026
4119954,33730,2026
4120002,11113,2026
4120101,4046,2026
4120150,3023,2026
4120200,3410,2026
4120309,3487,2026
4120333,3833,2026
4120358,5838,2026
4120408,4277,2026
4120507,10018,2026
4120606,50988,2026
4120655,4087,2026
4120705,8491,2026
4120804,25663,2026
4120853,4714,2026
4120903,31431,2026
4121000,10560,2026
4121109,5047,2026
4121208,18963,2026
4121257,4284,2026
4121307,3445,2026
4121356,2609,2026
4121406,20276,2026
4121505,14846,2026
4121604,6947,2026
4121703,24856,2026
4121752,6447,2026
4121802,12959,2026
4121901,13129,2026
4122008,14174,2026
4122107,3206,2026
4122156,14345,2026
4122172,3835,2026
4122206,40745,2026
4122305,31954,2026
4122404,76671,2026
4122503,11321,2026
4122602,9261,2026
4122651,5475,2026
4122701,9678,2026
4122800,4074,2026
4122909,5214,2026
4123006,15800,2026
4123105,3333,2026
4123204,3340,2026
4123303,8872,2026
4123402,11789,2026
4123501,26601,2026
4123600,1739,2026
4123709,9052,2026
4123808,14519,2026
4123824,3621,2026
4123857,9786,2026
4123907,10856,2026
4123956,3348,2026
4124004,5663,2026
4124020,14113,2026
4124053,25510,2026
4124103,45730,2026
4124202,2460,2026
4124301,2070,2026
4124400,25273,2026
4124509,6521,2026
4124608,6741,2026
4124707,10853,2026
4124806,12377,2026
4124905,5587,2026
4125001,10586,2026
4125100,13900,2026
4125209,9605,2026
4125308,5149,2026
4125357,6718,2026
4125407,5994,2026
4125456,4039,2026
4125506,353874,2026
4125555,2178,2026
4125605,43558,2026
4125704,30624,2026
4125753,5686,2026
4125803,8423,2026
4125902,2736,2026
4126009,8028,2026
4126108,5275,2026
4126207,6775,2026
4126256,130211,2026
4126272,6479,2026
4126306,17151,2026
4126355,5188,2026
4126405,5642,2026
4126504,16228,2026
4126603,24299,2026
4126652,3501,2026
4126678,10444,2026
4126702,4999,2026
4126801,16404,2026
4126900,5802,2026
4127007,9495,2026
4127106,77798,2026
4127205,18278,2026
4127304,14938,2026
4127403,18719,2026
4127502,20408,2026
4127601,18646,2026
4127700,162658,2026
4127809,8500,2026
4127858,11115,2026
4127882,6859,2026
4127908,8028,2026
4127957,8213,2026
4127965,14110,2026
4128005,25928,2026
4128104,124077,2026
4128203,56701,2026
4128302,2086,2026
4128401,10242,2026
4128500,19392,2026
4128534,9742,2026
4128559,8131,2026
4128609,8080,2026
4128625,3058,2026
4128633,5742,2026
4128658,3818,2026
4128708,10724,2026
4128807,5822,2026
4200051,2628,2026
4200101,17797,2026
4200200,11798,2026
4200309,6453,2026
4200408,6547,2026
4200507,6118,2026
4200556,3036,2026
4200606,7301,2026
4200705,11061,2026
4200754,1834,2026
4200804,5922,2026
4200903,5489,2026
4201000,8311,2026
4201109,3792,2026
4201208,12803,2026
4201257,10061,2026
4201273,4522,2026
4201307,53939,2026
4201406,77625,2026
4201505,9388,2026
4201604,3640,2026
4201653,2646,2026
4201703,8804,2026
4201802,3263,2026
4201901,7352,2026
4201950,18343,2026
4202008,154525,2026
4202057,17533,2026
4202073,18651,2026
4202081,3287,2026
4202099,1628,2026
4202107,54854,2026
4202131,5929,2026
4202156,2715,2026
4202206,10755,2026
4202305,85472,2026
4202404,390371,2026
4202438,3660,2026
4202453,29722,2026
4202503,3964,2026
4202537,2919,2026
4202578,2245,2026
4202602,8378,2026
4202701,5786,2026
4202800,36426,2026
4202859,4308,2026
4202875,2402,2026
4202909,158593,2026
4203006,76591,2026
4203105,6451,2026
4203154,3525,2026
4203204,121040,2026
4203253,2636,2026
4203303,13007,2026
4203402,7306,2026
4203501,9884,2026
4203600,39429,2026
4203709,13819,2026
4203808,57169,2026
4203907,24647,2026
4203956,25226,2026
4204004,11126,2026
4204103,4794,2026
4204152,2868,2026
4204178,3280,2026
4204194,3070,2026
4204202,289170,2026
4204251,18295,2026
4204301,88402,2026
4204350,5305,2026
4204400,10626,2026
4204459,1959,2026
4204509,16042,2026
4204558,16341,2026
4204608,229333,2026
4204707,11276,2026
4204756,2078,2026
4204806,41964,2026
4204905,8610,2026
4205001,15337,2026
4205100,4482,2026
4205159,3721,2026
4205175,3596,2026
4205191,2342,2026
4205209,5193,2026
4205308,11588,2026
4205357,1886,2026
4205407,598370,2026
4205431,2759,2026
4205456,35582,2026
4205506,33969,2026
4205555,2446,2026
4205605,3137,2026
4205704,35153,2026
4205803,20313,2026
4205902,79645,2026
4206009,18632,2026
4206108,6407,2026
4206207,13323,2026
4206306,27195,2026
4206405,11100,2026
4206504,52093,2026
4206603,4888,2026
4206652,9947,2026
4206702,22271,2026
4206751,2067,2026
4206801,3287,2026
4206900,21132,2026
4207007,64717,2026
4207106,19048,2026
4207205,12171,2026
4207304,58381,2026
4207403,6166,2026
4207502,79523,2026
4207577,2981,2026
4207601,4614,2026
4207650,9846,2026
4207684,8218,2026
4207700,8177,2026
4207759,3958,2026
4207809,10622,2026
4207858,2096,2026
4207908,10416,2026
4208005,7430,2026
4208104,23063,2026
4208203,302247,2026
4208302,88842,2026
4208401,17388,2026
4208450,37488,2026
4208500,28897,2026
4208609,4486,2026
4208708,10833,2026
4208807,21850,2026
4208906,203204,2026
4208955,1811,2026
4209003,32103,2026
4209102,673980,2026
4209151,6539,2026
4209177,2744,2026
4209201,2307,2026
4209300,173278,2026
4209409,44126,2026
4209458,1804,2026
4209508,8764,2026
4209607,14633,2026
4209706,11547,2026
4209805,3383,2026
4209854,4597,2026
4209904,14066,2026
4210001,12363,2026
4210035,5970,2026
4210050,1792,2026
4210100,57501,2026
4210209,3248,2026
4210308,7540,2026
4210407,8478,2026
4210506,31318,2026
4210555,2220,2026
4210605,18344,2026
4210704,2787,2026
4210803,7129,2026
4210852,2546,2026
4210902,4162,2026
4211009,10196,2026
4211058,9201,2026
4211108,7708,2026
4211207,19708,2026
4211256,3108,2026
4211306,98421,2026
4211405,5553,2026
4211454,4696,2026
4211504,14536,2026
4211603,14042,2026
4211652,2652,2026
4211702,24901,2026
4211751,17965,2026
4211801,7033,2026
4211850,2188,2026
4211876,2022,2026
4211892,2201,2026
4211900,261287,2026
4212007,7684,2026
4212056,2675,2026
4212106,15750,2026
4212205,19869,2026
4212239,4412,2026
4212254,15421,2026
4212270,3964,2026
4212304,10093,2026
4212403,4371,2026
4212502,37775,2026
4212601,3041,2026
4212650,10696,2026
4212700,7041,2026
4212809,31604,2026
4212908,24419,2026
4213005,3662,2026
4213104,6233,2026
4213153,3085,2026
4213203,37602,2026
4213302,4350,2026
4213351,3234,2026
4213401,10708,2026
4213500,32615,2026
4213609,33657,2026
4213708,18270,2026
4213807,8788,2026
4213906,1700,2026
4214003,22226,2026
4214102,2349,2026
4214151,3080,2026
4214201,11502,2026
4214300,3533,2026
4214409,6405,2026
4214508,6663,2026
4214607,8160,2026
4214706,11247,2026
4214805,78666,2026
4214904,5081,2026
4215000,40096,2026
4215059,2426,2026
4215075,4821,2026
4215109,13665,2026
4215208,4613,2026
4215307,7659,2026
4215356,3575,2026
4215406,4508,2026
4215455,14022,2026
4215505,15734,2026
4215554,2480,2026
4215604,2137,2026
4215653,10595,2026
4215679,7955,2026
4215687,2506,2026
4215695,1749,2026
4215703,30790,2026
4215752,2715,2026
4215802,88401,2026
4215901,2977,2026
4216008,10413,2026
4216057,6586,2026
4216107,9330,2026
4216206,57649,2026
4216255,6492,2026
4216305,35926,2026
4216354,4920,2026
4216404,9428,2026
4216503,27109,2026
4216602,301218,2026
4216701,14597,2026
4216800,8658,2026
4216909,26340,2026
4217006,14667,2026
4217105,3539,2026
4217154,1766,2026
4217204,48490,2026
4217253,6272,2026
4217303,10922,2026
4217402,22098,2026
4217501,19633,2026
4217550,3374,2026
4217600,14223,2026
4217709,32040,2026
4217758,2907,2026
4217808,19003,2026
4217907,8100,2026
4217956,2589,2026
4218004,60560,2026
4218103,5512,2026
4218202,50613,2026
4218251,7536,2026
4218301,20674,2026
4218350,3939,2026
4218400,7679,2026
4218509,9749,2026
4218608,7661,2026
4218707,117924,2026
4218756,5108,2026
4218806,13713,2026
4218855,2784,2026
4218905,11079,2026
4218954,2771,2026
4219002,21539,2026
4219101,3729,2026
4219150,2595,2026
4219176,4579,2026
4219200,6263,2026
4219309,59839,2026
4219358,5524,2026
4219408,4569,2026
4219507,55573,2026
4219606,3462,2026
4219705,35058,2026
4219853,4342,2026
4220000,18155,2026
4300034,4251,2026
4300059,4003,2026
4300109,16347,2026
4300208,6843,2026
4300307,6219,2026
4300406,74285,2026
4300455,3705,2026
4300471,2007,2026
4300505,7235,2026
4300554,1837,2026
4300570,3145,2026
4300604,194061,2026
4300638,5384,2026
4300646,7813,2026
4300661,1156,2026
4300703,6080,2026
4300802,13332,2026
4300851,4215,2026
4300877,8831,2026
4300901,6618,2026
4301008,22524,2026
4301057,11419,2026
4301073,2650,2026
4301107,14934,2026
4301206,12290,2026
4301305,17879,2026
4301404,10547,2026
4301503,7303,2026
4301552,3458,2026
4301602,121929,2026
4301636,15413,2026
4301651,6496,2026
4301701,7320,2026
4301750,5972,2026
4301800,4915,2026
4301859,3231,2026
4301875,4340,2026
4301909,12476,2026
4301925,1721,2026
4301958,2557,2026
4302006,9424,2026
4302055,2118,2026
4302105,127980,2026
4302154,1968,2026
4302204,7129,2026
4302220,2269,2026
4302238,2314,2026
4302253,2815,2026
4302303,11429,2026
4302352,13665,2026
4302378,2132,2026
4302402,12587,2026
4302451,6202,2026
4302501,5978,2026
4302584,2195,2026
4302600,3322,2026
4302659,5083,2026
4302709,19421,2026
4302808,33501,2026
4302907,11299,2026
4303004,82222,2026
4303103,141506,2026
4303202,4692,2026
4303301,4795,2026
4303400,4931,2026
4303509,63961,2026
4303558,3060,2026
4303608,6490,2026
4303673,3311,2026
4303707,5999,2026
4303806,5388,2026
4303905,64720,2026
4304002,5063,2026
4304101,3695,2026
4304200,29775,2026
4304309,6419,2026
4304358,11012,2026
4304408,50717,2026
4304507,50968,2026
4304606,359845,2026
4304614,1686,2026
4304622,1769,2026
4304630,66237,2026
4304655,3187,2026
4304663,27416,2026
4304671,4080,2026
4304689,11424,2026
4304697,2994,2026
4304705,63671,2026
4304713,7555,2026
4304804,31586,2026
4304853,1384,2026
4304903,9698,2026
4304952,3064,2026
4305009,8834,2026
4305108,479604,2026
4305116,2777,2026
4305124,5909,2026
4305132,3859,2026
4305157,2428,2026
4305173,9333,2026
4305207,14015,2026
4305306,9751,2026
4305355,36110,2026
4305371,2800,2026
4305405,3991,2026
4305439,6409,2026
4305447,4682,2026
4305454,17584,2026
4305504,4208,2026
4305587,2474,2026
4305603,3316,2026
4305702,6538,2026
4305801,10631,2026
4305835,1308,2026
4305850,2248,2026
4305871,2896,2026
4305900,6214,2026
4305934,1637,2026
4305959,3926,2026
4305975,2718,2026
4306007,13116,2026
4306056,7455,2026
4306072,2745,2026
4306106,60453,2026
4306130,1650,2026
4306205,12574,2026
4306304,4400,2026
4306320,2793,2026
4306353,2540,2026
4306379,2856,2026
4306403,31805,2026
4306429,2132,2026
4306452,3156,2026
4306502,13279,2026
4306551,2617,2026
4306601,38080,2026
4306700,3133,2026
4306734,4533,2026
4306759,1924,2026
4306767,41013,2026
4306809,23521,2026
4306908,24275,2026
4306924,1315,2026
4306932,9368,2026
4306957,2727,2026
4306973,3122,2026
4307005,109610,2026
4307054,3097,2026
4307104,6302,2026
4307203,5027,2026
4307302,6891,2026
4307401,3264,2026
4307450,3293,2026
4307500,15478,2026
4307559,5685,2026
4307609,49500,2026
4307708,78143,2026
4307807,33263,2026
4307815,3115,2026
4307831,2683,2026
4307864,2620,2026
4307906,72553,2026
4308003,6846,2026
4308052,2572,2026
4308078,4405,2026
4308102,13994,2026
4308201,32015,2026
4308250,1690,2026
4308300,9710,2026
4308409,6527,2026
4308433,2441,2026
4308458,4569,2026
4308508,33726,2026
4308607,35563,2026
4308656,2724,2026
4308706,5778,2026
4308805,7743,2026
4308854,1784,2026
4308904,16956,2026
4309001,16273,2026
4309050,7851,2026
4309100,41706,2026
4309126,2047,2026
4309159,3350,2026
4309209,275432,2026
4309258,1441,2026
4309308,95946,2026
4309407,26168,2026
4309506,7547,2026
4309555,5535,2026
4309571,2604,2026
4309605,19252,2026
4309654,6102,2026
4309704,4772,2026
4309753,3787,2026
4309803,4617,2026
4309902,6827,2026
4309951,3788,2026
4310009,22106,2026
4310108,34777,2026
4310207,87849,2026
4310306,4245,2026
4310330,28029,2026
4310363,3149,2026
4310405,6557,2026
4310413,2047,2026
4310439,5490,2026
4310462,1748,2026
4310504,7631,2026
4310538,5712,2026
4310553,3038,2026
4310579,1963,2026
4310603,36811,2026
4310652,2696,2026
4310702,3240,2026
4310751,1962,2026
4310801,23567,2026
4310850,3847,2026
4310876,2066,2026
4310900,3398,2026
4311007,27396,2026
4311106,10771,2026
4311122,3751,2026
4311130,3412,2026
4311155,7294,2026
4311205,18545,2026
4311239,2283,2026
4311254,5421,2026
4311270,1781,2026
4311304,28622,2026
4311403,96883,2026
4311429,2661,2026
4311502,7290,2026
4311601,4845,2026
4311627,6420,2026
4311643,1721,2026
4311700,5867,2026
4311718,4485,2026
4311734,3203,2026
4311759,6915,2026
4311775,7593,2026
4311791,2521,2026
4311809,46750,2026
4311908,4382,2026
4311981,4002,2026
4312005,1884,2026
4312054,4050,2026
4312104,4782,2026
4312138,2611,2026
4312153,5001,2026
4312179,1833,2026
4312203,4251,2026
4312252,7661,2026
4312302,4501,2026
4312351,1530,2026
4312377,3251,2026
4312385,2608,2026
4312401,66353,2026
4312427,2796,2026
4312443,3133,2026
4312450,6168,2026
4312476,6167,2026
4312500,12347,2026
4312609,4692,2026
4312617,2937,2026
4312625,1754,2026
4312658,18335,2026
4312674,1982,2026
4312708,14074,2026
4312757,3229,2026
4312807,5098,2026
4312906,9867,2026
4312955,2089,2026
4313003,3104,2026
4313011,3138,2026
4313037,4976,2026
4313060,20559,2026
4313086,2389,2026
4313102,5676,2026
4313201,23934,2026
4313300,26638,2026
4313334,2198,2026
4313359,3545,2026
4313375,30190,2026
4313391,3633,2026
4313409,235801,2026
4313425,3238,2026
4313441,2187,2026
4313466,1677,2026
4313490,4375,2026
4313508,49000,2026
4313607,3685,2026
4313656,13190,2026
4313706,34227,2026
4313805,8042,2026
4313904,45103,2026
4313953,10443,2026
4314001,7362,2026
4314027,6620,2026
4314035,4441,2026
4314050,53569,2026
4314068,4024,2026
4314076,6155,2026
4314100,214815,2026
4314134,2188,2026
4314159,8146,2026
4314175,2099,2026
4314209,7631,2026
4314308,3817,2026
4314407,336150,2026
4314423,5473,2026
4314456,3039,2026
4314464,2300,2026
4314472,3861,2026
4314498,4638,2026
4314506,11394,2026
4314548,2785,2026
4314555,2255,2026
4314605,17770,2026
4314704,10625,2026
4314753,2224,2026
4314779,3345,2026
4314787,1602,2026
4314803,35274,2026
4314902,1388791,2026
4315008,4413,2026
4315057,2173,2026
4315073,1582,2026
4315107,10127,2026
4315131,1771,2026
4315149,3166,2026
4315156,5423,2026
4315172,2070,2026
4315206,3809,2026
4315305,23995,2026
4315313,1577,2026
4315321,2553,2026
4315354,4003,2026
4315404,9931,2026
4315453,1825,2026
4315503,15205,2026
4315552,2866,2026
4315602,198935,2026
4315701,35641,2026
4315750,4574,2026
4315800,10646,2026
4315909,6831,2026
4315958,2330,2026
4316006,21753,2026
4316105,9969,2026
4316204,5078,2026
4316303,6692,2026
4316402,37673,2026
4316428,2528,2026
4316436,2619,2026
4316451,10357,2026
4316477,2955,2026
4316501,7184,2026
4316600,16770,2026
4316709,8268,2026
4316733,1710,2026
4316758,7080,2026
4316808,138273,2026
4316907,282397,2026
4316956,6486,2026
4316972,2661,2026
4317004,7128,2026
4317103,87330,2026
4317202,79489,2026
4317251,1529,2026
4317301,31965,2026
4317400,50336,2026
4317509,79146,2026
4317558,2134,2026
4317608,44431,2026
4317707,10485,2026
4317756,2138,2026
4317806,14196,2026
4317905,15667,2026
4317954,2395,2026
4318002,61311,2026
4318051,2806,2026
4318101,17934,2026
4318200,22388,2026
4318309,60090,2026
4318408,21412,2026
4318424,4546,2026
4318432,2708,2026
4318440,2976,2026
4318457,2399,2026
4318465,1931,2026
4318481,4555,2026
4318499,2466,2026
4318507,26248,2026
4318606,6978,2026
4318614,2443,2026
4318622,4295,2026
4318705,225738,2026
4318804,43278,2026
4318903,35865,2026
4319000,21549,2026
4319109,5587,2026
4319125,2908,2026
4319158,7193,2026
4319208,5243,2026
4319307,5943,2026
4319356,3618,2026
4319364,1790,2026
4319372,3142,2026
4319406,15863,2026
4319505,24898,2026
4319604,21551,2026
4319703,3320,2026
4319711,2255,2026
4319737,2593,2026
4319752,2309,2026
4319802,8257,2026
4319901,77935,2026
4320008,136573,2026
4320107,23374,2026
4320206,12325,2026
4320230,2750,2026
4320263,6098,2026
4320305,5223,2026
4320321,2725,2026
4320354,5424,2026
4320404,17407,2026
4320453,2089,2026
4320503,5630,2026
4320552,5989,2026
4320578,1881,2026
4320602,3463,2026
4320651,2056,2026
4320677,8684,2026
4320701,14512,2026
4320800,30958,2026
4320859,4569,2026
4320909,25257,2026
4321006,10824,2026
4321105,14919,2026
4321204,54353,2026
4321303,25963,2026
4321329,3192,2026
4321352,5319,2026
4321402,14820,2026
4321436,10575,2026
4321451,34024,2026
4321469,3363,2026
4321477,5188,2026
4321493,2594,2026
4321501,43346,2026
4321600,56432,2026
4321626,2192,2026
4321634,2636,2026
4321667,11224,2026
4321709,24428,2026
4321808,25466,2026
4321832,2813,2026
4321857,4829,2026
4321907,26304,2026
4321956,7785,2026
4322004,28435,2026
4322103,5646,2026
4322152,3732,2026
4322186,1396,2026
4322202,20324,2026
4322251,5172,2026
4322301,8535,2026
4322327,3488,2026
4322343,2025,2026
4322350,1183,2026
4322376,2047,2026
4322400,120818,2026
4322509,66147,2026
4322525,3213,2026
4322533,10069,2026
4322541,6223,2026
4322558,2047,2026
4322608,70842,2026
4322707,27671,2026
4322806,24554,2026
4322855,1851,2026
4322905,4847,2026
4323002,231994,2026
4323101,4741,2026
4323200,2825,2026
4323309,3741,2026
4323358,2121,2026
4323408,4515,2026
4323457,3932,2026
4323507,2710,2026
4323606,1624,2026
4323705,2843,2026
4323754,3316,2026
4323770,3223,2026
4323804,16949,2026
5000203,18143,2026
5000252,4651,2026
5000609,42071,2026
5000708,24820,2026
5000807,7643,2026
5000856,11408,2026
5000906,9790,2026
5001003,30189,2026
5001102,48810,2026
5001243,11163,2026
5001508,8406,2026
5001904,24430,2026
5002001,10935,2026
5002100,21800,2026
5002159,8923,2026
5002209,25294,2026
5002308,11826,2026
5002407,33074,2026
5002605,13935,2026
5002704,970843,2026
5002803,5078,2026
5002902,21581,2026
5002951,35384,2026
5003108,4890,2026
5003157,14708,2026
5003207,96334,2026
5003256,29292,2026
5003306,33488,2026
5003454,14419,2026
5003488,11570,2026
5003504,5785,2026
5003702,266950,2026
5003751,11612,2026
5003801,21615,2026
5003900,3790,2026
5004007,10856,2026
5004106,10097,2026
5004304,13906,2026
5004403,8814,2026
5004502,25732,2026
5004601,20122,2026
5004700,30371,2026
5004809,8472,2026
5004908,7533,2026
5005004,24499,2026
5005103,3573,2026
5005152,7122,2026
5005202,24631,2026
5005251,7060,2026
5005400,48564,2026
5005608,26535,2026
5005681,20229,2026
5005707,53307,2026
5005806,13298,2026
5006002,23747,2026
5006200,51081,2026
5006259,4791,2026
5006275,5904,2026
5006309,42728,2026
5006358,13412,2026
5006408,6850,2026
5006606,99572,2026
5006903,12584,2026
5007109,24300,2026
5007208,40880,2026
5007307,4911,2026
5007406,20513,2026
5007505,5494,2026
5007554,7156,2026
5007695,32696,2026
5007703,11343,2026
5007802,8834,2026
5007901,50079,2026
5007935,14804,2026
5007950,11248,2026
5007976,3748,2026
5008008,18223,2026
5008305,145514,2026
5008404,6534,2026
5100102,4907,2026
5100201,32876,2026
5100250,63017,2026
5100300,17888,2026
5100359,5966,2026
5100409,14201,2026
5100508,7335,2026
5100607,12136,2026
5100805,8693,2026
5101001,4059,2026
5101209,989,2026
5101258,14756,2026
5101308,10791,2026
5101407,27101,2026
5101605,7071,2026
5101704,29238,2026
5101803,75524,2026
5101837,5983,2026
5101852,8091,2026
5101902,17793,2026
5102504,91908,2026
5102603,15902,2026
5102637,53393,2026
5102678,51969,2026
5102686,10281,2026
5102694,4422,2026
5102702,28985,2026
5102793,10196,2026
5102850,7325,2026
5103007,19541,2026
5103056,9168,2026
5103106,6560,2026
5103205,32099,2026
5103254,25963,2026
5103304,18477,2026
5103353,39368,2026
5103361,3941,2026
5103379,9665,2026
5103403,698917,2026
5103437,4972,2026
5103452,6536,2026
5103502,22766,2026
5103601,7865,2026
5103700,10482,2026
5103809,3000,2026
5103858,9610,2026
5103908,5913,2026
5103957,2858,2026
5104104,31092,2026
5104203,9975,2026
5104500,2150,2026
5104526,8904,2026
5104542,8463,2026
5104559,5241,2026
5104609,12654,2026
5104807,30044,2026
5104906,7380,2026
5105002,7522,2026
5105101,36276,2026
5105150,48987,2026
5105176,9965,2026
5105200,11728,2026
5105234,4602,2026
5105259,99291,2026
5105309,2642,2026
5105507,17798,2026
5105580,11298,2026
5105606,22497,2026
5105622,27763,2026
5105903,15838,2026
5106000,5845,2026
5106109,11659,2026
5106158,14519,2026
5106174,4681,2026
5106182,7178,2026
5106190,4572,2026
5106208,3730,2026
5106216,11697,2026
5106224,65663,2026
5106232,16094,2026
5106240,9929,2026
5106257,26340,2026
5106265,6292,2026
5106273,3227,2026
5106281,7317,2026
5106299,12167,2026
5106307,29528,2026
5106315,2041,2026
5106372,19168,2026
5106422,33907,2026
5106455,3369,2026
5106505,31138,2026
5106653,7580,2026
5106703,2119,2026
5106752,56720,2026
5106778,12774,2026
5106802,5720,2026
5106828,10011,2026
5106851,3102,2026
5107008,25614,2026
5107040,99053,2026
5107065,32368,2026
5107107,17613,2026
5107156,1978,2026
5107180,10650,2026
5107198,2768,2026
5107206,4391,2026
5107248,5912,2026
5107263,2372,2026
5107297,2653,2026
5107305,14250,2026
5107354,6299,2026
5107404,4253,2026
5107578,3508,2026
5107602,268202,2026
5107701,14848,2026
5107743,2974,2026
5107750,3636,2026
5107768,3609,2026
5107776,7754,2026
5107792,4275,2026
5107800,16882,2026
5107859,14873,2026
5107875,33520,2026
5107883,1981,2026
5107909,231452,2026
5107925,128727,2026
5107941,9882,2026
5107958,116637,2026
5108006,16001,2026
5108055,10541,2026
5108105,2893,2026
5108204,4245,2026
5108303,3910,2026
5108352,3043,2026
5108402,323172,2026
5108501,10930,2026
5108600,19545,2026
5108808,4513,2026
5108857,3784,2026
5108907,5636,2026
5108956,8489,2026
5200050,22918,2026
5200100,17835,2026
5200134,22161,2026
5200159,2268,2026
5200175,4967,2026
5200209,1831,2026
5200258,249978,2026
5200308,28474,2026
5200506,1971,2026
5200555,6595,2026
5200605,11421,2026
5200803,8640,2026
5200829,3254,2026
5200852,5239,2026
5200902,2861,2026
5201108,424647,2026
5201207,906,2026
5201306,18172,2026
5201405,560996,2026
5201454,3078,2026
5201504,4524,2026
5201603,3838,2026
5201702,18599,2026
5201801,13053,2026
5202155,7122,2026
5202353,2879,2026
5202502,8623,2026
5202601,3209,2026
5202809,3021,2026
5203104,3279,2026
5203203,10967,2026
5203302,38010,2026
5203401,7727,2026
5203500,25145,2026
5203559,11218,2026
5203575,3273,2026
5203609,4252,2026
5203807,5808,2026
5203906,11028,2026
5203939,2811,2026
5203962,3126,2026
5204003,7700,2026
5204102,11917,2026
5204201,1415,2026
5204250,7724,2026
5204300,14062,2026
5204409,16602,2026
5204508,108805,2026
5204557,4901,2026
5204607,3904,2026
5204656,3761,2026
5204706,13084,2026
5204805,7901,2026
5204854,8707,2026
5204904,18196,2026
5204953,3747,2026
5205000,10039,2026
5205059,2823,2026
5205109,124683,2026
5205208,5385,2026
5205307,9739,2026
5205406,22655,2026
5205455,8336,2026
5205471,14735,2026
5205497,104114,2026
5205513,27741,2026
5205521,4222,2026
5205703,2427,2026
5205802,10733,2026
5205901,9549,2026
5206206,67922,2026
5206305,3709,2026
5206404,17616,2026
5206503,4020,2026
5206602,2947,2026
5206701,3950,2026
5206800,2752,2026
5206909,1877,2026
5207105,1960,2026
5207253,6752,2026
5207352,4121,2026
5207402,12010,2026
5207501,3204,2026
5207535,7169,2026
5207600,5807,2026
5207808,10185,2026
5207907,14388,2026
5208004,122613,2026
5208103,4643,2026
5208152,3584,2026
5208301,4370,2026
5208400,14956,2026
5208509,4938,2026
5208608,78980,2026
5208707,1511709,2026
5208806,84170,2026
5208905,24113,2026
5209101,37187,2026
5209150,4271,2026
5209200,21373,2026
5209291,2156,2026
5209408,4076,2026
5209457,2143,2026
5209606,3325,2026
5209705,31328,2026
5209804,3441,2026
5209903,10151,2026
5209937,6091,2026
5209952,18217,2026
5210000,54133,2026
5210109,26282,2026
5210158,2972,2026
5210208,37575,2026
5210307,2490,2026
5210406,48247,2026
5210562,5150,2026
5210604,4796,2026
5210802,4225,2026
5210901,22068,2026
5211008,8142,2026
5211206,26532,2026
5211305,6106,2026
5211404,7573,2026
5211503,114331,2026
5211602,2732,2026
5211701,6369,2026
5211800,46835,2026
5211909,112835,2026
5212006,2932,2026
5212055,2100,2026
5212105,7246,2026
5212204,19949,2026
5212253,1444,2026
5212303,9210,2026
5212501,223596,2026
5212600,2643,2026
5212709,8579,2026
5212808,10797,2026
5212907,2990,2026
5212956,3975,2026
5213004,10052,2026
5213053,2619,2026
5213087,26301,2026
5213103,76188,2026
5213400,1680,2026
5213509,6456,2026
5213707,9074,2026
5213756,13227,2026
5213772,3717,2026
5213806,54995,2026
5213855,2511,2026
5213905,4599,2026
5214002,15287,2026
5214051,6181,2026
5214101,3517,2026
5214408,8367,2026
5214507,34826,2026
5214606,33329,2026
5214705,2384,2026
5214804,2133,2026
5214838,13210,2026
5214861,8337,2026
5214879,3096,2026
5214903,2992,2026
5215009,9973,2026
5215207,3566,2026
5215231,108219,2026
5215256,3684,2026
5215306,17177,2026
5215405,4109,2026
5215504,7785,2026
5215603,37709,2026
5215652,3094,2026
5215702,34985,2026
5215801,2260,2026
5215900,3978,2026
5216007,2414,2026
5216304,7245,2026
5216403,10706,2026
5216452,2999,2026
5216809,9464,2026
5216908,2221,2026
5217104,25436,2026
5217203,11965,2026
5217302,28292,2026
5217401,33974,2026
5217609,113950,2026
5217708,18838,2026
5218003,45620,2026
5218052,4325,2026
5218102,3149,2026
5218300,36517,2026
5218391,3768,2026
5218508,50665,2026
5218607,12776,2026
5218706,3849,2026
5218789,4072,2026
5218805,244881,2026
5218904,20239,2026
5219001,8107,2026
5219100,6332,2026
5219209,2993,2026
5219258,5058,2026
5219308,39719,2026
5219357,3531,2026
5219407,5690,2026
5219456,2575,2026
5219506,2819,2026
5219605,3120,2026
5219704,10856,2026
5219712,4266,2026
5219738,8254,2026
5219753,75814,2026
5219803,9336,2026
5219902,6522,2026
5220009,15290,2026
5220058,1817,2026
5220108,35539,2026
5220157,4953,2026
5220207,22001,2026
5220264,4719,2026
5220280,2210,2026
5220405,17167,2026
5220454,180111,2026
5220504,8272,2026
5220603,23356,2026
5220686,5576,2026
5220702,2982,2026
5221007,4213,2026
5221080,2636,2026
5221197,8435,2026
5221304,2981,2026
5221403,156197,2026
5221452,3054,2026
5221502,4422,2026
5221551,5210,2026
5221577,2786,2026
5221601,44907,2026
5221700,13843,2026
5221809,3733,2026
5221858,223210,2026
5221908,3772,2026
5222005,15808,2026
5222054,9271,2026
5222203,4106,2026
5222302,6073,2026
5300108,3009996,2026
