data,categoria,titulo,descricao,url,texto,tema_gd,qtd_palavras,coletado_em
2026-09-18,Tarifas,ANEEL divulga terceira edição de 2026 do boletim InfoTarifas,"O efeito médio atualizado é de elevação de 9,4% para as tarifas em 2026, já considerando os recursos relativos à repactuação de Uso de Bem Público (UBP) que atenuaram os reajustes dos consumidores das regiões Norte e Nordeste",https://www.gov.br/aneel/pt-br/assuntos/noticias/2026-defeso-eleitoral/aneel-divulga-terceira-edicao-de-2026-do-boletim-infotarifas,"A terceira edição do boletim InfoTarifas 2026 foi publicada nesta sexta-feira (18/9) com efeito médio tarifário Brasil em 9,4% para este ano. O valor atualizado ficou acima dos índices de inflação projetados do IGP-M (4,4%) e do IPCA (5,0%). A projeção já considera a decisão da Diretoria da Agência Nacional de Energia Elétrica (ANEEL) de distribuição dos recursos provenientes da repactuação das obrigações de pagamento de Uso de Bem Público (UBP) das usinas hidrelétricas. A decisão viabilizou o repasse de aproximadamente R$ 5,5 bilhões às distribuidoras localizadas nas áreas de abrangência da Superintendência do Desenvolvimento da Amazônia (Sudam) e da Superintendência do Desenvolvimento do Nordeste (Sudene), com o objetivo de promover modicidade tarifária aos consumidores do mercado regulado. Os valores arrecadados são destinados à Conta de Desenvolvimento Energético (CDE) e utilizados para reduzir os impactos tarifários das distribuidoras elegíveis. Na deliberação, a Agência também homologou o Efeito Tarifário Limite Equilibrado (ETLEP) de 6,53%, mecanismo utilizado para promover uma distribuição mais equilibrada dos benefícios entre as 22 concessionárias contempladas e reduzir assimetrias tarifárias entre as diferentes áreas de concessão. Esta edição apresenta o histórico da tarifa média residencial, dados do subsidiômetro, informes sobre as bandeiras tarifárias dos últimos meses e os principais fatos tarifários dos últimos três meses, como, por exemplo, definição das receitas e tarifas de transmissão para 2026/2027, além da Reforma Tributária, que exigirá revisão de mecanismos tarifários em todo o setor elétrico. Confira aqui a terceira edição do InfoTarifas. O que é o InfoTarifa Em abril de 2025, a ANEEL lançou o InfoTarifa, que mostra estimativa de variação tarifária anual. Com publicação trimestral, o boletim detalha a evolução histórica e os principais impactos em cada componente das tarifas, além de apresentar o panorama dos processos em andamento e de fatores que influenciam nos cálculos realizados pela Agência, como os encargos setoriais.",False,303,2026-09-21 20:23
2026-09-16,Tarifas,Audiência Pública discutirá revisão das tarifas da CEEE-D em Porto Alegre (RS),"A sessão presencial será realizada dia 8/10, em Porto Alegre/RS, no Auditório do Palácio do Ministério Público do Rio Grande do Sul",https://www.gov.br/aneel/pt-br/assuntos/noticias/2026-defeso-eleitoral/audiencia-publica-discutira-revisao-das-tarifas-da-ceee-d-em-porto-alegre-rs,"Os consumidores atendidos pela Companhia Estadual de Distribuição de Energia Elétrica (CEEE-D) poderão participar da Audiência Pública 007/2026 , que discutirá a Revisão Tarifária Periódica (RTP) da distribuidora. Com sede em Porto Alegre, no estado do Rio Grande do Sul, a distribuidora atende aproximadamente 2,03 milhões unidades consumidoras. A sessão será realizada no dia 8/10, a partir das 14h30, no Auditório do Palácio do Ministério Público do Rio Grande do Sul, localizado na Praça Marechal Deodoro, 110 - Centro Histórico da cidade de Porto Alegre. O credenciamento será realizado a partir das 14h. Confira, na tabela, os índices propostos para entrar em vigor a partir de 22 de novembro de 2026: Empresa CEEE-D Classe de Consumo – Consumidores cativos Baixa tensão em média Alta tensão em média Efeito Médio para o consumidor 24,24% 15,88% 22,31% Entre os fatores que mais impactaram os índices propostos estão os custos associados ao aumento da base de remuneração e à recomposição de parte do diferimento tarifário realizado no processo tarifário de 2024, ambos relacionados aos efeitos climáticos ocorridos no Rio Grande do Sul naquele ano. A Audiência Pública 007/2026 está vinculada à Consulta Pública 027/2026 , que recebe contribuições até o dia 9 de outubro. As sugestões podem ser enviadas para os seguintes e-mails: cp027_2026rv@aneel.gov.br – para o tema Revisão Tarifária cp027_2026et@aneel.gov.br – para o tema Estrutura Tarifária; cp027_2026pt@aneel.gov.br – para o tema Perdas Técnicas; A minuta de resolução e outras informações sobre a consulta e a audiência serão publicadas na página da ANEEL na internet, acesse aqui . Serviço Audiência Pública nº 007/2026 sobre a Revisão tarifária da Companhia Estadual de Distribuição de Energia Elétrica (CEEE-D). Data: Quinta-feira (8/10) Horário: 14h (credenciamento) / 14h30 (início da audiência pública) Local: Auditório do Palácio do Ministério Público do Rio Grande do Sul Endereço: Praça Marechal Deodoro, 110 - Centro Histórico, Porto Alegre/RS",False,307,2026-09-21 20:23
2026-09-15,Geração,ANEEL abre consulta pública para aprimorar classificação operacional de usinas do SIN,"Proposta encaminhada pelo ONS busca atualizar os critérios utilizados para definir o nível de participação das usinas no planejamento, na programação e na operação do sistema elétrico",https://www.gov.br/aneel/pt-br/assuntos/noticias/2026-defeso-eleitoral/aneel-abre-consulta-publica-para-aprimorar-classificacao-operacional-de-usinas-do-sin,"A Agência Nacional de Energia Elétrica (ANEEL) aprovou, nesta terça-feira (15/9), a abertura da Consulta Pública nº 034/2026, destinada a receber contribuições da sociedade para o aprimoramento dos critérios de classificação das modalidades de operação das usinas integrantes do Sistema Interligado Nacional (SIN). A classificação operacional estabelece o grau de participação de cada empreendimento de geração nos processos conduzidos pelo Operador Nacional do Sistema Elétrico (ONS), incluindo o planejamento e a programação da operação, a supervisão em tempo real e a coordenação de intervenções. A definição da modalidade aplicável considera, entre outros aspectos, a influência individual ou conjunta da usina sobre a segurança, a confiabilidade e o desempenho do SIN. Entre os principais temas submetidos ao debate, está a revisão dos critérios empregados para avaliar o impacto elétrico e energético das usinas. A proposta procura tornar a classificação mais compatível com as transformações observadas no setor elétrico, especialmente diante do crescimento da geração renovável, do aumento do número de empreendimentos conectados às redes de transmissão e distribuição e da necessidade de uma visão mais integrada da operação. Uma das principais inovações é a avaliação das usinas não apenas de forma individual, mas também por meio de conjuntos operativos. Na prática, empreendimentos localizados em uma mesma região elétrica ou que apresentem comportamento agregado relevante poderão ser avaliados conjuntamente, quando a atuação combinada tiver influência significativa sobre a operação do sistema. A consulta também discutirá a reorganização das modalidades atualmente previstas nos Procedimentos de Rede, com o detalhamento das categorias aplicáveis às usinas que participam diretamente da operação coordenada pelo ONS e daquelas cujas operações ocorre com menor nível de interação com o Operador. A proposta considera que a crescente complexidade do sistema exige informações operativas consistentes e nível adequado de coordenação entre o ONS e os agentes de geração. Em processos envolvendo características técnicas de usinas, o Operador já destaca a relevância de informações que permitam avaliar a flexibilidade e as restrições operativas dos empreendimentos no planejamento e na programação da operação. A avaliação técnica da ANEEL concluiu que a proposta trata de tema relevante para a segurança e a eficiência da operação do SIN. A consulta permitirá aprofundar a discussão sobre a proporcionalidade das obrigações, os custos de adequação para os agentes e os benefícios operacionais esperados."" Como enviar sugestões As contribuições poderão ser enviadas de 17 de setembro a 2 de novembro por formulário eletrônico disponível no espaço reservado à Consulta Pública 34/2026 no site da ANEEL. Acesse o link https://www.gov.br/aneel/pt-br/acesso-a-informacao/participacao-social/consultas-publicas .",False,413,2026-09-21 20:23
2026-09-15,Tarifas,Aprovadas as novas tarifas da Equatorial Pará,Novos valores serão aplicados a partir da data de publicação da decisão no Diário Oficial,https://www.gov.br/aneel/pt-br/assuntos/noticias/2026-defeso-eleitoral/aprovadas-as-novas-tarifas-da-equatorial-para,"O reajuste tarifário anual para os clientes da Equatorial Pará Distribuidora de Energia S/A foi aprovado nesta terça-feira (15/9) pela Agência Nacional de Energia Elétrica (ANEEL). A distribuidora, sediada em Belém (PA), atende aproximadamente 3,12 milhões de unidades consumidoras em 228 municípios paraenses. Confira os índices que incidirão nas tarifas: Empresa Consumidores residenciais - B1 Equatorial Pará 6,70% Classe de Consumo – Consumidores cativos Baixa tensão em média Alta tensão em média Efeito Médio para o consumidor 6,66% 8,09% 6,94% Os fatores que impactaram as tarifas foram os custos de aquisição de energia, de encargos setoriais e de componentes financeiros. Os novos valores serão aplicados a partir da publicação da decisão no Diário Oficial da União. O efeito médio da alta tensão refere-se às classes A1 (>= 230 kV), A2 (de 88 a 138 kV), A3 (69 kV) e A4 (de 2,3 a 25 kV). Para a baixa tensão, a média engloba as classes B1 (Residencial e subclasse residencial baixa renda); B2 (Rural: subclasses, como agropecuária, cooperativa de eletrificação rural, indústria rural, serviço público de irrigação rural); B3 (Industrial, comercial, serviços e outras atividades, poder público, serviço público e consumo próprio); e B4 (Iluminação pública).",False,195,2026-09-21 20:23
2026-09-15,Inovação,Experimento Energias da Floresta busca levar energia a populações isoladas,"Com supervisão da ANEEL, a iniciativa reunirá projetos adaptados a comunidades indígenas, quilombolas e outras em regiões remotas",https://www.gov.br/aneel/pt-br/assuntos/noticias/2026-defeso-eleitoral/experimento-energias-da-floresta-busca-levar-energia-a-populacoes-isoladas,"A Agência Nacional de Energia Elétrica (ANEEL) aprovou, nesta terça-feira (15/9), as regras para o desenvolvimento do Sandbox Regulatório Energias da Floresta. A iniciativa cria um ambiente temporário, supervisionado pela Agência, para testar projetos-piloto de fornecimento de energia elétrica a populações indígenas, quilombolas, ribeirinhas, comunidades tradicionais e agricultores familiares, com foco em áreas remotas na Amazônia Legal. O objetivo é avançar na universalização da energia elétrica no Brasil, para que ela alcance toda a população brasileira – o serviço chega hoje a 99,8% das moradias do país. O sandbox (termo em inglês que significa ambiente de teste – leia mais no fim da nota) permitirá experimentar meios para que populações isoladas recebam acesso pleno à energia elétrica, reconhecendo seus conhecimentos, práticas e valores culturais. Os projetos poderão abordar sistemas descentralizados de geração e armazenamento, usos coletivos e produtivos da energia, novas formas de faturamento e tarifação e a atuação de agentes comunitários de energia. Também poderão ser testadas a expansão gradual de atendimento dos Sistemas Individuais de Geração de Energia Elétrica com Fonte Intermitente (SIGFI) e Microssistemas Isolados de Geração e Distribuição de Energia Elétrica (MIGDI), a transição entre esses arranjos e a distribuição convencional, e o compartilhamento, a cessão, a transferência ou a remuneração de sistemas energéticos implantados por comunidades e outros agentes, inclusive para eventual integração à Base de Remuneração Regulatória das distribuidoras. Os projetos serão fomentados pelo Programa de Pesquisa, Desenvolvimento e Inovação (PDI) gerido pela ANEEL e poderão receber recursos de outras fontes previstas na norma. A regulamentação aprovada estabelece critérios para a entrada e a saída dos projetos, salvaguardas para participantes, comunidades, territórios e meio ambiente e regras de transparência e comunicação em linguagem simples. A seleção de povos e comunidades tradicionais deverá ser precedida de consulta livre, prévia e informada. Entre os parceiros já envolvidos na iniciativa, estão o Instituto de Energia e Meio Ambiente (IEMA) e o Banco Interamericano de Desenvolvimento (BID). Iniciativa testa novo participante do setor elétrico: a comunidade energética Entre as inovações trazidas pelo Sandbox Energias da Floresta, está a criação da figura da comunidade energética. Trata-se de um arranjo no qual famílias, organizações comunitárias, povos e comunidades tradicionais participam do planejamento, da governança e da gestão de sistemas e serviços de energia. Uma vez que o projeto seja autorizado, a comunidade poderá colaborar no monitoramento, na operação e na manutenção da infraestrutura, sem substituir a distribuidora nem assumir a prestação do serviço público. Agência experimenta a arquitetura de governança colaborativa O sandbox será operacionalizado por uma arquitetura de governança colaborativa, a ser instituída em ato específico da ANEEL. O modelo reunirá órgãos públicos, agentes do setor elétrico, instituições de ensino e pesquisa, organizações da sociedade civil, desenvolvedores de soluções e representantes das comunidades. Caberá a essa estrutura apoiar a seleção, a coordenação, o acompanhamento e a avaliação dos projetos-piloto, além de organizar dados, gerir riscos e sistematizar os resultados. A proposta foi aperfeiçoada após a Consulta Pública nº 2/2026, que recebeu 338 contribuições de 53 participantes, com aproveitamento integral ou parcial de 82% das manifestações. A Agência também ouviu experiências de representantes de povos e comunidades tradicionais por meio de uma oficina em parceria com a Escola Nacional de Administração Pública (ENAP) e de um seminário com 170 atores de entidades públicas e privadas, incluindo concessionárias, órgãos públicos, universidades nacionais e internacionais, organizações não governamentais, bancos de fomento, instituições filantrópicas e associações representativas de povos e comunidades tradicionais. O que são os sandboxes regulatórios A Lei Complementar nº 182/2021, que instituiu o marco legal das startups e do empreendimento inovador, autorizou que órgãos e entidades da administração pública promovam experimentos de regulamentação setorial para desenvolver modelos de negócios inovadores e testar técnicas e tecnologias. São os sandboxes regulatórios: eles permitem a oferta de condições temporárias, aplicadas a um grupo segmentado de pessoas, para que se possa testar novas possibilidades de normas antes que elas entrem em vigor. No caso do setor elétrico, os sandboxes regulatórios criam condições especiais para que agentes do setor elétrico, unidos a pesquisadores e a outras instâncias interessadas, realizem projetos a partir de critérios e de limites estabelecidos pela ANEEL e por meio de procedimento facilitado.",False,691,2026-09-21 20:23
2026-09-11,Geração,Expansão da matriz elétrica em agosto é de quase 2 GW,"Ampliação ao longo de 2026 é de 4,9 GW, com novas geradoras em 15 estados",https://www.gov.br/aneel/pt-br/assuntos/noticias/2026-defeso-eleitoral/expansao-da-matriz-eletrica-em-agosto-e-de-quase-2-gw,"O crescimento da oferta de energia elétrica no Brasil em agosto foi de 1.968,37 megawatts (MW). Segundo dados reunidos pela Agência Nacional de Energia Elétrica (ANEEL), entre as 20 novas usinas que entraram em operação comercial no mês, estão três termelétricas (100,87 MW), 15 centrais solares fotovoltaicas (891,00 MW) e duas usinas eólicas (76,50 MW). Ao longo do ano, até 31 de agosto, a expansão na matriz elétrica foi de 4.852,78 MW. Entre as 91 usinas que começaram a operar no período, estão 75 centrais solares fotovoltaicas (3.520,93 MW), seis usinas termelétricas (1.087,05 MW), três usinas eólicas (184,50 MW), cinco pequenas centrais hidrelétricas (52,70 MW) e duas centrais geradoras hidrelétricas (7,60 MW). De janeiro a agosto, usinas em 15 estados entraram em operação comercial. Os destaques, em ordem decrescente, foram o Mato Grosso do Sul (894,20 MW), o Pará (649,37 MW) e o Rio Grande do Norte (639,57 MW). O Mato Grosso do Sul também foi o estado com maior expansão em agosto, com 891,00 MW. O Pará ficou em segundo lugar no mês, com 629,37 MW. . Capacidade total de usinas centralizadas é de 220,7 GW Em 8 de setembro, o Brasil somou 220.662,7 MW de potência fiscalizada, de acordo com dados do Sistema de Informações de Geração da ANEEL, o SIGA , atualizado diariamente com dados de usinas em operação e de empreendimentos outorgados em fase de construção. Desse total em operação, ainda de acordo com o SIGA, 84,67% da potência instalada é de fonte renovável. Onde encontrar mais dados sobre a geração elétrica Uma abordagem mais detalhada do crescimento da oferta centralizada de energia elétrica pode ser encontrada no painel RALIE , que reúne informações sobre a expansão da matriz elétrica. Com formato intuitivo, a ferramenta amplia o acesso aos dados de fiscalização de novas usinas em implantação e facilita o acompanhamento da expansão da oferta de geração de acordo com o ano, região, tipo de fonte de energia, entre outros filtros. Os objetivos são aprimorar a interatividade e fornecer mais informações sobre obras de geração. As informações do painel são atualizadas mensalmente baseadas nas inspeções in loco nas obras das centrais geradoras e nos dados disponibilizados no Relatório de Acompanhamento de Empreendimentos de Geração de Energia Elétrica (Rapeel), que conta com a contribuição das empresas fiscalizadas para uma análise minuciosa da equipe de monitoramento. Veja neste link os relatórios e indicadores da ANEEL relacionados à geração de energia elétrica.",True,403,2026-09-21 20:23
2026-09-11,Transmissão,ANEEL aprova transferência de controle indireto de 26 concessionárias de transmissão,Operação prevê a participação conjunta da Caisse de Dépôt et Placement du Québec e do Grupo Energía Bogotá no controle societário das transmissoras.,https://www.gov.br/aneel/pt-br/assuntos/noticias/2026-defeso-eleitoral/aneel-aprova-transferencia-de-controle-indireto-de-26-concessionarias-de-transmissao,"A Agência Nacional de Energia Elétrica (ANEEL) anuiu nesta sexta-feira (11/9) a transferência de Controle Societário Indireto das concessionárias de serviço público de transmissão de energia elétrica Barreiras Transmissora de Energia S.A., Buritirama Transmissora de Energia S.A., Vale do Sertão Transmissora de Energia S.A., Jaíba Transmissora de Energia S.A., Alto Sertão Transmissora de Energia S.A., Presidente Juscelino Transmissora de Energia S.A., Belém Transmissora de Energia S.A., Tapajós Transmissora de Energia S.A., SPE Santa Maria Transmissora de Energia S.A., SPE Santa Lucia Transmissora de Energia S.A., SPE Transmissora de Energia Linha Verde I S.A., SPE Transmissora de Energia Linha Verde II S.A., Integração Transmissora de Energia S.A., Argo Transmissão de Energia S.A., ARGO II Transmissão de Energia S.A., Argo III Transmissão de Energia S.A., Argo IV Transmissão de Energia S.A., Argo V Transmissão de Energia S.A., Argo VI Transmissão de Energia S.A., Transmissora José Maria de Macedo de Eletricidade S.A., Giovanni Sanguinetti Transmissora de Energia S.A., Argo IX Transmissão de Energia S.A., MGE Transmissão S.A., Goiás Transmissão S.A., Transenergia Renovável S.A. e Transenergia São Paulo S.A.. O controle indireto das concessionárias passará a ser detido de forma conjunta por Caisse De Dépot Et Placement Du Québec e por Grupo Energía Bogotá S.A. E.S.P. O prazo para implementação da operação é de até 120 dias desde a aprovação e as concessionárias deverão enviar à Agência os documentos comprobatórios da formalização da operação no prazo de até 30 dias de sua implementação.",False,239,2026-09-21 20:23
2026-09-10,Transmissão,ANEEL assina novos contratos de geração e transmissão de energia elétrica,Foram formalizados contratos decorrentes do Leilão de Reserva de Capacidade na forma de Potência e da segunda etapa do Leilão de Transmissão nº 1/2026,https://www.gov.br/aneel/pt-br/assuntos/noticias/2026-defeso-eleitoral/aneel-assina-novos-contratos-de-geracao-e-transmissao-de-energia-eletrica,"A Agência Nacional de Energia Elétrica (ANEEL) sediou, na tarde desta quinta-feira (10/9), a cerimônia de assinatura dos contratos resultantes de dois certames realizados em 2026: o Leilão de Reserva de Capacidade na forma de Potência (LRCAP nº 2/2026) e a segunda etapa do Leilão de Transmissão (LT nº 1/2026). A solenidade ocorreu na Sala Plenária da Agência, em Brasília, com transmissão ao vivo pelo canal oficial da ANEEL no YouTube. Estavam presentes na cerimônia: o diretor-geral da ANEEL, Sandoval Feitosa, diretora Ludimila Lima, o diretor Willamy Frota, além de servidores da Agência, investidores e representantes de empresas do setor elétrico. Os instrumentos contratuais foram firmados pela diretoria da ANEEL e por representantes das empresas vencedoras dos certames. A cerimônia de assinatura marca a conclusão de mais uma etapa dos leilões e formaliza os compromissos assumidos pelas empresas. No caso do LRCAP, os contratos garantem a disponibilização da potência contratada ao Sistema Interligado Nacional (SIN). Já no âmbito do Leilão de Transmissão, os documentos estabelecem as obrigações para implantação, operação e manutenção das novas instalações que integrarão a rede. Sobre os certames O LRCAP nº 2/2026 contratou a ampliação de cinco usinas hidrelétricas, que, juntas, adicionarão 2,5 gigawatts de disponibilidade de potência ao Sistema Interligado Nacional. Na segunda etapa do LT nº 1/2026, foram licitados quatro novos lotes de concessão para empreendimentos nos estados de Mato Grosso, Mato Grosso do Sul e São Paulo. Os projetos somam investimentos estimados em R$ 1,75 bilhão, alcançaram deságio médio de 53,20% e têm potencial para gerar mais de 4 mil empregos durante sua implantação. .",False,262,2026-09-21 20:23
2026-09-09,Leilão,ANEEL realiza cerimônia para assinatura de contratos de geração e transmissão de energia,Evento formaliza contratos decorrentes de Leilão de Reserva de Capacidade na forma de Potência e da segunda etapa do Leilão de Transmissão nº 1/2026,https://www.gov.br/aneel/pt-br/assuntos/noticias/2026-defeso-eleitoral/aneel-realiza-cerimonia-para-assinatura-de-contratos-de-geracao-e-transmissao-de-energia,"A Agência Nacional de Energia Elétrica (ANEEL) vai sediar, nesta quinta-feira (10/9), às 15h, na Sala Plenária da Agência, em Brasília (DF), cerimônia de assinatura de contratos decorrentes do Leilão de Reserva de Capacidade na forma de Potência (LRCAP n.º 2/2026) e da segunda etapa do Leilão de Transmissão n.º 1 de 2026. A assinatura será transmitida pelo canal da ANEEL no YouTube . No LRCAP 2/2026, realizado em 18 de março, entre outras contratações foram negociadas ampliações de cinco usinas hidrelétricas, que juntas representam 2,5 gigawatts de disponibilidade de potência para o SIN. Já na segunda etapa do LT 1/2026 foram licitados quatro novos lotes de concessão, com empreendimentos em Mato Grosso, Mato Grosso do Sul e São Paulo. Os projetos somam investimentos estimados em R$ 1,75 bilhão, deságio médio de 53,20% e previsão de geração de mais de 4 mil empregos. A assinatura dos contratos dá continuidade aos resultados dos leilões e aos investimentos previstos para a expansão do Sistema Interligado Nacional. SERVIÇO Cerimônia de assinatura de contratos de leilões Data: Quinta-feira (10/9) Horário: 15h Local: Sala Plenária da Agência Nacional de Energia Elétrica (ANEEL) Endereço: SGAN Quadra 603, Módulos I e J, Asa Norte, Brasília – DF",False,200,2026-09-21 20:23
2026-09-09,Agenda regulatória,ANEEL aprova primeira revisão da Agenda Regulatória para o biênio 2026-2027,"Com a inclusão de cinco novas atividades, remanejamento de nove atividades para 2028 e a exclusão de duas, a Agenda ficou com 54 atividades",https://www.gov.br/aneel/pt-br/assuntos/noticias/2026-defeso-eleitoral/aneel-aprova-primeira-revisao-da-agenda-regulatoria-para-o-bienio-2026-2027,"Nesta terça-feira (8/9), a diretoria colegiada da Agência Nacional de Energia Elétrica (ANEEL) aprovou, durante Reunião Pública Ordinária, a primeira revisão da Agenda Regulatória para o biênio 2025-2026. O processo simplificado de revisão da Agenda Regulatória ocorre quando se identifica a necessidade de atualização por fato superveniente à aprovação do documento. Dessa forma, as alterações são informadas à sociedade para que ajuste a sua participação na discussão de cada atividade regulatória. A Agenda Regulatória 2026-2027 inicialmente previa 59 atividades divididas em quatro eixos temáticos, sendo 32 atividades prioritárias e com previsão de norma para execução em 2026 e outras 27 em 2027. Diante do crescente conjunto de demandas em relação à quantidade limitada de recursos humanos, a Agência verificou a necessidade de priorizar entregas e identificou atividades da Agenda Regulatória 2026-2027 que precisam de remanejamento. Dessa forma, as áreas técnicas indicaram os ajustes necessários em 33 atividades regulatórias. Com a inclusão de cinco novas atividades, remanejamento de nove atividades para 2028 e a exclusão de duas, a Agenda foi atualizada para 54 atividades. Sendo previstas 21 atividades para conclusão em 2026 e 31 atividades em 2027. Assim, a nova divisão por eixos temáticos ficará da seguinte forma: Eixos temáticos da Agenda Regulatória 2026-2027 Número de atividades regulatórias Geração & Mercado 25 Transmissão & Distribuição 16 Regulação tarifária e Financeira 9 Eficiência Energética & Consumidor 4 O acompanhamento da execução da Agenda Regulatória é realizado trimestralmente pela Assessoria Especial de Governança Corporativa (AEGC) do Gabinete Executivo de Diretrizes de Governança e Gestão (AEGC/GDG), em que o monitoramento é feito por meio do MonitorANEEL e de contato regular do com as áreas técnicas. Assim, foi observado que, para algumas atividades programadas para 2026, não haveria tempo suficiente para a execução de todas as etapas previstas no processo regulatório.",False,296,2026-09-21 20:23
2026-09-08,Geração,"ANEEL propõe novas regras para preparar a rede elétrica para geração solar, baterias e veículos elétricos","Consulta Pública quer ampliar a segurança e a eficiência do sistema elétrico, favorecer a inovação e permitir uma integração mais inteligente dos novos recursos de energia",https://www.gov.br/aneel/pt-br/assuntos/noticias/2026-defeso-eleitoral/aneel-propoe-novas-regras-para-preparar-a-rede-eletrica-para-geracao-solar-baterias-e-veiculos-eletricos,"A Agência Nacional de Energia Elétrica (ANEEL) abriu Consulta Pública (CP 033/2026) para debater a modernização das regras de conexão de tecnologias como geração solar distribuída, sistemas de armazenamento, veículos elétricos e cargas que podem ajustar seu consumo conforme as condições da rede. A iniciativa busca preparar o sistema elétrico para uma realidade em que consumidores deixam de apenas receber energia e passam também a produzir e armazenar eletricidade. A proposta, derivada de trabalho desenvolvido pelo Operador Nacional do Sistema Elétrico (ONS), em articulação com a ANEEL e com especialistas de universidades de Santa Maria (UFSM), de Uberlândia (UFU) e do Paraná (Unioeste), atualiza o Módulo 3 dos Procedimentos de Distribuição de Energia Elétrica (PRODIST) no Sistema Elétrico Nacional e cria uma abordagem integrada para os chamados Recursos Energéticos Distribuídos (REDs). O conceito considera como cada equipamento interage com a rede, seja injetando energia ou absorvendo energia de forma controlável, em vez de estabelecer regras apenas de acordo com a tecnologia utilizada. Na prática, a mudança permitirá que distribuidoras conheçam melhor as condições da rede e coordenem, quando necessário, a atuação dos recursos conectados. A proposta estabelece requisitos de monitoramento, comunicação e resposta a comandos, além de regras relacionadas à proteção, à qualidade da energia e ao controle da potência injetada. A modernização das regras contribuirá para uma rede elétrica mais segura, eficiente e preparada para incorporar novas tecnologias, como baterias, veículos elétricos, microrredes e sistemas inteligentes de gestão de energia. A proposta reforça os requisitos de proteção e de qualidade do fornecimento, permite diferenciar as exigências conforme o porte e o impacto de cada recurso e favorece a inovação ao definir as funcionalidades esperadas sem impor marcas, equipamentos ou soluções tecnológicas específicas. Rede mais preparada para a energia do futuro Com o crescimento da geração distribuída, das baterias e da mobilidade elétrica, a energia já não circula em um único sentido. Uma residência com painéis solares, por exemplo, pode consumir eletricidade em determinados momentos e enviar o excedente para a rede em outros. Uma bateria pode armazenar energia e devolvê-la posteriormente. Uma instalação com sistema de gestão pode ajustar sua operação em resposta às condições do sistema. Nesse novo cenário, ter informações adequadas sobre o que acontece na rede ajuda a torná-la mais segura, flexível e preparada para receber novas tecnologias. Conceitos como observabilidade, operabilidade e controlabilidade significam que a distribuidora poderá enxergar melhor o comportamento dos recursos conectados, comunicar-se com eles e coordenar sua atuação quando isso for necessário para a operação do sistema. Consulta Pública Consumidores, distribuidoras, fabricantes, universidades, especialistas e demais interessados poderão contribuir para que as novas regras sejam seguras, viáveis e adequadas à realidade brasileira. A Consulta Pública 033/2026 ficará aberta por 60 dias, de 10 de setembro a 9 de novembro de 2026. As sugestões serão recebidas pelo e-mail cp033_2026@aneel.gov.br . Mais informações aqui .",True,472,2026-09-21 20:23
2026-09-08,Transmissão,"Leilão marcado para abril de 2027, o primeiro com contratação de baterias na transmissão, entra em consulta pública","ANEEL espera investimento de R$ 12,9 bilhões e criação de 29,5 mil empregos diretos e indiretos",https://www.gov.br/aneel/pt-br/assuntos/noticias/2026-defeso-eleitoral/leilao-marcado-para-abril-de-2027-o-primeiro-com-contratacao-de-baterias-na-transmissao-entra-em-consulta-publica,"A Agência Nacional de Energia Elétrica (ANEEL) inicia nesta quinta-feira (10/9) a Consulta Pública nº 032/2026, na qual a sociedade poderá analisar uma versão inicial do edital do Leilão de Transmissão nº 01/2027 e enviar sugestões. O texto em análise se destaca por apresentar, entre os 12 lotes ofertados (detalhados no fim desta nota), o primeiro voltado à contratação de armazenamento por baterias no segmento de transmissão. O certame possui expectativa de investimento de R$ 12,9 bilhões e está marcado para 30 de abril de 2027 na sede da B3, em São Paulo. O leilão visa a construção de 3.245 quilômetros (km) em linhas de transmissão novas e 1.386 mega-volt-ampères (MVA) de capacidade de transformação, em 13 estados: Acre, Alagoas, Bahia, Ceará, Goiás, Mato Grosso, Mato Grosso do Sul, Minas Gerais, Pará, Piauí, Rio Grande do Norte, Rio Grande do Sul e São Paulo. Após a assinatura do contrato, as empresas vencedoras terão entre 36 e 60 meses para a conclusão das obras. Segundo cálculos da ANEEL, serão criados 29,5 mil novos empregos diretos e indiretos. Lote 5 traz primeiro sistema de armazenamento por baterias no SIN O destaque do Leilão de Transmissão nº 01/2027 é o Lote 5, para contratação do primeiro conjunto de armazenamento de energia por baterias no Sistema interligado Nacional (SIN), na transmissão. O empreendimento objetiva tornar mais confiável o atendimento às regiões de Cruzeiro do Sul e Feijó, no Acre. Diferentemente dos outros lotes, que possuem período de contratação de 30 anos, o Lote 5 será vigente por 18 anos devido à vida útil das baterias. Os lotes 6 e 7, voltados à contratação de subestações com compensadores síncronos, serão repartidos em sublotes e a competição dele ocorrerá com metodologia cruzada. Nesse caso, cada competidor deverá entregar vários envelopes de lances – um para o valor total do lote e outros referentes a cada sublote. A ANEEL comparará o menor valor total oferecido com o somatório dos menores valores para cada sublote, escolhendo a opção mais econômica. Os lotes 9 e 12 visam o atendimento de cargas eletrointensivas na Região Nordeste, em articulação com a Política Nacional de Acesso ao Sistema de Transmissão (PNAST). A permanência do Lote 12 depende da confirmação do montante de acessos até 16 de novembro. Outro lote ainda a ser confirmado é o 11, com instalações associadas à interligação elétrica Brasil-Bolívia. A inclusão definitiva do lote depende da definição das instalações no Plano de Outorgas e dos requisitos relacionados ao acordo internacional. Como enviar sugestões para a consulta pública A Consulta Pública nº 032/2026estará disponível para contribuições entre 10 de setembro e 26 de outubro, pelo e-mail cp032_2026@aneel.gov.br . A minuta de edital e outras informações sobre a consulta serão publicadas na página da ANEEL na internet (https://www.gov.br/aneel/pt-br/acesso-a-informacao/participacao-social/consultas-publicas), no espaço da Consulta Pública nº 032/2026. Após a consulta pública e a análise das contribuições, o edital passará por uma deliberação prévia da Diretoria da ANEEL e, caso seja aprovado, seguirá em dezembro para análise do Tribunal de Contas da União. Conheça os lotes do Leilão de Transmissão nº 01/2027 (Consulta Pública) LOTE DESCRIÇÃO UF(S) PRAZO (MESES) 1 LT 500 kV Santos Dumont 2 - Leopoldina 2, C1, CS, com 94,34 km MG 48 2 LT 230 kV Messias - Arapiraca III C1, com 126,5 km. AL 48 3 LT 230 kV Santo Ângelo - Panambi 3, CS, C1, com 84 km; LT 230 kV Panambi 3 - Tapera 2, CS, C1, com 77 km; SE 230/69 kV Panambi 3 - 2 x 83/100 MVA. RS 48 4 LT 230 kV Tucumã - Feijó, C1, CS, com 376 km; LT 230 kV Feijó - Cruzeiro do Sul, C2,CD, com 255 km. AC 60 5 SE 230/69 kV Cruzeiro do Sul - SAE (bateria), grid-forming, 100 MW /200 MWh, conectado no setor de 69 kV. AC 36 6 (1) Sublote 6A: SE 500 kV Campinas - Compensação Síncrona, 1 x (-200/+300) Mvar Sublote 6B: SE 500 kV Lorena - Compensação Síncrona, 1 x (-200/+300) Mvar Sublote 6C: SE 500 kV Taubaté - Compensação Síncrona, 1 x (-200/+300) Mvar SP 42 7 (2) Sublote 7A: SE 500 kV Ourolândia II - Compensação Síncrona, 1 x (-200/+300) Mvar Sublote 7B: SE 500 kV Gentio do Ouro II - Compensação Síncrona, 1 x (-200/+300) Mvar Sublote 7C: SE 500 kV Queimada Nova II - Compensação Síncrona, 1 x (-200/+300) Mvar Sublote 7D: SE 500 kV Jussiape - Compensação Síncrona, 1 x (-200/+300) Mvar BA/PI 42 8 LT 230 kV Canarana - Cocalinho, C1, CS, com 180,2 km; LT 230 kV Mundo Novo 2 - Cocalinho, CS, C1, com 112,1 km; LT 230 kV Serra da Mesa - Mundo Novo 2, C1, CS, com 230,1 km; LT 230 kV Itapaci - Mundo Novo 2, C1, CS, com 167,45 km; SE 230/138 kV Mundo Novo 2 -(nova) - (6+1R) de 50 MVA - CARR (-100/100) Mvar; SE 230/138 kV Cocalinho - 2 x 50 MVA. GO/MT 54 9 (3) LT 500 kV Açu III - Pecém IV, CS, C1 e C2, com 308,53 km cada; LT 500 kV Pecém III - Pecém IV, CS, C1, com 5,33 km; SE 500 kV Pecém IV; Seccionamento da LT 500 kV Pecém II - Sobral III C2 na SE Pecém IV, com 2 x 6,78 km; CE/RN 60 10 LT 230 kV Integradora - Ourilândia do Norte, C1 e C2, CD, com 138 km; LT 230 kV Onça Puma – Ourilândia do Norte, C1 e C2, CD, com 11 km; LT 230 kV Integradora – Xinguara II C3, com 72 km; SE 230/138 kV Integradora - (6+1Res) x 66,7 MVA - novo setor de 138 kV; SE 230 kV Ourilândia do Norte - 1 x Compensação Síncrona (-90/+150) Mvar. PA 54 11 LT 500 kV Corumbá 2 - German Busch C1 - trecho de LT em 500 kV, 50 Hz, da SE Corumbá 2 até a fronteira do Brasil com a Bolívia, com 35 km; LT 230 kV Anastácio – Imbirussú, C1, CS, com 119 km; SE 500/230/138 kV Corumbá 2 – instalação de estação conversora CA/CC/CA, back-to-back, 500/230 kV, ±420 MW, 50/60 Hz, tecnologia VSC. Capacitor Série 1 x 100 Mvar na LT 230 kV Corumbá II - Anastácio C1 Capacitor Série 1 x 100 Mvar na LT 230 kV Corumbá II - Anastácio C2 2 x Capacitores Shunt x 100 Mvar cada. MS 60 12 LT 500 kV Angicos - Jaguaruana II, CS, C1, com 161,43 km; LT 500 kV Jaguaruana II - Pecém IV, CS, C1, com 205,96 km; SE 500 kV Angicos; Seccionamento da LT 500 kV João Câmara III - Açu III, C2, na SE Angicos, com 2 x 1,83 km; Seccionamento da LT 500 kV Monte Verde - Açu III, C1, na SE Angicos, com 2 x 7,7 km CE/RN 54 Fonte: Nota Técnica Conjunta nº 12/2026-SEL-SCE/ANEEL, de 2 de setembro de 2026. Observações: (1) os Sublotes 6A, 6B e 6C são independentes entre si; (2) os Sublotes 7A, 7B, 7C e 7D são independentes entre si; e (3) o Lote 12 é condicionado ao Lote 9 e não será apregoado caso o Lote 9 não receba proposta válida.",False,1185,2026-09-21 20:23
2026-09-08,Setor elétrico,Conheça o Portal de Estudos Técnicos da ANEEL,Plataforma reúne estudos de inventário hidrelétrico e de viabilidade aprovados pela Agência,https://www.gov.br/aneel/pt-br/assuntos/noticias/2026-defeso-eleitoral/conheca-o-portal-de-estudos-tecnicos-da-aneel,"A Agência Nacional de Energia Elétrica (ANEEL) apresenta o Portal de Estudos Técnicos Aprovados, plataforma digital que reúne estudos de inventário hidrelétrico e de viabilidade aprovados pela Agência. Antes da implantação do portal, o acesso a esses documentos era realizado mediante solicitação à Biblioteca da ANEEL, responsável por localizar e encaminhar os estudos aos interessados. Com a plataforma, as consultas e o acesso aos documentos passaram a ser realizados diretamente pelos usuários no endereço estudos.aneel.gov.br . O Portal de Estudos Técnicos Aprovados é destinado a pesquisadores, agentes do setor elétrico, empresas, consultorias, instituições de ensino, órgãos públicos e demais interessados. A plataforma permite pesquisas por nome do rio, número de processo, ato de aprovação e outros critérios. Também é possível consultar informações dos empreendimentos e documentos técnicos associados aos estudos disponíveis. Conheça o Portal de Estudos Técnicos Aprovados da ANEEL e explore o acervo.",False,144,2026-09-21 20:23
2026-09-03,Institucional,Novas Portarias alteram a estrutura organizacional da ANEEL,Entenda as principais alterações.,https://www.gov.br/aneel/pt-br/assuntos/noticias/2026-defeso-eleitoral/novas-portarias-alteram-a-estrutura-da-aneel,"Nesta quinta-feira (3/9), foram publicadas portarias que promovem ajustes na estrutura organizacional da ANEEL. Confira os principais destaques: Atualização do Regimento Interno A Portaria Nº 7.155 atualiza o Regimento Interno da ANEEL para refletir a atual estrutura organizacional da Agência. A norma também revisa competências de algumas unidades organizacionais e aperfeiçoa dispositivos relacionados ao funcionamento institucional. Entre as principais mudanças estão a previsão dos Gabinetes de Assessoramento da Diretoria (GAB), do Gabinete Executivo de Diretrizes de Governança e Gestão, da Assessoria Especial de Comunicação e Eventos Institucionais (ASC) e da Assessoria Especial de Relacionamento Institucional (ARI). Ajustes na estrutura dos gabinetes e assessorias A Portaria Nº 7.151 promove adequações na estrutura do Gabinete de Assessoramento da Diretoria III (GAB-III), com a transformação de cargos para alinhamento ao modelo de referência adotado para os gabinetes da Diretoria. A mesma portaria também atualiza a organização das assessorias institucionais da Agência: A Assessoria Especial de Comunicação (ASC) passa a denominar-se Assessoria Especial de Comunicação e Eventos Institucionais (ASC) , incorporando as atribuições de eventos e cerimonial anteriormente exercidas pela Assessoria Especial de Eventos e Posicionamento Institucional (ASE). Com isso, passa a integrar sua estrutura a Assessoria de Eventos Institucionais e Cerimonial. A Assessoria Especial de Relacionamento Institucional (ARI) amplia seu escopo de atuação ao incorporar as competências relacionadas às relações internacionais e ao posicionamento institucional. Estrutura e funcionamento das novas unidades As Portarias nº 7.152 , nº 7.153 e nº 7.154 regulamentam, respectivamente, a estrutura organizacional e o funcionamento dos Gabinetes de Assessoramento da Diretoria (GAB), da Assessoria Especial de Comunicação e Eventos Institucionais (ASC) e da Assessoria Especial de Relacionamento Institucional (ARI). As portarias definem as atribuições dessas unidades e a distribuição dos respectivos cargos e funções comissionadas. Atualização de cargos e funções Além das alterações organizacionais, também foram publicadas portarias com nomeações e ajustes envolvendo cargos e funções comissionadas em diferentes unidades da Agência. A Portaria nº 268 formaliza as nomeações vinculadas ao GAB-III. As Portaria nº 271 e nº 274 promovem nomeações, exonerações e alterações de designações na Superintendência de Regulação dos Serviços de Geração e do Mercado de Energia Elétrica (SGM), na Superintendência de Regulação dos Serviços de Transmissão e Distribuição de Energia Elétrica (STD) e na Superintendência de Gestão Técnica da Informação (SGI). Alterações nessas unidades também foram contempladas nas Portaria nº 272 e nº 273 .",False,389,2026-09-21 20:23
2026-09-02,Tarifas,ANEEL aprova redução nas tarifas da Roraima Energia,"A redução tarifária média foi de 14,67%",https://www.gov.br/aneel/pt-br/assuntos/noticias/2026-defeso-eleitoral/aneel-aprova-reducao-nas-tarifas-da-roraima-energia,"A diretoria colegiada da Agência Nacional de Energia Elétrica (ANEEL) aprovou nesta terça-feira (1º/9), em circuito deliberativo, redução tarifária média de 14,67% na área de concessão da Roraima Energia S.A. A decisão foi tomada após recálculo das tarifas estabelecidas pela Resolução Homologatória nº 3.565, de 20 de janeiro de 2026 . As tarifas aprovadas foram impactadas pela antecipação dos recursos da repactuação de cotas de Uso de Bem Público (UBP) , conforme prevê a Lei nº 15.235/2025, em razão da modicidade tarifária. Para as distribuidoras com processos já homologados sem a antecipação de recursos da UBP, como a Roraima Energia, a ANEEL teve que publicar novas tarifas no âmbito da apreciação do Recurso Administrativo contra o ato que homologou o processo tarifário da distribuidora. As novas tarifas passam a vigorar a partir de 1º de setembro de 2026. A distribuidora atende cerca de 213 mil unidades consumidoras.",False,147,2026-09-21 20:23
2026-09-01,Distribuição,ANEEL propõe novo indicador para incentivar o cumprimento dos prazos de execução de obras relacionadas ao serviço de distribuição,Os interessados podem enviar contribuições para o e-mail: cp031_2026@aneel.gov.br entre 3/9 e 19/10/26.,https://www.gov.br/aneel/pt-br/assuntos/noticias/2026-defeso-eleitoral/aneel-propoe-novo-indicador-para-incentivar-o-cumprimento-dos-prazos-de-execucao-de-obras-relacionadas-ao-servico-de-distribuicao,"A Diretoria da Agência Nacional de Energia Elétrica (ANEEL) aprovou a abertura de Consulta Pública para discutir o estabelecimento de Indicador de Atendimento de Mercado no Serviço Público de Distribuição de Energia Elétrica (IAM). A ideia é que esse indicador contempl e a avaliação simultânea de um conjunto de informações: (i) o percentual de obras efetivamente realizadas dentro dos prazos previstos no art. 88 da Resolução Normativa nº 1.000/2021, que deverá ser igual ou maior que 90%; e (ii) prazo médio de realização das ligações com obras, considerando como limite os prazos por tipo de obra previstos nos incisos I, II e III do art. 88 da Resolução Normativa nº 1.000/2021. A iniciativa de discutir o assunto surgiu a partir do descumprimento recorrente, por parte de algumas distribuidoras, dos prazos estabelecidos para a realização de obras necessárias ao atendimento de novas ligações. Diante disso, identificou-se a necessidade de criação de um indicador regulatório específico, capaz de monitorar de forma contínua e objetiva o desempenho das distribuidoras quanto ao cumprimento dos prazos de execução de obras para atendimento de mercado, fortalecendo os incentivos à melhoria da prestação do serviço. A avaliação da área técnica é de que a inserção na regulação de um indicador específico, abrangente e robusto, com limites e consequências concretas em caso de descumprimento do atendimento de mercado estabelecidos, conforme previsto no Decreto nº 12.068/2024, pode incentivar melhorias no desempenho das distribuidoras quanto ao atendimento do mercado, a exemplo do que já ocorre nos âmbitos da continuidade do fornecimento e da saúde econômico-financeira. De acordo com o Relatório de Análise de Impacto Regulatório que embasou a decisão, desde 2023, o estoque de ligações pendentes ultrapassa 75 mil, chegando a mais de 100 mil recentemente. Na média, apenas 70,3% das obras foram realizadas dentro dos prazos regulados nos últimos anos, sendo que as distribuidoras levam em média 87,7 dias para obras de 60 dias, e prazos de 120 e 365 dias são superados significativamente. Dessa forma, a alta quantidade de obras atrasadas prejudica a satisfação do consumidor e o desenvolvimento regional. Os interessados podem enviar contribuições para o e-mail: cp031_2026@aneel.gov.br entre 3/9 e 19/10/26.",False,355,2026-09-21 20:23
2026-09-01,Comercialização,Consulta Pública propõe aprimoramento das Regras de Comercialização  2027,ANEEL receberá contribuições entre 3 de setembro e 2 de outubro,https://www.gov.br/aneel/pt-br/assuntos/noticias/2026-defeso-eleitoral/consulta-publica-propoe-aprimoramento-das-regras-de-comercializacao-2027,"A diretoria da Agência Nacional de Energia Elétrica (ANEEL) resolveu nesta terça-feira (1º/9) autorizar a abertura de Consulta Pública (CP 30/2026) para avaliar as Regras de Comercialização – versão 2027 com ajustes a normas e legislações. Entre outros aspectos, as propostas contemplam a implementação de resultados do 3º Leilão de Sistemas Isolados, a adequação dos mecanismos associados aos CCEARs suspensos, o tratamento dos contratos com parcela única de receita e os aperfeiçoamentos decorrentes da evolução regulatória do Mecanismo de Realocação de Energia (MRE). Ainda contém compatibilização dos mecanismos de constrained-off e de alocação de energia entre o Ambiente de Contratação Livre (ACL) e o Ambiente de Contratação Regulado (ACR), além da incorporação de comandos específicos oriundos de leis, resoluções normativas e portarias ministeriais recentes. O objetivo é assegurar a aderência do arcabouço infralegal às disposições legais, regulamentares e contratuais vigentes, e promover maior segurança jurídica, previsibilidade e eficiência operacional no âmbito da Câmara de Comercialização de Energia Elétrica (CCEE). Sugestões poderão ser enviadas de 3 de setembro a 2 de outubro, para o e-mail cp030_2026@aneel.gov.br . Maiores informações estarão disponíveis na página Consultas Públicas no portal da ANEEL .",False,189,2026-09-21 20:23
2026-09-01,Participação pública,Audiência Pública debate editais dos primeiros leilões de baterias de grande porte no Brasil,"O evento reuniu cerca de 70 pessoas, em Brasília. As contribuições podem ser enviadas por e-mail até o dia 14/9.",https://www.gov.br/aneel/pt-br/assuntos/noticias/2026-defeso-eleitoral/audiencia-publica-debate-editais-dos-primeiros-leiloes-de-baterias-de-grande-porte-no-brasil,"Foi realizada hoje (1/9) na sede da Agência Nacional de Energia Elétrica (ANEEL), em Brasília, a Audiência Pública nº 005/2026 que discutiu o aprimoramento das minutas dos editais, anexos e dos respectivos Contratos de Potência de Reserva de Capacidade (CRCAP) dos Leilões de Reserva de Capacidade para Armazenamento Nacional e Armazenamento Geral (Leilões nº 05 e nº 06/2026-ANEEL). Cerca de 70 pessoas participaram presencialmente do evento, entre representantes de associações e agentes do setor elétrico, e aproximadamente 200 pessoas acompanharam a transmissão pelo Youtube. Onze expositores se manifestaram durante a sessão. A Audiência Pública foi presidida pelo Diretor da ANEEL, Gentil Nogueira. A iniciativa faz parte do processo de construção dos primeiros leilões destinados à contratação de sistemas de armazenamento de energia em baterias de grande porte no Brasil. O CRCAP é o instrumento contratual que estabelece as obrigações dos vencedores dos certames, incluindo critérios de remuneração, requisitos operacionais e penalidades aplicáveis em caso de descumprimento das condições contratadas. Os dois leilões têm como objetivo a contratação de disponibilidade de potência por meio de Sistemas de Armazenamento de Energia Elétrica (SAEs) autônomos com uso de baterias. O diferencial do Leilão nº 05/2026-ANEEL (Armazenamento Nacional) é a exigência de utilização de baterias fabricadas no Brasil. Já o Leilão nº 06/2026-ANEEL (Armazenamento Geral) não prevê esse requisito. Os certames estão previstos para os dias 2 e 4 de dezembro, respectivamente. Em ambos os casos, os contratos terão vigência de 15 anos, com início de suprimento em 1º de agosto de 2028. A audiência pública está vinculada às Consultas Públicas nº 22/2026, referente ao Leilão nº 05/2026-ANEEL, e nº 23/2026, relacionada ao Leilão nº 06/2026-ANEEL. .",False,273,2026-09-21 20:23
2026-09-01,Geração,"Termelétrica Manaus I inicia operação comercial parcial com 114,8 MW",Duas unidades da usina começam a operar antecipadamente; terceira turbina está prevista para dezembro,https://www.gov.br/aneel/pt-br/assuntos/noticias/2026-defeso-eleitoral/termeletrica-manaus-i-inicia-operacao-comercial-parcial-com-114-8-mw,"A Agência Nacional de Energia Elétrica (ANEEL) publicou no Diário Oficial da União nesta terça-feira (1/9) a liberação para operação comercial de duas unidades geradoras da Usina Termelétrica Manaus I, localizada em Manaus, no Amazonas. A usina movida a gás natural estava prevista para dezembro de 2026 e a autorização antecipada de operação das duas turbinas agrega 114,8 megawatts (MW) ao Sistema Interligado Nacional (SIN). A terceira unidade geradora, uma turbina a vapor com potência de 48,1 MW, continua prevista para operação comercial em dezembro. A termelétrica integra o conjunto de usinas contratadas em leilão de reserva de capacidade para ampliar a segurança do suprimento elétrico, especialmente na Região Norte. A implantação da usina foi acompanhada pela ANEEL, inclusive por meio de fiscalização presencial realizada em maio. Nesse momento, foram verificadas as condições das obras, das instalações de conexão ao sistema elétrico e dos requisitos necessários à entrada em operação do empreendimento. .",False,153,2026-09-21 20:23
2026-08-28,Bandeira tarifária,ANEEL mantém bandeira tarifária amarela em setembro,"Condições menos favoráveis de geração de energia mantém cobrança adicional de R$ 1,885 na conta de luz a cada 100 quilowatts-hora (kWh) consumidos",https://www.gov.br/aneel/pt-br/assuntos/noticias/2026-defeso-eleitoral/aneel-mantem-bandeira-tarifaria-amarela-em-setembro,"A Agência Nacional de Energia Elétrica (ANEEL) informou nesta sexta-feira (28/8) que a bandeira tarifária para setembro de 2026 será amarela, repetindo o cenário observado nos últimos meses. Desde maio a bandeira amarela é acionada no País. A sinalização reflete condições menos favoráveis de geração de energia no País, com necessidade de utilização de fontes de geração com custos mais elevados. Na prática, a bandeira amarela indica cobrança adicional de R$ 1,885 na conta de luz, a cada 100 quilowatts-hora (kWh) consumidos. O sistema de Bandeiras Tarifárias permite que os consumidores acompanhem, mês a mês, as condições de geração de energia no Brasil e os custos associados ao seu fornecimento. O mecanismo funciona como um sinalizador que torna mais transparente o custo real da energia para a população. Diante desse cenário, a ANEEL reforça a importância do uso consciente da energia elétrica. Pequenas mudanças de hábito podem contribuir para reduzir o consumo e ajudar no controle dos gastos com a conta de luz. Entenda como funcionam as bandeiras: https://www.youtube.com/watch?v=N5N1y0zWpjs",False,169,2026-09-21 20:23
2026-08-27,Tarifas,Revisão tarifária da Neoenergia Distribuição Brasília é discutida durante Audiência Pública,A sessão contou com a participação de cerca de 40 pessoas. Interessados podem enviar contribuições ao processo por e-mail até 12/9.,https://www.gov.br/aneel/pt-br/assuntos/noticias/2026-defeso-eleitoral/revisao-tarifaria-da-neoenergia-distribuicao-brasilia-e-discutida-durante-audiencia-publica,"A Revisão Tarifária da Neoenergia Distribuição Brasília S.A para o ano de 2026 foi discutida hoje (27) durante Audiência Pública realizada na sede da Agência Nacional de Energia Elétrica (ANEEL), em Brasília. Cerca de 40 pessoas participaram da sessão, entre representantes da Neoenergia Brasília e do Conselho de Consumidores. A Audiência Pública foi presidida pelo Diretor da ANEEL, Willamy Frota. A distribuidora atende 1,23 milhão de unidades consumidoras em todo o Distrito Federal. Confira na tabela abaixo os índices propostos que, caso aprovados dessa forma, entrarão em vigor a partir de 22/10. Empresa Consumidores residenciais - B1 Neoenergia Brasília 1,17% Classe de Consumo – Consumidores cativos Baixa tensão em média Alta tensão em média Efeito Médio para o consumidor 1,10% 3,95% 1,86% Entre os fatores que mais impactaram os índices propostos estão os custos com distribuição, transmissão e compra de energia, além da inclusão de componentes financeiros. A Audiência está vinculada à Consulta Pública nº 024/2026, que recebe contribuições dos interessados até 12/9 por meio de intercâmbio documental, pelos seguintes e-mails: cp024_2026rv@aneel.gov.br – para o tema Revisão Tarifária; cp024_2026et@aneel.gov.br – para o tema Estrutura Tarifária; cp024_2026pt@aneel.gov.br – para o tema Perdas Técnicas. Para mais informações, consulte a página do site da ANEEL sobre as audiências públicas e consultas públicas vigentes. A expectativa é que os novos percentuais aprovados sejam conhecidos na Reunião Pública Ordinária da Diretoria do dia 20/10, que terá transmissão ao vivo pelo canal da ANEEL no Youtube . Revisão tarifária x Reajuste tarifário A Revisão Tarifária Periódica (RTP) e o Reajuste Tarifário Anual (RTA) são os dois processos tarifários mais comuns previstos nos contratos de concessão. O processo de RTP é mais complexo - nele são definidos: (i) o custo eficiente da distribuição (Parcela B); (ii) as metas de qualidade e de perdas de energia; e (iii) os componentes do Fator X para o ciclo tarifário. Já o processo de RTA é mais simples e acontece sempre no ano em que não há RTP. Nesse processo, é atualizada a Parcela B pelo índice de inflação estabelecida no contrato (IGP-M ou IPCA) menos o fator X (IGP-M/IPCA – Fator X). Em ambos os casos são repassados os custos com compra e transmissão de energia e os encargos setoriais que custeiam políticas públicas estabelecidas por meio de leis e decretos. .",False,382,2026-09-21 20:23
2026-08-27,Participação pública,ANEEL promoverá audiência pública sobre editais dos primeiros leilões de baterias de grande porte do Brasil,"Na sessão serão discutidas as minutas dos editais e dos contratos dos Leilões de Reserva de Capacidade, previstos para dezembro deste ano",https://www.gov.br/aneel/pt-br/assuntos/noticias/2026-defeso-eleitoral/aneel-promovera-audiencia-publica-sobre-editais-dos-primeiros-leiloes-de-baterias-de-grande-porte-do-brasil,"A Agência Nacional de Energia Elétrica (ANEEL) realizará, na próxima terça-feira (1º/9), às 14h30, em sua sede em Brasília, audiência pública para discutir o aprimoramento das minutas dos editais, anexos e dos respectivos Contratos de Potência de Reserva de Capacidade (CRCAP) dos Leilões de Reserva de Capacidade para Armazenamento Nacional e Armazenamento Geral (Leilões nº 05 e nº 06/2026-ANEEL). A iniciativa faz parte do processo de construção dos primeiros leilões destinados à contratação de sistemas de armazenamento de energia em baterias de grande porte no Brasil. O CRCAP é o instrumento contratual que estabelece as obrigações dos vencedores dos certames, incluindo critérios de remuneração, requisitos operacionais e penalidades aplicáveis em caso de descumprimento das condições contratadas. Os dois leilões têm como objetivo a contratação de disponibilidade de potência por meio de Sistemas de Armazenamento de Energia Elétrica (SAEs) autônomos com uso de baterias. O diferencial do Leilão nº 05/2026-ANEEL (Armazenamento Nacional) é a exigência de utilização de baterias fabricadas no Brasil. Já o Leilão nº 06/2026-ANEEL (Armazenamento Geral) não prevê esse requisito. Os certames estão previstos para os dias 2 e 4 de dezembro, respectivamente. Em ambos os casos, os contratos terão vigência de 15 anos, com início de suprimento em 1º de agosto de 2028. A audiência pública está vinculada às Consultas Públicas nº 22/2026, referente ao Leilão nº 05/2026-ANEEL, e nº 23/2026, relacionada ao Leilão nº 06/2026-ANEEL. As contribuições poderão ser encaminhadas até 14 de setembro para os endereços eletrônicos cp022_2026@aneel.gov.br e cp023_2026@aneel.gov.br . Os documentos e demais informações sobre as consultas públicas podem ser acessados na página de participação social no portal da ANEEL .",False,268,2026-09-21 20:23
2026-08-26,Tarifas,Audiência Pública debaterá proposta de revisão das tarifas da Neoenergia Distribuição Brasília S.A,"A sessão será realizada em 27/8, na sede da ANEEL, em Brasília.",https://www.gov.br/aneel/pt-br/assuntos/noticias/2026-defeso-eleitoral/audiencia-publica-debatera-proposta-de-revisao-das-tarifas-da-neoenergia-distribuicao-brasilia-s.a,"Os consumidores do Distrito Federal poderão participar da Audiência Pública nº 006/2026 que debaterá a proposta tarifária da Neoenergia Distribuição Brasília S.A para o ano de 2026. A sessão será realizada na quinta-feira (27) na sede da Agência Nacional de Energia Elétrica (ANEEL), localizada na SGAN Quadra 603, Módulos I e J, Asa Norte, Brasília – DF. O credenciamento dos participantes tem início às 8h30, já a Audiência Pública está marcada para 9h. A distribuidora atende 1,23 milhão de unidades consumidoras em todo o Distrito Federal. Confira na tabela abaixo os índices propostos para entrarem em vigor a partir de 22 de outubro de 2026: Empresa Consumidores residenciais - B1 Neoenergia Brasília 1,17% Classe de Consumo – Consumidores cativos Baixa tensão em média Alta tensão em média Efeito Médio para o consumidor 1,10% 3,95% 1,86% Entre os fatores que mais impactaram os índices propostos estão os custos com distribuição, transmissão e compra de energia, além da inclusão de componentes financeiros. A Audiência Pública está vinculada à Consulta Pública nº 024/2026, que recebe contribuições dos interessados até 12 de setembro de 2026, por meio de intercâmbio documental, pelos seguintes e-mails: cp024_2026rv@aneel.gov.br – para o tema Revisão Tarifária; cp024_2026et@aneel.gov.br – para o tema Estrutura Tarifária; cp024_2026pt@aneel.gov.br – para o tema Perdas Técnicas. Para mais informações, consulte a página do site da ANEEL sobre as audiências públicas e consultas públicas vigentes. Revisão tarifária x Reajuste tarifário A Revisão Tarifária Periódica (RTP) e o Reajuste Tarifário Anual (RTA) são os dois processos tarifários mais comuns previstos nos contratos de concessão. O processo de RTP é mais complexo - nele são definidos: (i) o custo eficiente da distribuição (Parcela B); (ii) as metas de qualidade e de perdas de energia; e (iii) os componentes do Fator X para o ciclo tarifário. Já o processo de RTA é mais simples e acontece sempre no ano em que não há RTP. Nesse processo, é atualizada a Parcela B pelo índice de inflação estabelecida no contrato (IGP-M ou IPCA) menos o fator X (IGP-M/IPCA – Fator X). Em ambos os casos são repassados os custos com compra e transmissão de energia e os encargos setoriais que custeiam políticas públicas estabelecidas por meio de leis e decretos. Serviço Audiência Pública nº 006/2026 sobre a Revisão tarifária da Neoenergia Distribuição Brasília S.A Data: Quinta-feira (27/8) Horário: 9h Local: Sede da Agência Nacional de Energia Elétrica (ANEEL) Endereço: SGAN Quadra 603, Módulos I e J, Asa Norte, Brasília – DF",False,409,2026-09-21 20:23
2026-08-26,Geração,"Usina Novo Tempo Barcarena, com 629 MW, entra em operação comercial","ANEEL publicou a autorização para início da operação comercial nesta quarta-feira (26/8), no Diário Oficial da União",https://www.gov.br/aneel/pt-br/assuntos/noticias/2026-defeso-eleitoral/usina-novo-tempo-barcarena-com-629-mw-entra-em-operacao-comercial,"A Usina Termelétrica Novo Tempo Barcarena, localizada em Barcarena (PA), entrará em operação comercial a partir desta quarta-feira (26/8). O empreendimento possui potência outorgada de 629,367 megawatts (MW) e opera sob o regime de Produção Independente de Energia Elétrica (PIE). A operação comercial foi liberada com potência limitada de 552 Megawatts (MW), considerando os requisitos de integração analisados pelo Operador Nacional do Sistema Elétrico (ONS) A usina termelétrica é movida a gás natural e utiliza configuração em ciclo combinado. A tecnologia empregada é do tipo “single shaft”, composta por turbina a gás e turbina a vapor acopladas a um único gerador. O combustível é fornecido por infraestrutura própria associada ao terminal de GNL do empreendimento. O empreendimento foi vencedor do Leilão de Energia Nova A-6/2019 (Leilão nº 04/2019-ANEEL) e possui nove contratos de comercialização no Ambiente de Contratação Regulada. O projeto integra um complexo de gás natural de grande porte em Barcarena, que inclui terminal de GNL, unidade regaseificadora (FSRU), gasoduto, citygate, subestações elevadoras e linhas de transmissão associadas. A ANEEL registra fiscalizações presenciais no empreendimento em setembro de 2024, maio de 2025, setembro de 2025 e março de 2026. Também houve liberação da unidade geradora para operação em teste em setembro de 2025, com início dos testes operacionais com geração sincronizada ao sistema em 01/12/2025. O empreendimento aparece classificado como obra do PAC e é associado ao grupo New Fortress Energy, responsável pelo desenvolvimento do complexo de gás natural e da infraestrutura associada e da UTE Portocém I, ainda em construção dentro do mesmo complexo, localizado numa região de relevância estratégica para o Brasil, incluindo-se como o principal hub de Gás Natural Liquefeito (GNL) da Região Norte e contempla cerca de 2 GW de capacidade de geração em desenvolvimento, incluindo as duas usinas termoelétricas mencionadas.",False,296,2026-09-21 20:23
2026-08-25,Tarifas,Estados localizados no norte e nordeste terão as tarifas reduzidas a partir desta quarta-feira (26),Estados localizados no norte e nordeste terão as tarifas reduzidas a partir desta quarta-feira (26),https://www.gov.br/aneel/pt-br/assuntos/noticias/2026-defeso-eleitoral/estados-localizados-no-norte-e-nordeste-terao-as-tarifas-reduzidas-a-partir-desta-quarta-feira-26,"Em razão da decisão tomada pela Diretoria da Agência Nacional de Energia Elétrica (ANEEL), durante Reunião Pública Ordinária em 11/8, as tarifas de energia elétrica serão reduzidas nas áreas de concessão da Energisa Acre, Energisa Rondônia, Enel Ceará, Energisa Tocantins e Sulgipe. A medida entra em vigor nesta quarta-feira (26) e os impactos para os consumidores atendidos em Baixa Tensão (residências e pequenos comércios) podem ser visualizados na tabela abaixo. Distribuidora Efeito Médio (Baixa Tensão) Energisa Acre - 5,20% Energisa Rondônia - 10,63% Enel Ceará - 6,65% Sulgipe - 4,63% Energisa Tocantins - 1,36% As três distribuidoras (Enel Ceará, Sulgipe e Energisa Tocantins), já haviam passado por reajuste tarifário no primeiro semestre desse ano, mas na ocasião optaram por não antecipar os recursos de Uso de Bem Público (UBP)¹ em seus processos tarifários. Diante disso, as tarifas dessas distribuidoras foram republicadas agora após repasse dos recursos relativos à repactuação pelos geradores do que eles deviam a título de UBP. A Energisa Acre e Energisa Rondônia também não anteciparam os recursos, mas no caso delas o novo impacto tarifário refere-se aos reajustes homologados em 2025. Quanto maior o efeito médio do reajuste tarifário homologado anteriormente, maior será a redução agora percebida, dado que o rateio definido pela ANEEL tem por objetivo equilibrar as elevações tarifárias. Na decisão tomada pela ANEEL no dia 11/8, foi determinado que, dentro de 10 dias, a Câmara de Comercialização de Energia Elétrica (CCEE) deveria repassar os recursos para operacionalizar a redução das tarifas, dando plena eficácia à Política Pública nessas concessões. Com a repactuação das parcelas de UBP e o consequente aporte na Conta de Desenvolvimento Energético (CDE), conforme previsto na Lei nº 15.235/2025, foi possível garantir a redução tarifária para os consumidores do ambiente regulado nas regiões da Superintendência do Desenvolvimento da Amazônia (Sudam) e da Superintendência do Desenvolvimento do Nordeste (Sudene) nos anos de 2025 e 2026, de acordo com as diretrizes da ANEEL. Leia mais . ¹ UBP é o valor que determinadas hidrelétricas pagam à União pelo direito de explorar um bem público (o potencial de geração dos rios).",False,347,2026-09-21 20:23
2026-08-25,Transmissão,Autorizada transferência de controle societário da Transnorte para a Axia,Anuência ocorreu nesta terça-feira (26/8) em despacho no DOU,https://www.gov.br/aneel/pt-br/assuntos/noticias/2026-defeso-eleitoral/autorizada-transferencia-de-controle-societario-da-transnorte-para-a-axia,"A Agência Nacional de Energia Elétrica (ANEEL) anuiu nesta terça-feira (26/8) a transferência de Controle Societário Direto da Transnorte Energia S.A., que passará a ser exercido exclusivamente por Axia Energia Norte S.A. A Transnorte Energia S.A. é concessionária de serviço público de transmissão de energia elétrica nos termos do Contrato de Concessão nº 18/2026-ANEEL. O prazo para implementação da operação é de até 120 dias desde a aprovação e a concessionária deverá enviar à Agência os documentos comprobatórios da formalização da operação. A Transnorte Energia S.A. deverá encaminhar a documentação comprobatória desta operação à ANEEL em até 30 dias de sua implementação. Leia a íntegra do Despacho .",False,108,2026-09-21 20:23
2026-08-24,Fiscalização,ANEEL nega pedido de prova pericial feito pela Enel Distribuição São Paulo,"A partir de agora, a empresa tem 10 dias para apresentar suas alegações finais dentro do processo administrativo.",https://www.gov.br/aneel/pt-br/assuntos/noticias/2026-defeso-eleitoral/aneel-nega-pedido-de-prova-pericial-feito-pela-enel-distribuicao-sao-paulo,"A Diretoria da Agência Nacional de Energia Elétrica (ANEEL) rejeitou  hoje (24), durante Reunião Pública Ordinária, pedido de prova pericial feito pela Enel Distribuição São Paulo, no âmbito do Procedimento Administrativo de Avaliação de Recomendação de Caducidade do Contrato de Concessão nº 162/2008-ANEEL. Com a decisão, a distribuidora passa à etapa final de instrução do processo e terá prazo de 10 dias para apresentar suas alegações finais. A Enel SP defendia a realização de perícia independente sob o argumento de que o processo envolve questões de elevada complexidade técnica, abrangendo aspectos meteorológicos, operacionais, estatísticos e regulatórios. Segundo a empresa, a medida seria necessária para revisar premissas adotadas pela fiscalização, esclarecer pontos controvertidos e conferir maior segurança técnica à decisão administrativa, especialmente em relação aos impactos do evento climático ocorrido em dezembro de 2025. Além da discussão técnica, a concessionária sustentou que a realização de uma perícia externa seria necessária para garantir a imparcialidade da instrução processual, argumentando que a Agência acumula as funções de fiscalização, instrução e julgamento e que, por isso, não deveria decidir o caso exclusivamente com base em manifestações produzidas por seus próprios quadros técnicos. Ao analisar o pedido, a ANEEL rejeitou esse entendimento e reafirmou que a acumulação dessas atribuições não configura exceção, mas representa uma característica própria do modelo institucional adotado para as agências reguladoras brasileiras. A Diretoria destacou que a fiscalização, a instrução processual e o julgamento administrativo integram as competências legalmente atribuídas à Agência e que os relatórios, notas técnicas e pareceres elaborados por seus servidores especializados constituem instrumentos legítimos de instrução e fundamentação das decisões administrativas. A decisão também ressaltouque a prova pericial não constitui providência obrigatória sempre que o administrado invoque a existência de matéria técnica ou apresente estudos que divirjam das conclusões da Administração. De acordo com a Diretoria, a realização de perícia se justifica quando o esclarecimento de fato relevante para a decisão depende de conhecimento técnico que não possa ser adequadamente obtido a partir dos elementos já constantes dos autos, o que não se verifica nesse caso. Outro ponto enfatizado pela Diretoria foi que o objeto do processo não é discutir a severidade do evento climático de dezembro de 2025, circunstância já reconhecida pela própria fiscalização, mas avaliar a capacidade de preparação, resposta e recomposição do serviço apresentada pela distribuidora diante da ocorrência. Para a ANEEL, a questão central é verificar se a concessionária possuía estrutura operacional compatível com as obrigações inerentes à prestação de um serviço público adequado. Com o indeferimento da perícia, a Diretoria considerou encerrada a fase instrutória do processo. Na ocasião, a Enel SP foi intimada a apresentar suas alegações finais no prazo de 10 dias, etapa que antecede a deliberação definitiva da Agência sobre a recomendação de caducidade da concessão.",False,457,2026-09-21 20:23
2026-08-24,Distribuição,ANEEL promove consulta pública sobre adoção de redes subterrâneas,"Enterramento de cabos torna rede mais confiável, mas possui custo alto, que pode ser repassado para a tarifa de energia",https://www.gov.br/aneel/pt-br/assuntos/noticias/2026-defeso-eleitoral/aneel-promove-consulta-publica-sobre-adocao-de-redes-subterraneas-1,"A ampliação do uso de redes subterrâneas pelas distribuidoras, com o enterramento de cabos para o transporte de energia elétrica, entrará em período de discussão pela sociedade a partir desta quinta-feira (27/8). A diretoria da Agência Nacional de Energia Elétrica (ANEEL) aprovou nesta segunda-feira (24/8) a abertura da Consulta Pública n° 29/2026, que debaterá as vantagens e desvantagens de se estabelecer metas para que as concessionárias e permissionárias de distribuição transfiram parte do seu cabeamento para dutos subterrâneos. A Agência receberá sugestões até o dia 12/10. Apenas 0,4% da rede de distribuição de energia elétrica no Brasil é subterrânea hoje. A norma em vigor na ANEEL estabelece que a adoção de redes subterrâneas é uma escolha das distribuidoras, sem interferência da Agência. Um estudo elaborado pelas áreas técnicas da ANEEL defende que a regra continue a mesma. O relatório de Análise de Impacto Regulatório (AIR) sobre o tema lista, entre as vantagens para ampliar a adoção das redes subterrâneas, a constatação de que as áreas atendidas por essas redes apresentam menos interrupções no fornecimento de energia (falta de luz) e menos tempo de energia interrompida. As redes subterrâneas também reduzem os riscos de furto e fraude (“gato”) de energia elétrica, além de diminuírem a poluição visual das cidades, com a retirada de postes e cabeamento das ruas. Com o aumento do número de eventos climáticos extremos, como tempestades e ventos fortes, o enterramento dos cabos também contribui para proteger a rede, que fica menos exposta. Entre as desvantagens apontadas pelo estudo da ANEEL, está o alto custo para o enterramento das redes, com a necessidade de obras para a instalação dos dutos subterrâneos que receberão os cabos de energia – algo que pode fechar vias e causar transtornos de trânsito em grandes cidades. Nos casos de distribuidoras que escolhem o enterramento de parte das redes, esse investimento entra na tarifa de energia elétrica cobrada na fatura dos consumidores (conta de luz). Caso a ANEEL determine o avanço no uso dessas redes, com metas de transferência das redes aéreas (em postes) para baixo da terra, o investimento será repassado em grande pedida para a tarifa. Em algumas distribuidoras, a medida pode causar desequilíbrios: o enterramento da rede em uma região implicaria aumento tarifário para todos os consumidores da distribuidora, mas os benefícios seriam restritos à área atendida pela nova rede subterrânea. As distribuidoras que passaram pela renovação de suas concessões por meio do Decreto nº 12.068/2024 possuem autorização da ANEEL para criar tarifas diferenciadas de acordo com as características de diferentes regiões das áreas de concessão. Como participar das consultas públicas As contribuições para a Consulta Pública n° 29/2026 podem ser enviadas de 27 de agosto a 12 de outubro, pelo e-mail: cp029_2026@aneel.gov.br. O relatório de Análise de Impacto Regulatório e outros documentos disponíveis sobre o tema serão publicados no dia 27/8 na área de Consultas Públicas no portal da ANEEL .",False,481,2026-09-21 20:23
2026-08-24,Tarifas,Pacto Energia tem novas tarifas de energia elétrica aprovadas pela ANEEL,Os índices aprovados entram em vigor a partir de 26 de agosto,https://www.gov.br/aneel/pt-br/assuntos/noticias/2026-defeso-eleitoral/pacto-energia-tem-novas-tarifas-de-energia-eletrica-aprovadas-pela-aneel,"O resultado provisório da Revisão Tarifária Periódica de 2026 da distribuidora Pacto Energia Distribuição Paraná (Força e Luz Coronel Vivida Ltda. – Forcel) foi aprovado pela diretoria colegiada da Agência Nacional de Energia Elétrica (ANEEL), nesta segunda-feira (24/8), que permanecerá até a conclusão da fiscalização realizada pelas áreas técnicas da Agência para determinar a elegibilidade dos ativos integrantes do Sistema de Armazenamento de Energia por Baterias (BESS) para a composição da Base de Remuneração Regulatória (BRR). A medida será reavaliada até o próximo processo de revisão tarifária periódica. Sediada na cidade de Coronel Vivida, no estado do Paraná, a empresa atende cerca de 9,07 milhões de unidades consumidoras. Confira na tabela abaixo as novas tarifas entram em vigor a partir de 26 de agosto: Empresa Consumidores residenciais - B1 Pacto Energia 19,74% Classe de Consumo – Consumidores cativos Baixa tensão em média Alta tensão em média Efeito Médio para o consumidor 19,67% 16,52% 18,33% Entre os fatores que mais impactaram os índices propostos estão os custos com transporte e compra de energia, além dos encargos setoriais. De forma excepcional e provisória, o investimento da Pacto Energia em um BESS na BRR da distribuidora foi reconhecido que o sistema está instalado, em operação e vinculado ao serviço público. Com capacidade de armazenamento de 20,32 MWh e potência instalada de 10,16 MW, o empreendimento recebeu investimento de R$ 29,6 milhões e foi apresentado pela concessionária como alternativa para atender ao crescimento da demanda e às limitações de suprimento da rede local. A área técnica da Agência recomendou que a manutenção do ativo na base regulatória seja reavaliada em futuras revisões tarifárias, com monitoramento periódico de seus resultados e apresentação de relatórios semestrais pela distribuidora, enquanto a discussão sobre o tratamento regulatório do armazenamento de energia avança no âmbito da Agenda Regulatória 2026-2027 da Agência. A revisão tarifária foi debatida com a sociedade por meio da Tomada de Subsídios nº 14/2026 , que recebeu contribuições de 10 de junho a 24 de julho de 2026.",False,332,2026-09-21 20:23
2026-08-24,Tarifas,Aprovada consulta pública para debater revisão tarifária da CEEE-D,As contribuições poderão ser enviadas de 26 de agosto a 9 de outubro de 2026,https://www.gov.br/aneel/pt-br/assuntos/noticias/2026-defeso-eleitoral/aprovada-consulta-publica-para-debater-revisao-tarifariadaceee-d,"Foi aprovada pela diretoria colegiada da Agência Nacional de Energia Elétrica (ANEEL), nesta segunda -feira ( 24 / 8 ), a abertura da Consulta Pública nº 027 /202 6 , que irá colher subsídios para o aprimoramento da proposta de Revisão Tarifária Periódica (RTP) da Companhia Estadual de Distribuição de Energia E lé trica ( CEEE-D ) . Sediada na cidade de Porto Alegre, no estado do Rio Grande do Sul , a distribuidora atende aproximadamente 2,03 milhões unidades consumidoras. Confira os índices estimados para entrarem em vigor a partir de 22 de novembro de 202 6 : Empresa CEEE-D Classe de Consumo – Consumidores cativos Baixa tensão em média (consumidores residenciais, rurais e outros) Alta tensão em média (consumidores industriais, grandes comércios e outros) Efeito Médio para o consumidor 24,24% 15,88% 22,31% Entre os fatores que mais impactaram os índices propostos estão os custos associados ao aumento da base de remuneração e à recomposição de parte do diferimento tarifário realizado no processo tarifário de 2024, ambos relacionados aos efeitos climáticos ocorridos no Rio Grande do Sul naquele ano. Saiba como enviar sugestões A Consulta Pública nº 027 /2026 estará disponível para contribuições entre 26 de agosto a 9 de outubro , por meio de intercâmbio documental, pelos seguintes e-mails: cp027_2026rv@aneel.gov.br – para o tema Revisão Tarifária; cp027_2026et@aneel.gov.br – para o tema Estrutura Tarifária; cp027_2026pt@aneel.gov.br – para o tema Perdas Técnicas. Será realizada Audiência Pública nº 007/2026 na cidade de Porto Alegre ( RS ) , em 8 de outubro de 2026 , para debater os índices da revisão tarifária com a sociedade. A minuta de resolução e outras informações sobre a consulta e a audiência serão publicadas na página da ANEEL na internet, acesse: https://antigo.aneel.gov.br/consultas-publicas .",False,287,2026-09-21 20:23
2026-08-24,Tarifas,ANEEL aprova Reajuste Tarifário Anual da Equatorial Maranhão,Novas tarifas serão válidas a partir de 28 de agosto,https://www.gov.br/aneel/pt-br/assuntos/noticias/2026-defeso-eleitoral/aneel-aprova-reajuste-tarifario-anual-da-equatorial-maranhao,"Nesta segunda-feira (24/8), a diretoria colegiada da Agência Nacional de Energia Elétrica (ANEEL) aprovou o Reajuste Tarifário Anual da Equatorial Maranhão Distribuidora de Energia S.A., que atende cerca de 2,88 milhões de unidades consumidoras. Durante a 17ª Reunião Pública Ordinária da Diretoria em 2026 foram apresentados os novos índices, que passam a valer a partir de 28 de agosto, confira na tabela abaixo. Empresa Consumidores residenciais B1 Equatorial Maranhão 5,20% Baixa tensão em média Alta tensão em média Efeito médio para o consumidor 5,25% 8,68% 5,76% Os índices foram impactados pelos custos com aquisição e transporte de energia, além de encargos setoriais. Destaca-se que este é o primeiro processo tarifário após a renovação contratual, sendo consideradas algumas regras especificas, como por exemplo, o índice de atualização da Parcela B, que passa a ser o IPCA substituindo assim o IGP-M. No presente caso, observando a data de celebração do novo aditivo em 4 de maio de 2026, o índice foi composto pela ponderação dos índices do antigo contrato (IGP-M), até 31 de maio de 2026, e do novo aditivo (IPCA), a partir de 1º de junho de 2026. As tarifas aprovadas foram impactados pela antecipação dos recursos da repactuação de cotas de Uso de Bem Público (UBP), conforme prevê a Lei nº 15.235/2025, em razão da modicidade tarifária. Revisão tarifária x Reajuste tarifário A Revisão Tarifária Periódica (RTP) e o Reajuste Tarifário Anual (RTA) são os dois processos tarifários mais comuns previstos nos contratos de concessão. O processo de RTP é mais complexo - nele são definidos: (i) o custo eficiente da distribuição (Parcela B); (ii) as metas de qualidade e de perdas de energia; e (iii) os componentes do Fator X para o ciclo tarifário. Já o processo de RTA é mais simples e acontece sempre no ano em que não há RTP. Nesse processo, é atualizada a Parcela B pelo índice de inflação estabelecida no contrato (IGP-M ou IPCA) menos o fator X (IGP-M/IPCA – Fator X). Em ambos os casos são repassados os custos com compra e transmissão de energia e os encargos setoriais que custeiam políticas públicas estabelecidas por meio de leis e decretos.",False,357,2026-09-21 20:23
2026-08-24,Tarifas,ANEEL aprova reajuste tarifário da Energisa Paraíba,"Novos valores para as tarifas vigoram a partir da próxima sexta-feira, 28 de agosto",https://www.gov.br/aneel/pt-br/assuntos/noticias/2026-defeso-eleitoral/aneel-aprova-reajuste-tarifario-da-energisa-paraiba,"Em reunião realizada nesta segunda-feira (24/8), a diretoria colegiada da Agência Nacional de Energia Elétrica (ANEEL) autorizou o reajuste tarifário anual da Energisa Paraíba – Distribuidora de Energia (EPB).  A concessionária, que tem sede em João Pessoa (PB), fornece energia elétrica para aproximadamente 1,94 milhão de unidades consumidoras. Veja quais os índices aprovados: Empresa Consumidores residenciais - B1 EPB 4,81% Classe de Consumo – Consumidores cativos Baixa tensão em média Alta tensão em média Efeito Médio para o consumidor 4,85% 9,71% 5,74% Entre os fatores que mais impactaram os cálculos das tarifas, destacam-se os custos de transmissão e distribuição e a antecipação dos recursos de UBP (Uso do Bem Público) para modicidade tarifária, entre outros componentes financeiros. As novas tarifas passam a vigorar no dia 28 de agosto. O efeito médio da alta tensão refere-se às classes A1 (>= 230 kV), A2 (de 88 a 138 kV), A3 (69 kV) e A4 (de 2,3 a 25 kV). Para a baixa tensão, a média engloba as classes B1 (Residencial e subclasse residencial baixa renda); B2 (Rural: subclasses, como agropecuária, cooperativa de eletrificação rural, indústria rural, serviço público de irrigação rural); B3 (Industrial, comercial, serviços e outras atividades, poder público, serviço público e consumo próprio); e B4 (Iluminação pública).",False,207,2026-09-21 20:23
2026-08-24,Tarifas,Aprovadas as novas tarifas da Neoenergia Elektro (SP/MS),Novos valores serão aplicados a partir de 27 de agosto,https://www.gov.br/aneel/pt-br/assuntos/noticias/2026-defeso-eleitoral/aprovadas-as-novas-tarifas-da-neoenergia-elektro-sp-ms,"O reajuste tarifário anual para os clientes da Neoenergia Elektro ( (Elektro Redes S/A) foi aprovado nesta segunda-feira (24/8) pela diretoria colegiada da Agência Nacional de Energia Elétrica (ANEEL). A distribuidora, sediada na cidade de Campinas (SP), atende aproximadamente 3 milhões de unidades consumidoras em 228 municípios, dos quais 223 em São Paulo e cinco, no Mato Grosso do Sul. Confira os índices que irão vigorar a partir de 27 de agosto: Empresa Consumidores residenciais - B1 Neoenergia Elektro 12,24% Classe de Consumo – Consumidores cativos Baixa tensão em média Alta tensão em média Efeito Médio para o consumidor 12,19% 4,10% 9,58% Os fatores que impactaram as tarifas foram os custos de aquisição de energia, transmissão e distribuição, além de componentes financeiros. O efeito médio da alta tensão refere-se às classes A1 (>= 230 kV), A2 (de 88 a 138 kV), A3 (69 kV) e A4 (de 2,3 a 25 kV). Para a baixa tensão, a média engloba as classes B1 (Residencial e subclasse residencial baixa renda); B2 (Rural: subclasses, como agropecuária, cooperativa de eletrificação rural, indústria rural, serviço público de irrigação rural); B3 (Industrial, comercial, serviços e outras atividades, poder público, serviço público e consumo próprio); e B4 (Iluminação pública).",False,201,2026-09-21 20:23
2026-08-24,Transmissão,ANEEL anui transferência de Controle Societário Direto e Indireto de concessionárias de serviço público de transmissão,O prazo para implementação da operação é de até 120 dias desde a aprovação,https://www.gov.br/aneel/pt-br/assuntos/noticias/2026-defeso-eleitoral/aneel-anui-transferencia-de-controle-societario-direto-e-indireto-de-concessionarias-de-servico-publico-de-transmissao,"A Agência Nacional de Energia Elétrica (ANEEL) anuiu, nesta segunda-feira (24/8), a transferência de Controle Societário Direto e Indireto das concessionárias de serviço público de transmissão de energia elétrica Potiguar Sul Transmissão de Energia S.A., Neoenergia Vale do Itajaí Transmissão de Energia S.A., Neoenergia Paraíso Transmissão de Energia Elétrica S.A., Neoenergia Guanabara Transmissão de Energia S.A., Neoenergia Alto Paranaíba Transmissão de Energia Elétrica S.A., Neoenergia Estreito Transmissão de Energia Elétrica S.A. e Neoenergia Morro do Chapéu Transmissão e Energia S.A., que passará a ser exercido diretamente por Neoenergia Transmissão S.A. e indiretamente por Neoenergia S.A. A ANEEL também anuiu a transferência de Controle Societário Indireto das concessionárias de serviço público de transmissão de energia elétrica Neoenergia Jalapão Transmissão de Energia S.A., Neoenergia Santa Luzia Transmissão de Energia S.A., Neoenergia Rio Formoso Transmissão e Energia S.A., Neoenergia Sobral Transmissão de Energia S.A., Neoenergia Atibaia Transmissão de Energia S.A., Neoenergia Biguaçu Transmissão de Energia S.A., Neoenergia Dourados Transmissão de Energia S.A., SE Narandiba S.A. e Neoenergia Itabapoana Transmissão de Energia S.A. para a Neoenergia S.A. O prazo para implementação da operação é de até 120 dias desde a aprovação e as concessionárias deverão enviar à Agência os documentos comprobatórios da formalização da operação no prazo de até 30 dias de sua implementação. Leia a íntegra do Despacho .",False,216,2026-09-21 20:23
2026-08-20,Institucional,ANEEL debate impactos do Super El Niño e discute caminhos para fortalecer a resiliência do setor elétrico,"Encontro reuniu especialistas, representantes do governo, pesquisadores e agentes do setor para tratar dos efeitos de eventos climáticos extremos sobre o Sistema Elétrico Nacional",https://www.gov.br/aneel/pt-br/assuntos/noticias/2026-defeso-eleitoral/aneel-debate-impactos-do-super-el-nino-e-discute-caminhos-para-fortalecer-a-resiliencia-do-setor-eletrico,"A Agência Nacional de Energia Elétrica (ANEEL) sediou nesta quarta-feira (20/8) o evento “Super El Niño e a Resiliência do Setor Elétrico Brasileiro”, que reuniu especialistas, representantes do governo, agentes do setor elétrico e pesquisadores para debater os impactos dos eventos climáticos extremos sobre o Sistema Elétrico Nacional. O encontro contou com transmissão ao vivo pelo canal da ANEEL no YouTube. Integraram a mesa de abertura o diretor-geral da ANEEL, Sandoval Feitosa; o secretário nacional de Energia Elétrica do Ministério de Minas e Energia (MME), João Daniel Cascalho; a diretora da Agência Nacional de Águas e Saneamento Básico (ANA), Cristiane Battiston; o diretor do Departamento de Preparação e Socorro da Secretaria Nacional de Proteção e Defesa Civil, Armin Braun; o diretor-geral do Operador Nacional do Sistema Elétrico (ONS), Marcio Rea; a presidente executiva da Associação Brasileira das Empresas de Transmissão de Energia Elétrica (Abrate), Talita Porto; a presidente da Associação Brasileira de Distribuidores de Energia Elétrica (Abradee), Patricia Audi; e a diretora da Associação Brasileira das Empresas Geradoras de Energia Elétrica (Abrage), Camilla Fernandes. O encontro ocorreu em um contexto de crescente atenção com os efeitos climáticos na infraestrutura energética mundial. No Brasil, as características do sistema tornam os debates em torno do fortalecimento e da capacidade de adaptação do setor elétrico um tema cada vez mais relevante. Nesse cenário, foram compartilhadas experiências, estudos e medidas adotadas para enfrentar situações de maior vulnerabilidade climática. As apresentações ressaltaram a importância da cooperação entre governo, reguladores, agentes e pesquisadores, bem como do compartilhamento contínuo de informações e boas práticas diante de cenários cada vez mais complexos e desafiadores. As diretoras da ANEEL Agnes da Costa e Ludimila Lima moderaram os debates nos painéis: “Os planos de contingências das distribuidoras para convivência com o Super El Niño” e “Ações integradas e os desafios da operação da rede elétrica brasileira e a preparação coordenada para o super El Niño”, respectivamente. Ao reunir diferentes perspectivas, o encontro contribuiu para ampliar o debate sobre a construção de um sistema cada vez mais preparado e garantir a segurança do suprimento de energia no país. .",False,348,2026-09-21 20:23
2026-08-18,Tarifas,Aprovadas novas tarifas para consumidores atendidos pela Celesc-DIS,Novos índices entram em vigor a partir de 22 de agosto,https://www.gov.br/aneel/pt-br/assuntos/noticias/2026-defeso-eleitoral/aprovadas-novas-tarifas-para-consumidores-atendidos-pela-celesc-dis,"A revisão tarifária periódica da Celesc Distribuição S.A. foi aprovada, nesta terça-feira (18/8), pela diretoria colegiada da Agência Nacional de Energia Elétrica (ANEEL). Com sede na cidade de Florianópolis (SC), a distribuidora atende cerca de 3,6 milhões de unidades consumidoras. Confira abaixo os índices aprovados que entram em vigor no dia 22 de agosto de 2026: Empresa Consumidores residenciais B1 Celesc-DIS 9,29% Baixa tensão em média Alta tensão em média Efeito médio para o consumidor 9,26% 14,16% 10,82% Os fatores que mais impactaram foram os custos com transmissão de energia elétrica e encargos setoriais, além do pagamento dos componentes financeiros referentes ao ciclo tarifário vigente e o anterior. Os índices foram aprovados após análise das contribuições recebidas de 28 de maio a 13 de julho de 2026 na Consulta Pública nº 14/2026 , que obteve subsídios referentes à revisão tarifária periódica da distribuidora.",False,143,2026-09-21 20:23
2026-08-18,Institucional,Reunião Pública da Diretoria da ANEEL será realizada excepcionalmente na segunda-feira (24),A RPO terá início às 9h e poderá ser acompanhada pelo canal da Agência no YouTube (www.youtube.com/aneel),https://www.gov.br/aneel/pt-br/assuntos/noticias/reuniao-publica-da-diretoria-da-aneel-sera-realizada-excepcionalmente-na-segunda-feira-24,"A Reunião Pública Ordinária da Diretoria da ANEEL (RPO) da próxima semana será realizada excepcionalmente na segunda-feira (24), às 9h, e não na terça-feira, como ocorre normalmente. A sessão será transmitida ao vivo pelo canal oficial da ANEEL no YouTube . A pauta da reunião estará disponível para consulta a partir desta quarta-feira (19), no portal da Agência, na página Pautas e Atas .",False,64,2026-09-21 20:23
2026-08-14,Institucional,ANEEL informa prorrogação de prazos devido à indisponibilidade do Sistema de Protocolo Digital - SPD,"Os prazos com vencimento originalmente previstos para ontem (13/8) ficam prorrogados automaticamente até as 23h59 de hoje, 14 de agosto de 2026.",https://www.gov.br/aneel/pt-br/assuntos/noticias/2026-defeso-eleitoral/aneel-informa-prorrogacao-de-prazos-devido-a-indisponibilidade-do-sistema-de-protocolo-digital-spd,"A ANEEL informa que o Sistema de Protocolo Digital (SPD) apresentou indisponibilidade entre as 13h e 15h desta quinta-feira (13/8). De acordo com a Norma de Organização nº 56, de 9 de dezembro de 2024: Art. 46. § 2º Na hipótese prevista no § 1º, caso o SEI apresente indisponibilidade por motivo técnico conforme estabelecido nos arts. 47 e 48, o prazo será automaticamente prorrogado até as vinte e três horas e cinquenta e nove minutos do primeiro dia útil subsequente ao restabelecimento do sistema . Art. 47 § 2º Será caracterizada indisponibilidade por motivo técnico quando: I – e xceder 60 (sessenta) minutos, consecutivos ou acumulados, se ocorrida entre 6 (seis) horas e 23 (vinte e três) horas ; e II - ocorrer no intervalo entre 23 (vinte e três) horas e 23 horas e 59 minutos. Art. 48. Considera-se indisponibilidade do SEI, para fins desta Norma, a interrupção generalizada dos seguintes serviços ao público externo: I – protocolo de documentos ; II - consulta aos autos dos processos; III – login no acesso externo do SEI. Diante disso, os prazos com vencimento originalmente previstos para ontem (13/8) ficam prorrogados automaticamente até as 23h59 de hoje, 14 de agosto de 2026 .",False,203,2026-09-21 20:23
2026-08-11,Distribuição,ANEEL nega pedido da Enel São Paulo e mantém processo sobre recomendação de caducidade,"Com a decisão, permanece em curso a análise que poderá resultar na recomendação de extinção da concessão ao Ministério de Minas e Energia.",https://www.gov.br/aneel/pt-br/assuntos/noticias/2026-defeso-eleitoral/aneel-nega-pedido-da-enel-sao-paulo-e-mantem-processo-sobre-recomendacao-de-caducidade,"A diretoria da Agência Nacional de Energia Elétrica (ANEEL) negou nesta terça-feira (11/8) o pedido da Enel Distribuição São Paulo (Enel SP) para que a Agência suspendesse o processo de recomendação de caducidade (extinção) do contrato de concessão de distribuição de energia. O processo foi iniciado em abril , quando a diretoria da ANEEL avaliou que a Enel SP não regularizou em definitivo as falhas e transgressões apontadas no Termo de Intimação 49/2024 referente ao restabelecimento do fornecimento de energia elétrica após interrupções, no contexto do atendimento a situações de emergência. A distribuidora apresentou desempenho insatisfatório e abaixo da média de outras distribuidoras durante eventos climáticos extremos ocorridos em 2023, 2024 e 2025. Nesses períodos, milhões de consumidores em 24 municípios na região metropolitana de São Paulo foram afetados por interrupções prolongadas de energia elétrica. O voto publicado pelo diretor-relator, Fernando Mosna, afastou as alegações da distribuidora e reiterou os argumentos considerados durante a deliberação da ANEEL em abril. O diretor ressaltou que a Enel SP não corrigiu, durante a ocorrência de um ciclone em dezembro de 2025, as falhas e transgressões fiscalizadas pela Agência nas ocorrências de 2023 e 2024. No pedido de reconsideração, a distribuidora sustentou, entre outros pontos, que haveria contradição na fundamentação adotada pela ANEEL ao avaliar sua atuação durante eventos climáticos extremos, uma vez que teriam sido utilizadas diferentes metodologias de análise, como o “pico simultâneo” de consumidores afetados e a duração total das interrupções de energia. Ao analisar a alegação da distribuidora, a Diretoria da ANEEL concluiu que não houve contradição. Segundo o voto aprovado, os diferentes indicadores foram empregados de forma complementar e evidenciaram, sob mais de uma perspectiva, que a atuação da distribuidora ficou abaixo dos níveis considerados aceitáveis durante os eventos analisados. A Diretoria ressaltou ainda que a discussão da Enel SP sobre o percentual de recomposição em 24 horas não era suficiente para invalidar a decisão porque o processo não se apoiou apenas nesse indicador, mas em um conjunto de não conformidades autônomas, incluindo elevado tempo de atendimento, interrupções prolongadas, falhas no plano de contingência e problemas na mobilização das equipes. A Enel SP também argumentou que, nos anos de 2023 e 2024, os parâmetros de avaliação de falhas em eventos climáticos extremos ainda estariam em desenvolvimento, sem a existência de um documento específico que orientasse a fiscalização, o que teria gerado incertezas quanto aos critérios aplicados. A ANEEL refutou essa alegação destacando que a fiscalização da Agência registrou e comunicou formalmente, em  diversas oportunidades, que a atuação da distribuidora era insuficiente à luz dos normativos em vigor.   Dessa forma, entendeu não haver lacuna regulatória que impedisse a avaliação das falhas identificadas. Com a negativa da ANEEL, segue o trâmite do  processo de recomendação de caducidade continua. A diretora da ANEEL Agnes da Costa, relatora do processo, enviou ofício para a Enel SP na última sexta-feira (7/8) com prazo de 10 dias corridos para que a distribuidora apresente suas alegações finais antes da deliberação pela diretoria da Agência. A decisão final sobre a caducidade do contrato compete ao Ministério de Minas e Energia.",False,513,2026-09-21 20:23
2026-08-11,Geração,"ANEEL homologa repasse preliminar de R$ 5,48 bilhões às distribuidoras, recurso utilizado para reduzir tarifas de energia no Norte e Nordeste","A Agência também aprovou o Efeito Tarifário Preliminar de 6,53% para reduzir as tarifas de forma equilibrada.",https://www.gov.br/aneel/pt-br/assuntos/noticias/2026-defeso-eleitoral/aneel-homologa-repasse-preliminar-de-r-5-48-bilhoes-as-distribuidoras-recurso-utilizado-para-reduzir-tarifas-de-energia-no-norte-e-nordeste,"A Diretoria da Agência Nacional de Energia Elétrica (ANEEL) homologou hoje (11), durante Reunião Pública Ordinária, o Efeito Tarifário Limite Equilibrado (ETLEP) de 6,53% e a distribuição preliminar de R$ 5,48 bilhões às distribuidoras, provenientes da repactuação do Uso de Bem Público (UBP)¹ de usinas hidrelétricas. O percentual de 6,53% considera os resultados homologados dos processos tarifários de 2025 (Companhia Energética do Amapá, Energisa Acre e Energisa Rondônia) e os projetados para 2026 das demais distribuidoras das áreas da Superintendência do Desenvolvimento da Amazônia (Sudam) e da Superintendência do Desenvolvimento do Nordeste (Sudene), excluídos os efeitos dos próprios recursos de UBP e do reconhecimento ou reversão de diferimentos tarifários. O objetivo do ETLEP é garantir que os recursos do UBP promovam uma redução equilibrada dos efeitos tarifários entre as distribuidoras das áreas da Sudam e da Sudene, respeitando os resultados reais dos processos tarifários e evitando distorções. Já o valor preliminar de R$ 5,48 bilhões, decorrente da adesão de 24 concessões de Usinas Hidrelétricas ao programa de repactuação, possibilitou a substituição de pagamentos futuros de UBP por aportes na Conta de Desenvolvimento Energético (CDE). Com a repactuação das parcelas de UBP e o consequente aporte na CDE, conforme previso na Lei nº 15.235/2025, foi possível garantir a redução tarifária para consumidores do ambiente regulado nas regiões da Sudam e Sudene nos anos de 2025 e 2026, de acordo com as diretrizes da ANEEL. Por fim, a Diretoria determinou à Câmara de Comercialização de Energia Elétrica (CCEE) que efetue, em até 10 dias contados da publicação da decisão, as transferências conforme tabela a seguir: Distribuidora UBP Preliminar (ETLEP) R$ Valor a Ser Transferido (R$) Equatorial PA* 557.011.145,50 - Energisa TO 31.961.612,80 26.634.677,34 Equatorial MA* 398.298.148,11 - Amazonas Energia 655.155.815,44 573.261.338,51 Neoenergia Coelba 784.213.007,13 697.078.228,56 Equatorial PI* 274.546.872,16 - Equatorial CEA 174.483.993,52 155.096.883,12 Equatorial AL 264.206.594,62 231.180.770,30 Energisa AC 44.728.230,37 37.273.525,31 Neoenergia Pernambuco 220.791.545,42 196.259.151,49 Neoenergia Cosern 121.940.191,05 108.391.280,93 Energisa RO 509.725.162,76 424.770.968,97 Energisa SE 127.217.654,65 113.082.359,69 Enel CE 484.580.317,02 403.816.930,85 Sulgipe 14.792.932,23 12.327.443,53 Energisa PB* 269.498.576,39 - Roraima Energia 148.163.652,39 123.469.710,32 Energisa MT 358.297.228,05 318.486.424,93 Cercos - - Cemig-D 5.962.106,46 4.968.422,05 EDP ES 11.217.289,77 9.347.741,48 ELFSM* 27.904.169,98 - *Valores serão recalculados nos processos tarifários, quando as transferências serão definidas No caso das distribuidoras Cemig, EDP ES e Santa Maria, os recursos deverão ser direcionados somente às unidades consumidoras dos municípios pertencentes às áreas da Sudam ou da Sudene. ¹ UBP é o valor que determinadas hidrelétricas pagam à União pelo direito de explorar um bem público (o potencial de geração dos rios).",False,421,2026-09-21 20:23
2026-08-11,Distribuição,Disponíveis novos painéis com informações sobre indicadores de Inadimplência e de Segurança do Trabalho e Instalações,O objetivo é dar maior transparência aos indicadores apurados pelas distribuidoras e facilitar o acesso às informações pelo usuário,https://www.gov.br/aneel/pt-br/assuntos/noticias/2026-defeso-eleitoral/disponiveis-novos-paineis-com-informacoes-sobre-indicadores-de-inadimplencia-e-de-seguranca-do-trabalho-e-instalacoes,"Estão disponíveis no site da ANEEL dois novos painéis de dados, no portal relatórios, contendo informações acerca dos indicadores de Inadimplência e de Segurança Trabalho e Instalações, relacionados ao serviço público de distribuição de energia elétrica. O Workspace denominado “Indicadores da Distribuição” passa a agregar essas informações, em dois painéis interativos. Os novos painéis permitem diversas agregações dos dados, tais como informações por distribuidora, estado, região e Brasil. Também é possível personalizar várias informações utilizando os filtros disponíveis, bem como realizar o download dos dados apresentados. A iniciativa tem o objetivo de dar maior transparência aos indicadores apurados e ao processo de avaliação das distribuidoras, modernizar o conteúdo disponível e facilitar o acesso às informações pelos usuários. Acesse os novos painéis aqui .",False,123,2026-09-21 20:23
2026-08-11,Tarifas,Agência decide nova data para reajuste e revisão de tarifas da CEA  (Amapá),"Ao invés de 13 de dezembro, agora será 25 de maio",https://www.gov.br/aneel/pt-br/assuntos/noticias/2026-defeso-eleitoral/agencia-decide-nova-data-para-reajuste-e-revisao-de-tarifas-da-cea-amapa,"A Agência Nacional de Energia Elétrica (ANEEL) autorizou nesta terça-feira (11/8) a mudança de data contratual para que novas tarifas de energia elétricas da Companhia de Eletricidade do Amapá (CEA) comecem a vigorar devido a reajuste anual tarifário ou revisão tarifária periódica. A nova data passa a ser 25 de maio, ao invés da data tradicional prevista em contrato, que era 13 de dezembro. A alteração foi solicitada pelo Conselho de Consumidores de Energia Elétrica do Amapá (Conceap) para evitar dois processos tarifários em 2026, em intervalo reduzido, uma vez que o reajuste tarifário de 2025, cuja data contratual era 13 de dezembro daquele ano, somente foi homologado em abril de 2026. O Conselho argumentou a necessidade de adequar eventual aumento tarifário ao calendário financeiro da população do Amapá e afastar custos decorrentes do descasamento temporal. A concessionária concordou com a mudança a partir de ajustes financeiros.",False,147,2026-09-21 20:23
2026-08-11,Transmissão,ANEEL homologa resultado dos lotes de 7 a 10 do Leilão de Transmissão nº 1/2026,O Consórcio Olympus XX e a AXIA Energia Sul S.A. foram as proponentes vencedoras dos lotes de 7 a 10 da segunda etapa do certame,https://www.gov.br/aneel/pt-br/assuntos/noticias/2026-defeso-eleitoral/aneel-homologa-resultado-dos-lotes-de-7-a-10-do-leilao-de-transmissao-no-1-2026,"Em reunião da diretoria colegiada, nesta terça-feira (11/8), a Agência Nacional de Energia Elétrica (ANEEL) aprovou a homologação do resultado e adjudicação da segunda etapa do Leilão de Transmissão nº 1/2026 , referente aos lotes de 7 a 10. O certame, realizado em 3 de julho de 2026, em São Paulo, na sede da B3, foi realizado para contratar concessões do serviço público de transmissão de energia elétrica. Todos os proponentes dos quatro lotes da segunda etapa do Leilão de Transmissão nº 1/2026 entregaram os respectivos documentos e atenderam aos requisitos de habilitação. Os empreendimentos se localizam nos estados de Mato Grosso, Mato Grosso do Sul e São Paulo. - Homologação: é o ato pelo qual é ratificado todo o procedimento licitatório e conferido aos atos licitatórios aprovação para que produzam os efeitos jurídicos necessários. - Adjudicação: é o ato pelo qual a Administração Pública indica o contratante escolhido e lhe atribuiu o objeto da licitação. Assim, para que haja a homologação e a adjudicação, é necessário que a etapa de habilitação tenha sido concluída com êxito.",False,177,2026-09-21 20:23
2026-08-06,Participação social,Prazo prorrogado: Consulta Pública para aprimorar o Programa de Eficiência Energética recebe contribuições até 9 de setembro,,https://www.gov.br/aneel/pt-br/assuntos/noticias/2026-defeso-eleitoral/prazo-prorrogado-consulta-publica-para-aprimorar-o-programa-de-eficiencia-energetica-recebe-contribuicoes-ate-9-de-setembro,"A Agência Nacional de Energia Elétrica (ANEEL) prorrogou o prazo para o envio de contribuições à Consulta Pública nº 018/2026 , que submete à sociedade a Análise de Impacto Regulatório (AIR) voltada ao aperfeiçoamento do Programa de Eficiência Energética (PEE). Com a ampliação do período, as sugestões poderão ser encaminhadas até 9 de setembro de 2026. O que está em discussão A proposta em análise fundamenta-se no conceito E3P – Estratégia, Portfólio, Programa e Projeto, concebido para fortalecer o direcionamento estratégico dos investimentos do PEE. O modelo preserva a execução descentralizada pelas distribuidoras e, ao mesmo tempo, promove uma visão integrada e de longo prazo para o planejamento e a avaliação dos resultados. A principal mudança está na forma como os investimentos são planejados, executados e avaliados. Em vez de concentrar a gestão em projetos individualizados, o modelo passa a organizar as iniciativas em portfólios e programas, que reúnem projetos complementares voltados ao alcance de objetivos estratégicos. Participe! A documentação completa está disponível na página da Consulta Pública n.º 018/2026 , incluindo: • a Nota Técnica nº 571/2026-STE/ANEEL; • o Relatório de Análise de Impacto Regulatório n° 1/2026-STE/ANEEL; • o Estudo de Apoio na elaboração da AIR; e • o formulário eletrônico para envio de contribuições. Período de contribuições: até 9 de setembro de 2026 . Sua participação é fundamental para o aperfeiçoamento contínuo do Programa de Eficiência Energética.",False,229,2026-09-21 20:23
2026-08-06,Tarifas,ANEEL define quotas da RGR para geradoras e transmissoras no ciclo 2026/2027,Valores somam cerca de R$ 470 milhões para 108 concessionárias e contemplam ajustes referentes ao exercício de 2025 e anos anteriores.,https://www.gov.br/aneel/pt-br/assuntos/noticias/2026-defeso-eleitoral/aneel-define-quotas-da-rgr-para-geradoras-e-transmissoras-no-ciclo-2026-2027,"A Agência Nacional de Energia Elétrica (ANEEL) publicou hoje (6/8), por meio do Despacho nº 2.922/2026 , os valores das quotas da Reserva Global de Reversão (RGR) para 108 concessionárias de geração e transmissão. A RGR é um encargo do setor elétrico pago mensalmente pelos geradores e transmissores. As quotas serão recolhidas mensalmente por meio de boletos emitidos pela Câmara de Comercialização de Energia Elétrica (CCEE), que é gestora dos recursos da RGR. Os montantes fixados somam cerca de R$ 470 milhões e referem-se ao período de julho de 2026 a junho de 2027. Eles contemplam ajustes referentes ao exercício de 2025 e de anos anteriores. Estão obrigadas ao recolhimento da RGR as concessionárias de serviço público de transmissão de energia elétrica licitadas anteriormente a 12 de setembro de 2012 e as concessões de serviço público de transmissão e geração que não forem prorrogadas ou licitadas nos termos da Lei nº 12.783/2013.",False,152,2026-09-21 20:23
2026-08-05,Geração,Primeira Unidade Geradora da Usina Termelétrica Azulão I entra em operação comercial,"O empreendimento utiliza gás natural produzido no Campo de Azulão, localizado no estado do Amazonas.",https://www.gov.br/aneel/pt-br/assuntos/noticias/2026-defeso-eleitoral/primeira-unidade-geradora-da-usina-termeletrica-azulao-i-entra-em-operacao-comercial,"A Unidade Geradora 1 (UG1) da Usina Termelétrica Azulão (UTE) I entrou em operação comercial a partir desta segunda-feira (4). A operação foi autorizada por meio do Despacho ANEEL nº 2.899, de 3/8/26. A usina, de titularidade da Azulão I Geração de Energia, está localizada no município de Silves, no Estado do Amazonas, e tem capacidade instalada de 361 MW. O empreendimento utiliza gás natural produzido no Campo de Azulão integrando, no mesmo sítio, a produção de gás e geração elétrica. A entrada em operação comercial da UTE Azulão I aumenta a oferta de geração despachável para o Sistema Interligado Nacional (SIN) e fortalece a segurança energética, especialmente no norte do país. A previsão para 2027 é da entrada em operação de cerca de 590 MW da UTE Azulão II. .",False,131,2026-09-21 20:23
2026-08-05,Leilão de transmissão,Leilão nº 4/2026: Informações sobre o Data Room da Afluente Transmissão de Energia já estão disponíveis,O Leilão de Transmissão nº 4/2026-ANEEL tem 9 lotes e contratará concessões do serviço público de transmissão de energia elétrica em nove estados brasileiros.,https://www.gov.br/aneel/pt-br/assuntos/noticias/2026-defeso-eleitoral/leilao-no-4-2026-informacoes-sobre-o-data-room-da-afluente-transmissao-de-energia-ja-estao-disponiveis,"A Comissão Permanente de Leilões – CPL da Agência Nacional de Energia Elétrica (ANEEL) informa que os documentos do Data Room relativos aos empreendimentos do Lote 1 do Leilão nº 4/2026 foram atualizados em 4/8/26 e estão disponíveis juntamente com os Relatórios R1 a R5 do lote. Os documentos estão vinculados ao Contrato de Concessão nº 1/2010, de titularidade da Afluente Transmissão de Energia Elétrica S.A. e em término de vigência. Um data room (sala de informações) é um ambiente virtual seguro que concentra dados técnicos, jurídicos e financeiros dos projetos para consulta dos investidores interessados. O Leilão de Transmissão nº 4/2026-ANEEL tem 9 lotes e contratará concessões do serviço público de transmissão de energia elétrica, com instalações localizadas nos estados do Amazonas, Bahia, Goiás, Mato Grosso do Sul, Pará, Paraíba, Paraná, Rondônia e São Paulo.",False,136,2026-09-21 20:23
2026-08-05,Eficiência energética,ANEEL abre Consulta Pública sobre a prestação de Contas relativa ao PROCEL,Contribuições serão recebidas entre 6 de agosto a 4 de setembro,https://www.gov.br/aneel/pt-br/assuntos/noticias/2026-defeso-eleitoral/aneel-abre-consulta-publica-sobre-a-prestacao-de-contas-relativa-ao-procel,"A Agência Nacional de Energia Elétrica (ANEEL) autorizou, nesta terça-feira ( 4/8) a abertura de Consulta Pública ( CP26/2026) sobre a Prestação de Contas do Quinto Plano de Aplicação de Recursos do Programa Nacional de Conservação de Energia Elétrica ( PROCEL), intitulado 5º PAR PROCEL. O objetivo da Agência é dar transparência e colher subsídios sobre a prestação de contas. A legislação (Lei 13.280/2016) estabelece que 20% dos recursos destinados para eficiência energética sejam destinados ao PROCEL. Por sua vez, os investimentos efetivamente realizados pelo Programa devem constar da Prestação de Contas. As contribuições poderão ser enviadas à ANEEL por formulário eletrônico no período entre 6 de agosto e 4 de setembro de 2026.  Documentos estarão disponíveis para consulta aqui .",False,121,2026-09-21 20:23
2026-08-05,Fiscalização,ANEEL recebe representantes da Enel-SP para tratar de recurso sobre processo de recomendação de caducidade,A reunião ocorreu na manhã desta quarta-feira (5/8) na sede da ANEEL em Brasília,https://www.gov.br/aneel/pt-br/assuntos/noticias/2026-defeso-eleitoral/aneel-recebe-representantes-da-enel-sp-para-tratar-de-recurso-sobre-processo-de-recomendacao-de-caducidade,"O diretor da Agência Nacional de Energia Elétrica (ANEEL), Fernando Mosna, recebeu nesta quarta-feira (5/8) representantes da concessionária Enel-SP para tratar do recurso apresentado pela distribuidora contra a decisão da Agência sobre processo de recomendação de caducidade da concessão da empresa para o Ministério de Minas e Energia (MME). O relator do processo ouviu os argumentos e esclarecimentos apresentados pela concessionária sobre os pontos do recurso apresentado. A reunião foi realizada a pedido da empresa e teve como objetivo permitir a exposição de alegações e fundamentos relacionados ao processo em análise.",False,91,2026-09-21 20:23
2026-08-04,Participação pública,Presidentes dos Conselhos de Consumidores têm mandato prorrogado por mais dois anos,A prorrogação refere-se apenas ao de Presidente dos Conselhos e é uma medida transitória.,https://www.gov.br/aneel/pt-br/assuntos/noticias/2026-defeso-eleitoral/presidentes-dos-conselhos-de-consumidores-tem-mandato-prorrogado-por-mais-dois-anos,"A Diretoria da Agência Nacional de Energia Elétrica (ANEEL) decidiu hoje (4), em Circuito Deliberativo Ordinário, permitir a recondução dos atuais Presidentes dos Conselhos de Consumidores pelo período improrrogável de mais dois anos. A decisão atende o pedido feito pelo Conselho Nacional de Consumidores de Energia Elétrica (CONACEN), no sentido de viabilizar a continuidade dos mandatos atualmente vigentes, diante do contexto institucional e setorial em que se inserem os Conselhos. A Diretoria decidiu, ainda, que a área técnica deve propor, no prazo de 120 dias, ajustes na Resolução Normativa nº 963, de 14 de dezembro de 2021, que assegurem maior previsibilidade, uniformidade e estabilidade no ciclo de renovação dos mandatos dos Conselhos de Consumidores. Ainda segundo a decisão, a medida excepcional é razoável diante do momento atual do setor elétrico brasileiro, caracterizado por elevada complexidade e por transformações estruturais relevantes, como a ampliação da geração distribuída, a abertura do mercado de energia, a transição energética e os desafios associados à modernização regulatória. Por fim, a proposta analisada é uma medida transitória, excepcional e de aplicação única, restrita ao cargo de Presidente e condicionada à indicação pelas entidades representativas, preservando-se, assim, o princípio da renovação e da oxigenação dos colegiados, que permanece como diretriz fundamental da REN nº 963, de 2021.",True,210,2026-09-21 20:23
2026-08-03,Participação social,Consulta Pública para aprimorar o Prêmio ANEEL de Inovação 2026 recebe contribuições até 17 de agosto,"O Prêmio ANEEL de Inovação reconhece anualmente empresas, pesquisadores e profissionais que se destacam no desenvolvimento de soluções inovadoras para o setor elétrico.",https://www.gov.br/aneel/pt-br/assuntos/noticias/2026-defeso-eleitoral/consulta-publica-para-aprimorar-o-premio-aneel-de-inovacao-2026-recebe-contribuicoes-ate-17-de-agosto,"A ANEEL abriu a Consulta Pública n.º 021/2026 com o objetivo de receber contribuições para o aprimoramento do Edital do Prêmio ANEEL de Inovação 2026. A Consulta ficará aberta até 17 de agosto de 2026. O Prêmio ANEEL de Inovação reconhece anualmente empresas, pesquisadores e profissionais que se destacam no desenvolvimento de soluções inovadoras para o setor elétrico, no âmbito do Programa de Pesquisa, Desenvolvimento e Inovação (PDI) da Agência. Para a edição de 2026, serão considerados os resultados obtidos ao longo do ano de 2025. Principais propostas de aprimoramento A proposta submetida à consulta pública contempla, entre outras, as seguintes alterações: Revisão da metodologia da categoria “Menção Honrosa” , que passará a considerar não apenas o indicador relacionado aos investimentos em instituições das regiões Norte, Nordeste e Centro-Oeste (KR20), mas também o volume financeiro efetivamente investido e o desempenho acima dos percentuais regulatórios mínimos. Ampliação da categoria “Pessoa Inovadora do PDI ANEEL” , permitindo que cada empresa indique até quatro candidatos (dois pesquisadores e dois profissionais), com incentivo à igualdade de gênero, por meio da indicação de um homem e uma mulher em cada subcategoria. Atualização da classificação de porte das empresa s, considerando a Receita Operacional Líquida (ROL) de 2025: Pequeno porte: até R$ 60 milhões; Médio porte: acima de R$ 60 milhões até R$ 240 milhões; Grande porte: acima de R$ 240 milhões. Ampliação do número de premiações , que poderá alcançar até 20 reconhecimentos distribuídos entre as categorias de empresas, menção honrosa, pesquisadores e profissionais, entre os três segmentos: geração, transmissão e distribuição. Participe! A documentação completa, incluindo a Nota Técnica nº 588/2026-STE/ANEEL, a minuta do edital e o formulário eletrônico para envio de contribuições estão disponíveis na página da Consulta Pública n.º 021/2026 . Período de contribuições: até 17 de agosto de 2026. Sua participação é fundamental para o aperfeiçoamento contínuo do Prêmio ANEEL de Inovação e para o fortalecimento do ecossistema de inovação do setor elétrico brasileiro.",False,323,2026-09-21 20:23
2026-07-31,Fiscalização,Medidas adotadas pela Light e Enel Rio para restabelecimento da energia continuam sendo acompanhadas pela ANEEL,Lideranças da ANEEL cumpriram agenda durante todo o dia no estado do Rio de Janeiro para acompanhar de perto as ações das distribuidoras para retomada do serviço de energia elétrica.,https://www.gov.br/aneel/pt-br/assuntos/noticias/2026-defeso-eleitoral/medidas-adotadas-pela-light-e-enel-rio-para-restabelecimento-da-energia-continuam-sendo-acompanhadas-pela-aneel,"O diretor-geral da Agência Nacional de Energia Elétrica (ANEEL), Sandoval Feitosa, e o superintendente de Fiscalização da Agência, Giácomo Bassi, acompanharam hoje (31) em campo as ações da Light para o restabelecimento total do fornecimento de energia no Estado do Rio de Janeiro. Durante todo o dia, eles acompanharam de perto a mobilização das equipes e os recursos empregados na recomposição da rede. Além disso, verificaram as medidas emergenciais em andamento para reduzir os impactos à população. Durante a agenda, as lideranças da ANEEL também participaram de reuniões com representantes da Enel Distribuição Rio, que detalharam as medidas que estão sendo adotadas para restabelecer a energia no estado e apresentaram o plano de contingência adotado pela empresa. A Enel Distribuição Rio e a Light dividem o atendimento de energia elétrica no Rio de Janeiro. A Light atende a capital e a Baixada Fluminense, e a Enel Rio cobre a maior parte do interior e do litoral do estado. As áreas de concessão das distribuidoras foram afetadas pelos fortes vendavais na última quarta-feira (29). A ANEEL continuará monitorando a atuação das empresas e fiscalizando o cumprimento das obrigações das concessionárias, de modo a assegurar que os consumidores tenham o serviço restabelecido e que todas as medidas necessárias sejam adotadas para a normalização do sistema elétrico nas áreas atingidas. .",False,218,2026-09-21 20:23
2026-07-31,Bandeira tarifária,Bandeira Tarifária continua amarela em agosto,"Condições menos favoráveis de geração de energia mantém cobrança adicional de R$ 1,885 na conta de luz a cada 100 quilowatts-hora (kWh) consumidos",https://www.gov.br/aneel/pt-br/assuntos/noticias/2026-defeso-eleitoral/bandeira-tarifaria-continua-amarela-em-agosto,"A Agência Nacional de Energia Elétrica (ANEEL) informou nesta sexta-feira (31) que a bandeira tarifária para agosto de 2026 será amarela, repetindo o cenário observado nos meses de maio, junho e julho. A sinalização reflete condições menos favoráveis de geração de energia no País em razão do período seco, quando há redução nos níveis dos reservatórios das hidrelétricas e necessidade de acionamento de usinas termelétricas, que possuem custo mais elevado. Na prática, a bandeira amarela indica cobrança adicional de R$ 1,885 na conta de luz, a cada 100 quilowatts-hora (kWh) consumidos. O sistema de Bandeiras Tarifárias permite que os consumidores acompanhem, mês a mês, as condições de geração de energia no Brasil e os custos associados ao seu fornecimento. O mecanismo funciona como um sinalizador que torna mais transparente o custo real da energia para a população. Diante desse cenário, a ANEEL reforça a importância do uso consciente da energia elétrica. Pequenas mudanças de hábito podem contribuir para reduzir o consumo e ajudar no controle dos gastos com a conta de luz. Entenda como funcionam as bandeiras:",False,177,2026-09-21 20:23
2026-07-30,Fiscalização,ANEEL verifica ações da Light para restabelecimento do serviço de energia após vendavais no Rio de Janeiro,Reunião entre ANEEL e light ocorreu nesta quinta-feira (30/7) na sede da empresa no Rio de Janeiro,https://www.gov.br/aneel/pt-br/assuntos/noticias/2026-defeso-eleitoral/aneel-verifica-acoes-da-light-para-restabelecimento-do-servico-de-energia-apos-vendavais-no-rio-de-janeiro,"O diretor-geral da ANEEL, Sandoval Feitosa, e o superintendente de Fiscalização da Agência, Giácomo Bassi, realizaram reunião in loco com representantes da Light para acompanhar as providências adotadas pela distribuidora para restabelecer o fornecimento de energia às áreas afetadas pelos fortes vendavais que atingiram o Estado do Rio de Janeiro. O encontro teve como objetivo verificar a mobilização das equipes de campo, os recursos empregados na recomposição da rede elétrica e as medidas emergenciais em andamento para reduzir os impactos à população. Durante a agenda, os representantes da Light detalharam o plano de contingência adotado pela empresa, incluindo o reforço das equipes de atendimento, a priorização de serviços essenciais, além da atuação nas regiões mais afetadas pelos danos à infraestrutura elétrica. A fiscalização da ANEEL acompanhou as informações apresentadas pela distribuidora e avaliou as ações executadas para garantir a retomada do serviço com segurança e no menor prazo possível. A ANEEL continuará monitorando a atuação da Light e fiscalizando o cumprimento das obrigações da concessionária, de modo a assegurar que os consumidores tenham o serviço restabelecido e que todas as medidas necessárias sejam adotadas para a normalização do sistema elétrico nas áreas atingidas. .",False,194,2026-09-21 20:23
2026-07-29,Fiscalização,ANEEL acompanha interrupções causadas por vendavais no Rio de Janeiro e em São Paulo,,https://www.gov.br/aneel/pt-br/assuntos/noticias/2026-defeso-eleitoral/aneel-acompanha-interrupcoes-causadas-por-vendavais-no-rio-de-janeiro-e-em-sao-paulo,"A Agência Nacional de Energia Elétrica (ANEEL) acompanha, por meio do Radar, seu sistema de monitoramento em tempo real, os impactos das fortes rajadas de vento que atingiram os estados do Rio de Janeiro e de São Paulo nesta quarta-feira (29/7). Segundo informações da Defesa Civil de São Paulo, foram registradas rajadas superiores a 100 km/h em municípios como Taquarituba (117 km/h) e Itanhaém (111 km/h). No Rio de Janeiro, os ventos intensos provocaram ocorrências na rede elétrica e afetaram o fornecimento de energia. Além dos danos causados pelo fenômeno climático, houve o desligamento da Subestação Grajaú (500/138 kV), associado à perda de uma linha de transmissão, situação que segue em apuração pelos agentes responsáveis e pelo Operador Nacional do Sistema Elétrico (ONS). As distribuidoras e demais agentes do setor atuam na recomposição do sistema elétrico e na normalização do atendimento aos consumidores. A ANEEL monitora continuamente a evolução das ocorrências por meio do Sistema de Monitoramento do Desempenho das Distribuidoras (Radar), que permite acompanhar em tempo real os indicadores de interrupção. A Agência permanece em contato com os agentes do setor e seguirá acompanhando a situação até a completa normalização do serviço.",False,193,2026-09-21 20:23
2026-07-29,Geração,ANEEL define Receitas Anuais de Geração de 59 usinas do Regime de Cotas,"Com a descotização de 13 usinas da Axia Energia, o novo valor das Receitas Anuais de Geração (RAG) é de R$ 8,122 bilhões, o que representa uma redução de 6,34%.",https://www.gov.br/aneel/pt-br/assuntos/noticias/2026-defeso-eleitoral/aneel-define-receitas-anuais-de-geracao-de-59-usinas-do-regime-de-cotas,"A Agência Nacional de Energia Elétrica (ANEEL) homologou, por meio do Despacho nº 2.744, de 24 de julho de 2026, as Receitas Anuais de Geração (RAG) das 59 usinas hidrelétricas do Regime de Cotas da Lei nº 12.783/2013, a vigorar de julho de 2026 a junho de 2027. O principal impacto no resultado é a aplicação do último passo da descotização das 13 usinas da Axia Energia (usinas Boa Esperança, Coaracy Nunes, Complexo Paulo Afonso, Corumbá I, Estreito (Luiz Carlos Barreto de Carvalho), Funil – BA, Funil - RJ, Furnas, Luiz Gonzaga (Itaparica), Marimbondo, Pedra, Porto Colômbia e Xingó), que teve início em 2023 com a redução de 20% ao ano da garantia física de energia e de potência alocada no Regime de Cotas. A Axia receberá RAG dessas usinas até dezembro de 2026. Com a descotização das 13 usinas, o novo valor de RAG é de R$ 8,122 bilhões, o que representa uma redução de 6,34% na receita destinada às usinas cotistas. Entretanto, a tarifa teve um aumento de 19,80% e passou para R$ 257,54/MWh (com PIS/Cofins), pois a redução do montante de garantia física alocada no regime de cotas é proporcionalmente maior do que a redução da receita. Essa tarifa é utilizada para a definição da cobertura tarifária das distribuidoras cotistas e a partir de janeiro de 2027 será aplicada sem PIS/Cofins, resultando no valor de 233,72/MWh, em decorrência da extinção desse tributo com a reforma tributária. A RAG é o valor que as geradoras recebem para operar e manter determinadas usinas hidrelétricas cujas concessões foram renovadas. Nesse regime, elas não vendem energia livremente no mercado. Em vez disso, a energia é destinada às distribuidoras de energia e as distribuidoras pagam uma receita regulada (a RAG), definida pela ANEEL. O objetivo é oferecer energia a um custo mais baixo para os consumidores.",False,304,2026-09-21 20:23
2026-07-28,Tarifas,ANEEL abre Consulta Pública para debater novas tarifas da Neoenergia Brasília,Interessados poderão enviar contribuições de 30/7 até 12/9,https://www.gov.br/aneel/pt-br/assuntos/noticias/2026-defeso-eleitoral/aneel-abre-consulta-publica-para-debater-novas-tarifas-da-neoenergia-brasilia,"Nesta terça-feira (28/7), a diretoria colegiada da Agência Nacional de Energia Elétrica (ANEEL) autorizou abertura da Consulta Pública nº 024/2026, que trata da Revisão Tarifária Periódica de 2026 da Neoenergia Distribuição Brasília S.A. A distribuidora atende 1,23 milhão de unidades brasilienses. Confira na tabela abaixo os índices propostos para entrarem em vigor a partir de 22 de outubro de 2026: Empresa Consumidores residenciais - B1 Neoenergia Brasília 1,17% Classe de Consumo – Consumidores cativos Baixa tensão em média Alta tensão em média Efeito Médio para o consumidor 1,10% 3,95% 1,86% Entre os fatores que mais impactaram os índices propostos estão os custos com distribuição, transmissão e compra de energia, além da inclusão de componentes financeiros. A Consulta Pública nº 024/2026 estará disponível para contribuições entre 30 de julho a 12 de setembro de 2026, por meio de intercâmbio documental, pelos seguintes e-mails: cp024_2026rv@aneel.gov.br – para o tema Revisão Tarifária; cp024_2026et@aneel.gov.br – para o tema Estrutura Tarifária; cp024_2026pt@aneel.gov.br – para o tema Perdas Técnicas. No dia 27 de agosto de 2026 será realizada a Audiência Pública nº 006/2026 na sede da ANEEL, em Brasília (DF), para debater o tema com a sociedade. Saiba mais na página do site da ANEEL sobre as audiências públicas e consultas públicas vigentes. Revisão tarifária x Reajuste tarifário A Revisão Tarifária Periódica (RTP) e o Reajuste Tarifário Anual (RTA) são os dois processos tarifários mais comuns previstos nos contratos de concessão. O processo de RTP é mais complexo - nele são definidos: (i) o custo eficiente da distribuição (Parcela B); (ii) as metas de qualidade e de perdas de energia; e (iii) os componentes do Fator X para o ciclo tarifário. Já o processo de RTA é mais simples e acontece sempre no ano em que não há RTP. Nesse processo, é atualizada a Parcela B pelo índice de inflação estabelecida no contrato (IGP-M ou IPCA) menos o fator X (IGP-M/IPCA – Fator X). Em ambos os casos são repassados os custos com compra e transmissão de energia e os encargos setoriais que custeiam políticas públicas estabelecidas por meio de leis e decretos.",False,347,2026-09-21 20:23
2026-07-28,Leilões,Primeiros leilões de armazenamento de energia do Brasil entram em consulta pública,Editais em análise preveem suprimento por 15 anos a partir de 2028. Licitações serão realizadas em 2 e 4 de dezembro,https://www.gov.br/aneel/pt-br/assuntos/noticias/2026-defeso-eleitoral/primeiros-leiloes-de-armazenamento-de-energia-do-brasil-entram-em-consulta-publica,"A diretoria da Agência Nacional de Energia Elétrica – ANEEL aprovou nesta terça-feira (28/7) a abertura de consultas públicas, a partir da quinta-feira 30/7, para análise das prévias de dois editais para contratação de baterias de alta potência: os Leilões de Reserva de Capacidade Armazenamento Nacional e Armazenamento Geral. As licitações serão realizadas pela ANEEL e pela Câmara de Comercialização de Energia Elétrica (CCEE) nos dias 2 e 4 de dezembro, em plataforma online. Os dois leilões visam a aquisição de disponibilidade de potência de energia a partir de Sistemas de Armazenamento de Energia Elétrica (SAEs) autônomos com uso de baterias. Eles se diferenciam pois o Leilão nº 05/2026-ANEEL (Armazenamento Nacional - Produto Armazenamento 2028 A), previsto para 2/12, é exclusivo para SAEs que comprovem o uso de baterias com fabricação nacional – uma verificação que será realizada pelo Banco Nacional de Desenvolvimento Econômico e Social (BNDES). Sistemas que não atendam a esse requisito poderão participar do Leilão nº 06/2026-ANEEL (Armazenamento Geral – Produto Armazenamento 2028 B). Os contratos dos dois leilões preveem suprimento por 15 anos, a partir de 1/8/2028. Os sistemas de armazenamento deverão ter potência de 30 megawatts (MW) ou mais e estar sempre preparados para o despacho centralizado do Operador Nacional do Sistema (ONS), com duração de quatro horas. Por dia, os sistemas poderão ser demandados duas vezes, tendo seis horas para recuperar a carga total. O pagamento do serviço será realizado por meio de receita fixa em 12 parcelas mensais. Essas condições foram estabelecidas na Portaria Normativa GM/MME nº 136/2026, emitida pelo Ministério de Minas e Energia (MME). Os projetos de armazenamento poderão se inscrever para os leilões por meio de cadastramento na Empresa de Pesquisa Energética (EPE), até sexta-feira 30/7 às 12h. Além do período de contribuição das duas consultas (veja orientações abaixo), a ANEEL realizará audiência pública presencial no dia 1/9, às 14h30, na sede da Agência em Brasília, com transmissão ao vivo no canal da ANEEL no YouTube. Como participar das consultas públicas As contribuições para as Consultas Públicas n° 22/2026 (Leilão nº 05/2026-ANEEL) e n° 23/2026 (Leilão nº 06/2026-ANEEL) poderão ser enviadas de 30 de julho a 14 de setembro, respectivamente pelos e-mails cp022_2026@aneel.gov.br e cp023 _2026@aneel.gov.br . Os documentos disponíveis sobre o tema serão publicados no dia 30/7 na área de Consultas Públicas no portal da ANEEL.",False,387,2026-09-21 20:23
2026-07-28,Comercialização,Alterações nas Regras de Comercialização para LRCAP 2026 vão à Consulta Pública,ANEEL receberá contribuições de 30 de julho a 12 de setembro de 2026,https://www.gov.br/aneel/pt-br/assuntos/noticias/2026-defeso-eleitoral/alteracoes-nas-regras-de-comercializacao-para-lrcap-2026-vao-a-consulta-publica,"A diretoria da Agência Nacional de Energia Elétrica (ANEEL) aprovou nesta terça-feira (28/7) a abertura de Consulta Pública (CP 25/2026) para alterações nas Regras de Comercialização para inclusão dos Leilões de Reserva da Capacidade na Forma de Potência (LRCAP 2026), Os certames, realizados em março deste ano, trataram de Usinas Termelétricas (UTEs) a gás natural e carvão mineral e Usinas Hidrelétricas (UHEs) (LRCAP 2/2026); e UTEs a óleo diesel, óleo combustível e biodiesel (LRCAP 3/2026). A proposta, encaminhada pela Câmara de Comercialização de Energia Elétrica (CCEE) à ANEEL, prevê mudanças nos módulos 9 (Encargos); 10 (Consolidação de Resultados); 11 (Liquidação); 16 (Reajuste dos Parâmetros da Receita de CCEAR); e 27 (Contratação de Reserva de Capacidade) das Regras de Comercialização. A ANEEL também estabeleceu que as inovações nas Regras tenham sua vigência na data de abertura da Consulta Pública - de forma provisória - devido ao início do suprimento dos contratos de UTEs a gás natural, carvão mineral, óleo combustível e óleo diesel, a partir de 1º de agosto. O suprimento de UHEs e a UTEs a biodiesel começa no ano de 2030. Interessados poderão enviar sugestões para o e mail cp025_2026@aneel.gov.br de 30 de julho a 12 de setembro de 2026. Mais informações sobre a CP 25/2026 .",False,208,2026-09-21 20:23
2026-07-28,Tarifas,Reajuste Tarifário da EDP Espírito Santo é aprovado pela ANEEL,Os novos índices passam a vigorar a partir de 7 de agosto,https://www.gov.br/aneel/pt-br/assuntos/noticias/2026-defeso-eleitoral/reajuste-tarifario-da-edp-espirito-santo-e-aprovado-pela-aneel,"A diretoria colegiada da Agência Nacional de Energia Elétrica (ANEEL) aprovou, nesta terça-feira (28/7), o reajuste tarifário anual da EDP Espírito Santo Distribuição de Energia S.A. – EDP ES, que passa a vigorar a partir de 7 de agosto de 2026. Sediada na cidade de Vitória (ES), a distribuidora atende cerca de 1,82 milhão de unidades consumidoras. Confira, na tabela, os novos índices: Empresa Consumidores residenciais - B1 EDP ES 7,27% Classe de Consumo – Consumidores cativos Baixa tensão em média Alta tensão em média Efeito Médio para o consumidor 7,11% 8,65% 7,52% Entre os fatores que mais impactaram as tarifas, destacam-se os custos de transporte, distribuição e aquisição de energia elétrica, além da inclusão de componentes financeiros apurados no atual reajuste tarifário para compensação nos 12 meses subsequentes. O efeito médio da alta tensão refere-se às classes A1 (>= 230 kV), A2 (de 88 a 138 kV), A3 (69 kV) e A4 (de 2,3 a 25 kV). Para a baixa tensão, a média engloba as classes B1 (Residencial e subclasse residencial baixa renda); B2 (Rural: subclasses, como agropecuária, cooperativa de eletrificação rural, indústria rural, serviço público de irrigação rural); B3 (Industrial, comercial, serviços e outras atividades, poder público, serviço público e consumo próprio); e B4 (Iluminação pública).",False,208,2026-09-21 20:23
2026-07-28,Geração,ANEEL homologa parcialmente resultado do Leilão de Reserva de Capacidade 2/2026,O processo de habilitação das proponentes vencedoras pela Comissão Permanente de Leilões foi estruturado em etapas,https://www.gov.br/aneel/pt-br/assuntos/noticias/2026-defeso-eleitoral/aneel-homologa-parcialmente-resultado-do-leilao-de-reserva-de-capacidade-2-2026,"A homologação parcial do resultado e adjudicação do Leilão de Reserva de Capacidade (LRCAP) 2/2026, na forma de potência proveniente de usinas hidrelétricas e termelétricas a gás natural e carvão mineral, foi aprovada pela Agência Nacional de Energia Elétrica (ANEEL) nesta terça-feira (28/7). A proponente vencedora foi o Consórcio EBRASIL/CELNE, composto pelas empresas Eletricidade do Brasil S.A. – EBRASIL e Centrais Elétricas do Nordeste – CELNE Ltda., habilitadas pela Comissão Permanente de Leilões (CPL) por meio do Despacho nº 2.230/2026. O objetivo do LRCAP é atender a necessidade de potência requerida pelo Sistema Interligado Nacional (SIN) a partir de empreendimentos novos ou existentes. O processo de habilitação das empresas vencedoras pela CPL foi estruturado em etapas, sendo uma relativa às proponentes do Produto Potência Termelétrica 2026 e outra relativa às demais proponentes selecionadas na fase de lances. O certame foi realizado em 18 de março de 2026, na modalidade online, por meio da plataforma de negociação. Consulte os resultados e o edital do LARCAP 2/2026 .",False,166,2026-09-21 20:23
2026-07-28,Institucional,ANEEL disponibiliza cadernos temáticos sobre relacionamento com o consumidor e compensação pelo uso de recursos hídricos,Publicações inauguram série voltada à disseminação de informações sobre a regulação e o setor elétrico brasileiro,https://www.gov.br/aneel/pt-br/assuntos/noticias/2026-defeso-eleitoral/aneel-disponibiliza-cadernos-tematicos-sobre-relacionamento-com-o-consumidor-e-compensacao-pelo-uso-de-recursos-hidricos,"A Agência Nacional de Energia Elétrica (ANEEL) disponibilizou, nesta terça-feira (28), os dois primeiros volumes de uma série de cadernos temáticos com informações sobre o setor elétrico brasileiro. As publicações abordam o relacionamento com o consumidor de energia elétrica e a Compensação Financeira pelo Uso dos Recursos Hídricos para Fins de Geração de Energia Elétrica (CFURH). O caderno Relacionamento com o Consumidor apresenta informações sobre mecanismos de atendimento ao cidadão, participação social, indicadores de satisfação dos consumidores, canais de registro de demandas e instrumentos utilizados no acompanhamento da prestação do serviço de distribuição de energia elétrica. Já o caderno Compensação Financeira pelo Uso dos Recursos Hídricos para Fins de Geração de Energia Elétrica (CFURH) reúne informações sobre a arrecadação e a distribuição de recursos decorrentes da utilização do potencial hidráulico para geração de energia, incluindo dados sobre a compensação financeira e os royalties de Itaipu. Os cadernos estão disponíveis em formato digital no portal da ANEEL .",False,157,2026-09-21 20:23
2026-07-24,Transmissão,ANEEL habilita empresas participantes da segunda sessão pública do Leilão de Transmissão nº 1/2026,Despacho foi publicado nesta sexta-feira (24/7) no DOU.,https://www.gov.br/aneel/pt-br/assuntos/noticias/2026-defeso-eleitoral/aneel-habilita-empresas-segunda-sessao-lt012026,"A Agência Nacional de Energia Elétrica (ANEEL) publicou no Diário Oficial da União desta sexta-feira (10/1) a habilitação das empresas vencedoras da segunda sessão pública do Leilão de Transmissão nº 1/2026, referente aos Lotes 7 a 10, com deságio médio de 53,20% e investimento estimado de R$1,75 bilhão. O lote 7 foi arrematado pelo Consórcio Olympus XX e os lotes de 8 a 10 pela Axia Energia Sul S.A. O certame foi realizado no dia 3 de julho de 2026, na sede da B3, na cidade de São Paulo, e contratou concessões do serviço público de transmissão de energia elétrica com instalações localizadas nos estados de Mato Grosso, Mato Grosso do Sul e São Paulo. Para mais informações, acesse: https://leilao.aneel.gov.br/editalTransmissao .",False,121,2026-09-21 20:23
2026-07-23,Fiscalização,ANEEL multa Neoenergia Coelba por irregularidades envolvendo a geração distribuída,"O valor total da multa é de R$ 82,7 milhões. A empresa tem 10 dias para recorrer ou pagar o montante.",https://www.gov.br/aneel/pt-br/assuntos/noticias/2026-defeso-eleitoral/aneel-multa-neoenergia-coelba-por-irregularidades-envolvendo-a-geracao-distribuida,"A Agência Nacional de Energia Elétrica (ANEEL) concluiu um processo punitivo relacionado à geração distribuída (GD) na área de concessão da Companhia de Eletricidade do Estado da Bahia (Neoenergia Coelba). A multa final aplicada é no valor de de R$ 82,7 milhões, o que corresponde 0,56% da Receita Operacional Líquida da distribuidora. As irregularidades observadas foram: indeferimento indevido de solicitação de conexão de Micro e Minigeração Distribuída (MMGD); descumprimento dos prazos de emissão do orçamento de conexão; inobservância do prazo de comunicação ao consumidor e ausência de informações obrigatórias no orçamento de conexão. A Neoenergia Coelba tem 10 dias para recorrer ou pagar a multa. Essa é a maior multa já aplicada em processos punitivos que envolvem a GD. Geração Distribuída Desde 17 de abril de 2012, quando entrou em vigor a Resolução Normativa ANEEL nº 482/2012 , o consumidor brasileiro pode gerar sua própria energia elétrica a partir de fontes renováveis ou cogeração qualificada. Pode também fornecer o excedente para a rede de distribuição de sua localidade, para posterior compensação do consumo de energia verificado. Trata-se da Microgeração e da Minigeração Distribuídas de Energia Elétrica – MMGD e do Sistema de Compensação de Energia Elétrica – SCEE. Leia mais.",True,200,2026-09-21 20:23
2026-07-21,Fiscalização,Agência nega recurso à multa de R$ 235 milhões aplicada à UTE Rio Grande,Descumprimento do cronograma de implantação da geradora foi o motivo da penalidade,https://www.gov.br/aneel/pt-br/assuntos/noticias/2026-defeso-eleitoral/agencia-nega-recurso-a-multa-de-r-235-milhoes-aplicada-a-ute-rio-grande,"A Agência Nacional de Energia Elétrica (ANEEL) manteve a multa de R$ 235 milhões aplicada à Termelétrica Rio Grande S/A e Bolognesi Energia S/A, ao negar recurso administrativo das empresas responsáveis pela Usina Termelétrica (UTE) Rio Grande. A decisão foi tomada nesta terça-feira (21/7) pela diretoria colegiada da Agência. A penalidade foi motivada pelo descumprimento do cronograma de implantação da usina, que culminou na inexecução total do empreendimento. Em 2014, foi comercializada energia da UTE Rio Grande no Leilão de Energia Nova nº 06/2014, tipo A-5, cujo suprimento deveria iniciar em 1º de janeiro de 2019. Diante do descumprimento do cronograma de implantação e da não execução do empreendimento, a ANEEL revogou a outorga da usina. Posteriormente, foi instaurado processo administrativo sancionador que resultou na aplicação da multa editalícia.” No projeto, a usina deveria ter dois Blocos de Geração, cada um composto por duas unidades geradoras a gás natural de 202,5 MW (megawatts), em ciclo combinado com um turbogerador a vapor de 214 MW, totalizando 1,23 GW (gigawatts) de capacidade instalada.",False,171,2026-09-21 20:23
2026-07-21,Institucional,ANEEL realizará em agosto evento sobre o El Niño e os impactos no Setor Elétrico Brasileiro,"O evento é voltado para especialistas, representantes do governo, agentes do setor elétrico, pesquisadores e profissionais da área",https://www.gov.br/aneel/pt-br/assuntos/noticias/2026-defeso-eleitoral/aneel-realizara-em-agosto-evento-sobre-o-el-nino-e-os-impactos-no-setor-eletrico-brasileiro,"Em 20 de agosto, será realizado o evento “Super El Niño e a Resiliência do Setor Elétrico Brasileiro” , às 9h, na sede da Agência Nacional de Energia Elétrica (ANEEL), em Brasília-DF. O encontro é voltado para a discussão dos impactos dos eventos climáticos extremos no Sistema Elétrico Nacional e para as estratégias necessárias para fortalecer a resiliência do setor. O evento reunirá especialistas, representantes do governo, agentes do setor elétrico, pesquisadores e profissionais da área para debater os desafios e as oportunidades decorrentes dos fenômenos climáticos, com foco na análise técnica para preparação e adaptação do sistema. Mais informações do evento podem ser consultados aqui .",False,107,2026-09-21 20:23
2026-07-20,Institucional,Recepção principal da ANEEL ficará temporariamente interditada a partir desta segunda-feira (20),Mudança no acesso é para adaptações a normas de segurança contra incêndios,https://www.gov.br/aneel/pt-br/assuntos/noticias/2026-defeso-eleitoral/recepcao-principal-da-aneel-ficara-temporariamente-interditada-a-partir-desta-segunda-feira-20,"A recepção principal da Agência Nacional de Energia Elétrica (ANEEL), compartilhada com a Agência Nacional do Petróleo (ANP), no bloco I, está temporariamente interditada para continuidade das obras necessárias de adequação do edifício às normas de segurança contra incêndio e pânico. A previsão é de que a reforma seja concluída em até 45 dias. Nesse período, a recepção do Bloco H passa a ser o acesso principal ao edifício, com os pontos de atendimento dos protocolos da ANEEL e da ANP. Pessoas com mobilidade reduzida podem acessar o edifício pela rampa de entrada de veículos, à esquerda da recepção principal. Recepção temporária",False,102,2026-09-21 20:23
2026-07-14,Inovação,Aprovada Consulta Pública para estabelecer regras de participação no Prêmio ANEEL de Inovação 2026,Contribuições poderão ser enviadas de 17 de julho a 15 de agosto de 2026,https://www.gov.br/aneel/pt-br/assuntos/noticias/2026-defeso-eleitoral/aprovada-consulta-publica-para-estabelecer-regras-de-participacao-no-premio-aneel-de-inovacao-2026,"Foi aprovada pela diretoria colegiada da Agência Nacional de Energia Elétrica (ANEEL), nesta terça-feira (14/7), a abertura da Consulta Pública nº 021/2026, que trata do edital do Prêmio ANEEL de Inovação 2026. O edital irá estabelecer regras e condições para participação, no âmbito do Programa de Pesquisa, Desenvolvimento e Inovação (PDI) da Agência. As contribuições poderão ser enviadas de 17 de julho a 15 de agosto de 2026, por meio de formulário eletrônico, cujo link de acesso será disponibilizado na página da Agência, no espaço da Consulta Pública 21/2026. A ação é realizada anualmente com o objetivo de reconhecer empresas e profissionais que contribuem de forma relevante para o desenvolvimento tecnológico do setor elétrico. Para a edição de 2026 propõe-se premiação relacionada aos resultados obtidos no Programa de Pesquisa, Desenvolvimento e Inovação (PDI) da ANEEL no período entre 1º de janeiro de 2025 e 31 de dezembro de 2025, de acordo com as categorias definidas no edital. Mais informações sobre o edital podem ser consultadas nos documentos da consulta que serão disponibilizados no site da ANEEL, a partir da próxima sexta-feira (17/7), no seguinte link: https://antigo.aneel.gov.br/consultas-publicas .",False,187,2026-09-21 20:23
2026-07-14,Revisão tarifária,Revisão tarifária periódica da Energisa Sul-Sudeste é aprovada pela ANEEL,Os novos índices passam a vigorar a partir de 12 de julho,https://www.gov.br/aneel/pt-br/assuntos/noticias/2026-defeso-eleitoral/revisao-tarifaria-periodica-da-energisa-sul-sudeste-e-aprovada-pela-aneel,"A diretoria colegiada da Agência Nacional de Energia Elétrica (ANEEL) aprovou, nesta terça-feira (14/7), a revisão tarifária periódica da Energisa Sul-Sudeste – Distribuidora de Energia S.A. (ESS), que passa a vigorar a partir de 12 de julho de 2026. Sediada na cidade de Presidente Prudente (SP), a distribuidora atende cerca de 905 mil unidades consumidoras. Confira, na tabela, os novos índices: Empresa Consumidores residenciais - B1 ESS 9,60% Classe de Consumo – Consumidores cativos Baixa tensão em média Alta tensão em média Efeito Médio para o consumidor 9,49% 9,99% 9,63% Entre os fatores que mais impactaram as tarifas, destacam-se os custos de transporte e distribuição de energia elétrica, além de componentes financeiros. Os índices foram aprovados após análise das contribuições recebidas de 24 de abril a 8 de junho de 2026 na Consulta Pública nº 10/2026 , que obteve subsídios referentes à revisão tarifária periódica da distribuidora. Revisão tarifária x Reajuste tarifário A Revisão Tarifária Periódica (RTP) e o Reajuste Tarifário Anual (RTA) são os dois processos tarifários mais comuns previstos nos contratos de concessão. O processo de RTP é mais complexo — nele são definidos: (i) o custo eficiente da distribuição (Parcela B); (ii) as metas de qualidade e de perdas de energia; e (iii) os componentes do Fator X para o ciclo tarifário. Já o processo de RTA é mais simples e acontece sempre no ano em que não há RTP. Nesse processo, é atualizada a Parcela B pelo índice de inflação estabelecido no contrato (IGP-M ou IPCA) menos o Fator X (IGP-M/IPCA – Fator X). Em ambos os casos são repassados os custos com compra e transmissão de energia e os encargos setoriais que custeiam políticas públicas estabelecidas por meio de leis e decretos.",False,287,2026-09-21 20:23
2026-07-14,Tarifas,Consulta Pública discutirá revisão da Metodologia do Fator X,"O Fator X funciona como um incentivo para que as empresas reduzam custos, melhorem a qualidade do serviço e repassem ganhos de eficiência para os consumidores.",https://www.gov.br/aneel/pt-br/assuntos/noticias/2026-defeso-eleitoral/consulta-publica-discutira-revisao-da-metodologia-do-fator-x,"A Diretoria da Agência Nacional de Energia Elétrica (ANEEL) aprovou nesta terça-feira (14), durante Reunião Pública Ordinária, abertura de Consulta Pública com o objetivo de revisar a Metodologia do Fator X – Componente de Produtividade (Pd). O debate sobre o assunto surgiu a partir necessidade de adequar a metodologia atual às recentes transformações do setor elétrico. Essa avaliação busca entender se as variáveis atualmente utilizadas são suficientes para mensurar a produtividade das distribuidoras. Durante a elaboração da Nota Técnica, os agentes argumentaram que o modelo vigente, baseado na produtividade histórica e variações de mercado, não captura os efeitos estruturais e dinâmicos das agendas de modernização tecnológica, digitalização, resiliência climática e expansão da Micro e Minigeração Distribuída (MMGD). Dessa forma, foi constatado que, embora a atualização anual da base de dados seja necessária, ela deve ser acompanhada de ajustes metodológicos estruturais que considerem as heterogeneidades das áreas de concessão, ajustes intraciclo e mecanismos que preservem incentivos à eficiência sem penalizar investimentos prudentes. Os interessados podem enviar contribuições no período de 16/7 a 31/8/26 para o e-mail: cp020_2026@aneel.gov.br .. A Lei nº 9.427/1996, de Criação da ANEEL, em seu art. 14, prevê a ""apropriação de ganhos de eficiência empresarial e da competitividade"" como princípio do regime econômico das concessões, constituindo o fundamento legal para a aplicação do Fator X nos contratos de distribuição.",True,221,2026-09-21 20:23
2026-07-14,Geração,ANEEL estende o prazo de concessão da UHE Jirau (RO),Encerramento passa de dezembro de 2045 para agosto de 2047,https://www.gov.br/aneel/pt-br/assuntos/noticias/2026-defeso-eleitoral/aneel-estende-o-prazo-de-concessao-da-uhe-jirau-ro,"A Agência Nacional de Energia Elétrica (ANEEL) aprovou nesta terça-feira ( 14/7) a extensão do prazo de concessão da Usina Hidrelétrica (UHE) Jirau em 615 dias, passando de dezembro de 2045 para agosto de 2047. A Agência homologou o pedido da empresa Energia Sustentável do Brasil S.A, responsável pela usina, que alegou distorção na definição da energia destinada ao Ambiente de Contratação Regulada (ACR), uma vez que o poder concedente deixou de considerar parcelas da garantia física destinadas ao abatimento de perdas e à mitigação do risco hidrológico. A prorrogação tem previsão na Lei 10.848/2004 que estabelece que o montante de energia elétrica que tenha extrapolado a alocação considerada pela Empresa de Pesquisa Energética (EPE) para o mercado regulado, deverá ser convertido em extensão de outorga pelo prazo necessário à plena compensação da extrapolação. A empresa obteve a outorga para implantação e exploração da UHE Jirau, com 3.300 MW de capacidade instalada, ao vencer o Leilão ANEEL nº 005/2008. A geradora está instalada no rio Madeira, a 120 km de Porto Velho, Rondônia.",False,173,2026-09-21 20:23
2026-07-14,Comercialização,Agência aprova rescisão dos contratos entre comercializadora e agentes de distribuição,Inadimplência contratual motivou a decisão da diretoria da ANEEL,https://www.gov.br/aneel/pt-br/assuntos/noticias/2026-defeso-eleitoral/agencia-aprova-rescisao-dos-contratos-entre-comercializadora-e-agentes-de-distribuicao,"A diretoria colegiada da Agência Nacional de Energia Elétrica (ANEEL) aprovou nesta terça-feira (14/7) a rescisão de 19 Contratos Bilaterais Regulados assinados entre a Electra Comercializadora de Energia Ltda e 17 agentes de distribuição por inadimplência da comercializadora relacionada à falta de entrega de energia ou entrega de energia com modulação diferente da contratada. A Agência determinou que as distribuidoras de pequeno porte e permissionárias envolvidas informem em 30 dias os valores devidos a títulos de penalidades contratuais e eventuais perdas e danos decorrentes dos contratos. Foi estimado que, apenas pela rescisão antecipada, as multas somadas dos 19 contratos sejam superiores a R$ 1 bilhão. Os diretores decidiram também pela aplicação de tratamento regulatório excepcional, a ser validado nos processos tarifários das permissionárias e concessionárias de distribuição com mercado anual inferior a 700 GWh ( gigawatts/hora) afetadas neste processo, a fim de adequar a cobertura tarifária desconsiderando os valores dos contratos bilaterais de energia. Para isso, deverá ser considerado o montante correspondente ao déficit de energia necessário ao atendimento a seu mercado.",False,172,2026-09-21 20:23
2026-07-07,Participação social,"ANEEL aprova abertura de consulta pública sobre o edital dos Leilões de Energia Existente A-1, A-2 e A-3",As contribuições serão recebidas de 9 de julho a 24 de agosto de 2026,https://www.gov.br/aneel/pt-br/assuntos/noticias/2026-defeso-eleitoral/aneel-aprova-abertura-de-consulta-publica-sobre-o-edital-dos-leiloes-de-energia-existente-a-1-a-2-e-a-3,"Nesta terça-feira (7/7), a diretoria colegiada da Agência Nacional de Energia Elétrica (ANEEL) autorizou a abertura da Consulta Pública 019/2026 para o aprimoramento do edital dos Leilões nº 7/2026-ANEEL, nº 8/2026-ANEEL e nº 9/2026-ANEEL, denominados, respectivamente, Leilões de Energia Existente “A-1”, “A-2” e “A-3”, de 2026, para compra de energia elétrica proveniente de empreendimentos de geração existentes. Interessados poderão enviar contribuições de 9 de julho a 24 de agosto de 2026 pelo e-mail cp019_2026@aneel.gov.br . A proposta prevê a realização da sessão pública dos leilões em 13 de novembro de 2026, na modalidade híbrida. Além disso, os Leilões serão realizados sequencialmente — A-1”, “A-2” e “A-3”, os Contratos de Comercialização de Energia no ambiente regulado (CCEARs) serão negociados na modalidade por quantidade de energia elétrica, para energia proveniente de qualquer fonte e o período de suprimento de energia elétrica dos CCEARs será de dois anos. Como funciona a nomenclatura dos leilões de energia existente De acordo com o Decreto nº 5.163, de 2004 , com redação dada pelo Decreto nº 9.143, de 22 de agosto de 2017, os leilões de energia existente podem ser realizados no ano do certame (“A”) ou com um ano (“A-1”), dois anos (“A-2”), três anos (“A-3”), quatro anos (“A-4”) ou cinco anos de antecedência (“A-5”).",False,210,2026-09-21 20:23
2026-07-03,Bandeira tarifária,Bandeira tarifária em julho permanece amarela,"Conta de luz dos consumidores continua tendo acréscimo de R$ 1,885 a cada 100 kWh",https://www.gov.br/aneel/pt-br/assuntos/noticias/2026-defeso-eleitoral/bandeira-tarifaria-em-julho-permanece-amarela,"A Agência Nacional de Energia Elétrica (ANEEL) informa que a bandeira tarifária para o mês de julho de 2026 permanecerá amarela. Com isso, a conta de luz dos consumidores de energia elétrica continua tendo acréscimo de R$ 1,885 a cada 100 kWh. A manutenção da bandeira amarela, ativa desde o mês de abril, reflete condições menos favoráveis de geração no País, típicas do período seco, quando há redução nos níveis dos reservatórios das hidrelétricas e necessidade de acionamento de usinas termelétricas, que possuem custo mais elevado. O sistema de bandeiras tarifárias permite ao consumidor acompanhar, em tempo real, as condições de geração e seus impactos nos custos da energia elétrica. A medida reforça a transparência tarifária e incentiva o uso consciente da energia. Diante desse cenário, a Agência reforça a importância da adoção de hábitos eficientes de consumo para evitar desperdícios e contribuir para a economia doméstica e a sustentabilidade do setor elétrico.",False,153,2026-09-21 20:23
2026-07-03,Distribuição,Medidores de energia elétrica: ANEEL abre segunda fase da consulta pública,Interessados podem enviar sugestões sobre requisitos mínimos em medidores inteligentes,https://www.gov.br/aneel/pt-br/assuntos/noticias/2026-defeso-eleitoral/medidores-de-energia-eletrica-aneel-abre-segunda-fase-da-consulta-publica,"A Agência Nacional de Energia Elétrica (ANEEL) aprovou na terça-feira (30/6) consulta pública para tratar dos requisitos mínimos para os sistemas de medição inteligente utilizados no faturamento de consumidores de baixa tensão. As sugestões podem ser enviadas na segunda fase da Consulta Pública n° 1/2026, aberta de 1º de julho a 14 de agosto. A segunda fase apresenta uma proposta de resolução normativa que altera regras nos Procedimentos de Distribuição de Energia Elétrica no Sistema Elétrico Nacional (PRODIST) e na Resolução Normativa nº 1.000/2021. O texto prévio da resolução define o sistema de medição inteligente como uma solução formada por quatro componentes integrados: medidor, interface de comunicação com o consumidor, sistema de comunicação de dados e sistema de gestão de dados. Nessa fase da consulta pública, a ANEEL debaterá pontos como: ● o detalhamento dos requisitos mínimos dos sistemas de medição inteligente; ● os prazos e formas de disponibilização dos dados ao consumidor; ● as funcionalidades necessárias para viabilizar novas modalidades de faturamento, como o pré-pagamento; e ● eventuais ajustes relacionados à segurança cibernética, interoperabilidade e qualidade das informações disponibilizadas. Veja como enviar sugestões As contribuições para a segunda fase da Consulta Pública n° 1/2026 poderão ser enviadas de 1º de julho a 14 de agosto, por meio de formulário a ser disponibilizado na página da Consulta Pública. A página pode ser acessada no link dedicado às consultas públicas da ANEEL .",False,232,2026-09-21 20:23
2026-07-03,Eficiência energética,Olimpíada Nacional de Eficiência Energética 2026 está com inscrições abertas,"As inscrições começam em junho e, pela primeira vez, a competição incluirá estudantes do 1º e 2º anos do ensino médio de todo o país.",https://www.gov.br/aneel/pt-br/assuntos/noticias/2026-defeso-eleitoral/olimpiada-nacional-de-eficiencia-energetica-2026-esta-com-inscricoes-abertas,"A partir de 8 de junho, estudantes e professores de todo o Brasil podem se inscrever na 5ª edição da Olimpíada Nacional de Eficiência Energética (ONEE) 2026. A iniciativa é voltada para alunos do 8º e 9º anos do ensino fundamental e, pela primeira vez, estudantes do 1º e 2º anos do ensino médio das redes pública e privada. A iniciativa tem como objetivo estimular o uso seguro, racional e sustentável da energia elétrica por meio de desafios educativos e provas interativas. A ONEE 2026 busca ampliar o debate sobre consumo consciente de energia nas escolas. Como participar Os interessados podem fazer a inscrição de forma gratuita no site oficial da ONEE, onee.org.br , a partir do dia 8 de junho. Etapas da competição ● Inscrições: 8 de junho a 15 de setembro ● Desafios (1ª fase): 4 a 18 de setembro ● Provas (2ª fase): 21 a 25 de setembro ● Resultado: primeira quinzena de outubro ● Semana Olímpica: 2 a 6 de novembro ● Cerimônia Nacional de Premiação: 5 de novembro",False,173,2026-09-21 20:23
2026-06-23,Fiscalização,Fiscalização da ANEEL iniciou inspeção na Neoenergia Brasília,Ações de supervisão buscam compreender impactos do novo sistema de gestão comercial da distribuidora,https://www.gov.br/aneel/pt-br/assuntos/noticias/2026/fiscalizacao-da-aneel-iniciou-inspecao-na-neoenergia-brasilia,"A Agência Nacional de Energia Elétrica (ANEEL) iniciou ações de fiscalização na Neoenergia Brasília, com foco na implantação do novo sistema de gestão comercial e nos impactos decorrentes de sua entrada em operação. No dia 18 de junho deste ano equipe da Agência realizou fiscalização in loco na distribuidora, que atende cerca de 1,19 milhão de unidades consumidoras. A fiscalização da Agência em conjunto com a Superintendência de Mediação Administrativa e das Relações de Consumo da ANEEL conduziram a ação. A fiscalização teve como abrangência, entre outros aspectos, os processos de leitura, faturamento, emissão e entrega de faturas, arrecadação, débito automático, suspensão do fornecimento de energia elétrica, bem como demais atividades relacionadas ao ciclo comercial e ao processo de faturamento. .",False,121,2026-09-21 20:23
2026-04-07,Distribuição,ANEEL inicia processo de recomendação de caducidade do contrato de concessão da Enel SP,"Após análise do processo de fiscalização, a Agência concluiu que as falhas na prestação de serviços continuaram, com elevado tempo de atendimento emergencial, aumento de interrupções superiores a 24 horas e falhas no planejamento e execução de planos de contingência.",https://www.gov.br/aneel/pt-br/assuntos/noticias/2026/aneel-inicia-processo-de-recomendacao-de-caducidade-do-contrato-de-concessao-da-enel-sp,"A diretoria colegiada da Agência Nacional de Energia Elétrica (ANEEL) decidiu hoje (7), durante Reunião Pública Ordinária, pela instauração de um processo administrativo de caducidade contra a distribuidora de energia Enel SP. Segundo a decisão, a concessionária pode apresentar defesa escrita no prazo de 30 dias e, somente após análise de eventual recurso, a Agência poderá recomendar ou não ao Ministério de Minas e Energia (MME) a caducidade do contrato de concessão da empresa. Além disso, foi determinada a suspensão da análise de renovação do contrato de concessão, conforme previsto no Decreto nº 12.068/2024. ​ De acordo com a decisão, a Enel SP não conseguiu alcançar os padrões de desempenho satisfatórios e permaneceu abaixo da média de outras distribuidoras em eventos climáticos extremos semelhantes. ​Além disso, concluiu que as falhas na prestação de serviços continuaram, com elevado tempo de atendimento emergencial, aumento de interrupções superiores a 24 horas e falhas no planejamento e execução de planos de contingência. ​ A ANEEL avaliou os eventos climáticos severos ocorridos em 2023, 2024 e 2025, que resultaram em interrupções prolongadas no fornecimento de energia elétrica, afetando milhões de consumidores na região metropolitana de São Paulo.​ A concessionária apresentou um Plano de Recuperação para corrigir as falhas apontadas, mas a área técnica concluiu que as medidas adotadas foram insuficientes para sanar os problemas. A Enel SP também apresentou manifestações e pareceres jurídicos, mas os argumentos foram rejeitados pela ANEEL. ​ “A melhora pontual de indicadores ou de resposta a eventos específicos não afasta a caracterização de inadequação do serviço, especialmente diante da recorrência e da gravidade dos episódios analisados. A atuação fiscalizatória da ANEEL não se limita à verificação mecânica de indicadores regulatórios, podendo se apoiar em elementos técnicos e operacionais diversos para aferição do serviço adequado”, concluiu a decisão. Com sede na cidade de São Paulo (SP), a Enel SP atende a mais de 8 milhões de unidades consumidoras em 24 municípios do estado.",False,321,2026-09-21 20:23
2026-03-31,Institucional,ANEEL aprimora regras para envio de documentos pelo Protocolo Digital,As mudanças foram aprovadas pela Portaria nº 7.070 e valem para qualquer pessoa ou empresa que protocole documentos na Agência.,https://www.gov.br/aneel/pt-br/assuntos/noticias/2026-defeso-eleitoral/aneel-aprimora-regras-para-envio-de-documentos-pelo-protocolo-digital,"A ANEEL atualizou as regras para quem envia documentos pelo Sistema de Protocolo Digital (SPD). As mudanças foram aprovadas pela Portaria nº 7.070/2026 , e valem para qualquer pessoa ou empresa que protocole documentos na Agência. O que muda na prática? A principal novidade é que, a partir de agora, a classificação do nível de acesso de um documento, se ele será público ou restrito, leva em conta a própria declaração de quem está enviando. Ou seja, o interessado informa, no momento do protocolo, se o documento contém informações sensíveis. Enviou um documento restrito? Siga estes passos: Quem indicar que o documento tem acesso restrito precisará, obrigatoriamente: apresentar uma versão pública do documento, idêntica à original, mas com as informações sensíveis ocultadas de forma permanente; informar a base legal que justifica a restrição; e incluir, no início da versão pública, uma justificativa clara para o pedido de restrição. Se esses requisitos não forem cumpridos, o documento poderá ser reclassificado como público. Caso a versão pública não seja apresentada na hora do protocolo, o interessado será notificado para regularizar a situação. Por que essas mudanças foram feitas? As novas regras buscam trazer mais transparência, segurança jurídica e padronização ao processo de protocolo de documentos na ANEEL, em linha com a legislação brasileira sobre acesso à informação. A Portaria nº 7.070 aprimora a Norma de Organização nº 56, de dezembro de 2024, que regulamenta o uso do Sistema Eletrônico de Informações (SEI) na Agência.",False,242,2026-09-21 20:23
2026-01-07,Bandeira tarifária,Bandeira Tarifária: ANEEL divulga calendário de acionamento para 2026,A consulta das datas de cada mês já está disponível,https://www.gov.br/aneel/pt-br/assuntos/noticias/2026/bandeira-tarifaria-aneel-divulga-calendario-de-acionamento-para-2026,"O calendário de   acionamento das bandeiras tarifárias que irão vigorar a cada mês no decorrer do ano de 2026 está disponível para consulta dos interessados. Ao longo do ano, a ANEEL divulga, nas datas previstas, a cor da bandeira que estará vigente no mês seguinte. O sistema implantado em 2015 sinaliza aos consumidores os custos reais da geração de energia elétrica por meio das cores das bandeiras tarifárias (verde, amarela ou vermelha), que indicam se a energia custará mais ou menos em função das condições de geração de eletricidade. Desta forma, a conta de luz fica mais transparente e o consumidor tem a melhor informação para usar a energia elétrica de forma mais consciente. Com condições de geração favoráveis, neste mês de janeiro foi acionada a bandeira verde, indicando que não haverá custo adicional nas contas dos consumidores de energia elétrica. Confira abaixo o calendário previsto para divulgação das bandeiras tarifárias em 2026: MÊS DATA DA PUBLICAÇÃO Fevereiro 30/01/2026 Março 27/02/2026 Abril 27/03/2026 Maio 24/04/2026 Junho 29/05/2026 Julho 26/06/2026 Agosto 31/07/2026 Setembro 28/08/2026 Outubro 25/09/2026 Novembro 30/10/2026 Dezembro 27/11/2026 Janeiro/2027 23/12/2026 Clique aqui para mais informações sobre bandeiras tarifárias.",False,189,2026-09-21 20:23
2025-06-12,Perdas de energia,Relatório traz níveis de perdas técnicas e não técnicas em 2024 no sistema de distribuição de energia,"O documento aponta que os prejuízos decorrentes do furto de energia, os chamados “gatos”, somaram R$ 10,3 bilhões no ano passado. Os estados com os maiores níveis de furto de energia são Rio de Janeiro e Amazonas.",https://www.gov.br/aneel/pt-br/assuntos/noticias/2025/relatorio-traz-niveis-de-perdas-tecnicas-e-nao-tecnicas-em-2024-no-sistema-de-distribuicao-de-energia,"Já está disponível no site da Agência Nacional de Energia Elétrica (ANEEL) relatório com os níveis de perdas de energia no mercado de distribuição brasileiro. As 10 distribuidoras com maiores montantes de perdas em 2024 respondem por 74,0% das perdas não técnicas do Brasil, sendo que Light (RJ) e Amazonas Energia (AM), as duas primeiras colocadas no ranking, respondem por 34,1%. As perdas não técnicas têm origem principalmente nos furtos (ligação clandestina, desvio direto da rede), fraudes (adulterações no medidor ou desvios), erros de leitura, medição e faturamento. Essas perdas, também conhecidas como “gatos”, estão associadas à gestão da concessionária e às características socioeconômicas das áreas de concessão e representaram, no ano passado, um custo da ordem de R$ 10,3 bilhões. As concessionárias de grande porte, cujo mercado é maior do que 700 GWh, são responsáveis por quase a totalidade dos montantes das perdas não técnicas no Brasil devido ao tamanho do mercado e à maior complexidade de se combater as perdas. O combate ao furto de energia é um desafio, sobretudo, diante dos grandes mercados brasileiros e da complexidade do serviço de distribuição. Por essa razão, a ANEEL estabelece limites regulatórios, a fim de incentivar as distribuidoras a reduzirem os percentuais de furto de energia ao longo dos anos. O acompanhamento das perdas pela ANEEL é feito mediante monitoramento da evolução das perdas reais frente às perdas regulatórias. O mecanismo adotado pela ANEEL está na fixação no nível de perdas durante um período predeterminado, de modo que a concessionária tenha o incentivo de reduzir as perdas para obter ganhos adicionais de receita ou reduzir os prejuízos decorrentes do não repasse integral das perdas. A metodologia das perdas não técnicas não estabelece penalidades para as concessionárias no caso de não atingimento dos percentuais regulatórios. É importante frisar que os valores regulatórios de perdas não técnicas não são necessariamente menores do que os valores praticados pelas empresas. Além disso, a empresa pode responder a incentivos de combate às perdas durante o ciclo tarifário, inclusive com mais vigor do que os valores regulatórios estabelecidos. Da mesma forma, não há intervenção por parte da ANEEL a respeito das ações que devem ser desenvolvidas pela concessionária para o combate às perdas, tendo em vista que é a distribuidora que detém as informações necessárias para identificar quais estratégias alcançarão os melhores resultados, desde que embasadas pela regulamentação setorial vigente. Confira no gráfico abaixo as maiores participações das perdas não técnicas reais do país em 2024. . Perdas Técnicas As perdas técnicas, presentes em qualquer sistema de distribuição, variam conforme as características de carregamento e configuração das redes de cada área de concessão, sendo reconhecidas, nas tarifas pela ANEEL, apenas os níveis eficientes, dadas as características do sistema de distribuição. O custo aproximado das perdas técnicas, obtido pela multiplicação dos montantes pelo preço médio da energia nos processos tarifários em 2024, sem considerar tributos, foi de R$ 11,2 bilhões. Essas perdas, inerentes a qualquer sistema de distribuição, são calculadas pela ANEEL considerando a operação eficiente das redes e repassadas às tarifas. Dadas suas características, grandes reduções não são esperadas. Já o reconhecimento tarifário das perdas na rede básica totalizou aproximadamente R$ 1,5 bilhão nos processos tarifários de 2024. O transporte da energia, seja na Rede Básica (sistema de transmissão) ou na distribuição, resulta inevitavelmente em perdas técnicas, pois parte da energia é dissipada no processo de transporte, transformação de tensão e medição em decorrência das leis da física. Confira no gráfico abaixo os percentuais regulatórios de perdas técnicas sobre a energia injetada das 51 concessionárias de distribuição em 2024. . As informações sobre as perdas não técnicas das concessionárias de distribuição, tanto sobre o mercado de baixa tensão como sobre a energia injetada, no período de 2012 a 2024, por ano civil, assim como as que foram efetivamente consideradas nos processos tarifários, estão disponíveis na página eletrônica da ANEEL (Assuntos - Tarifas – Indicadores e Relatórios - Perdas de Energia).",False,654,2026-09-21 20:23
2025-02-18,Distribuição,Aprovada consulta para aperfeiçoar regras dos serviços de distribuição em consequência da abertura do mercado para consumidores do Grupo A,"Proposta visa também criar o Open Energy, ambiente que permitirá ao consumidor o acesso aos próprios dados e compartilhamento mediante consentimento prévio",https://www.gov.br/aneel/pt-br/assuntos/noticias/2025-defeso-eleitoral/aprovada-consulta-para-aperfeicoar-regras-dos-servicos-de-distribuicao-em-consequencia-da-abertura-do-mercado-para-consumidores-do-grupo-a,"Em reunião da diretoria colegiada realizada nesta terça-feira (18/2), a Agência Nacional de Energia Elétrica (ANEEL) aprovou a Consulta Pública CP 7/2025 para aprimorar a regulação dos serviços de distribuição em consequência da abertura de mercado para todos os consumidores do Grupo A, instituída pela Portaria MME nº 50/2022. A Portaria possibilitou aos consumidores conectados em tensão maior ou igual a 2,3 kV, ou atendidos a partir de sistema subterrâneo de distribuição em tensão menor que 2,3 kV, a opção de migração ao Ambiente de Contratação Livre (ACL), comumente chamado de mercado livre, a partir de 1/1/2024, deixando de comprar energia diretamente da distribuidora no Ambiente de Contratação Regulada (ACR). O objetivo das alterações propostas é simplificar e padronizar a migração ao ACL a partir da melhoria de procedimentos, a fim de coibir condutas anticoncorrenciais e entraves burocráticos observados pelos consumidores. Entre janeiro e dezembro de 2024, a ANEEL registrou 28.124 migrações ao Ambiente de Contratação Livre (ACL), um incremento expressivo em relação aos anos anteriores. As mudanças serão promovidas em artigos das Resoluções Normativas 1.000/2021, 948/2021, 957/2021 e 846/2019 no que tange à migração ao ACL, retorno ao mercado cativo (ACR), faturamento, concorrência, prazos, condições e penalidades. A proposta em Consulta Pública trata também da criação do Open Energy, que permitirá ao consumidor o acesso aos próprios dados, por meio de interface padronizada, e compartilhamento, mediante consentimento prévio, com agentes do mercado livre. As contribuições poderão ser enviadas do dia 20 de fevereiro ao dia 7 de abril, pelo e-mail cp007_2025@aneel.gov.br . Mais informações sobre a CP 07/2025 estarão disponíveis no link https://antigo.aneel.gov.br/consultas-publicas",False,264,2026-09-21 20:23
2022-03-15,Aneel,ANEEL no gov.br: saiba como navegar pelo novo portal,"A ANEEL lançou nesta terça-feira (15/3) seu novo portal na plataforma única do Governo Federal, no endereço www.gov.br/aneel. Com conteúdo mais objetivo e orientado às necessidades do cidadão na busca por informações e serviços, o novo portal tem a finalidade de facilitar e tornar o relacionamento com a Agência ainda mais transparente, simples e moderno!",https://www.gov.br/aneel/pt-br/assuntos/noticias/2022/aneel-no-gov-br-saiba-como-navegar-pelo-novo-portal,"A ANEEL lançou nesta terça-feira (15/3) seu novo portal na plataforma única do Governo Federal, no endereço www.gov.br/aneel . Com conteúdo mais objetivo e orientado às necessidades do cidadão na busca por informações e serviços, o novo portal tem a finalidade de facilitar e tornar o relacionamento com a Agência ainda mais transparente, simples e moderno! Com a novidade, houve mudanças na organização do conteúdo e na navegação. Confira a seguir um resumo dos itens que compõem o menu principal do site (disponível no ícone de três listras no canto superior esquerdo): O item “ Assuntos ” é voltado para o público em geral e contém informações explicativas sobre o setor elétrico e sobre a ANEEL, organizados por tema ou segmento; Nas “ Centrais de Conteúdos ” estão consolidados todos os arquivos (.doc, .ppt, .pdf, .xls, entre outros) e relatórios interativos da ANEEL, também organizados por tema. Também é nessa seção que você encontrará, por exemplo, manuais, instruções, o glossário do setor elétrico, legislação e conteúdos educativos; O menu “ Calendário de Atividades ” agrega os principais calendários da Agência, como o de reuniões públicas, eventos, agenda regulatória, processos tarifários, entre outros; O menu “ Reuniões Públicas ” contém as pautas e atas das reuniões, decisões monocráticas da Agência, lista de distribuição de processos e links para cadastro de sustentação oral e para as gravações das reuniões realizadas; Para falar com a ANEEL sobre as distribuidoras de energia elétrica ou outras demandas, acesse o menu “ Canais de Atendimento ” ; O menu “ Composição ” apresenta a estrutura organizacional da Agência, o Quem é Quem e a Agenda de Autoridades, em um só local; Se você é um consumidor de energia elétrica e tem dúvidas sobre direitos e deveres ou quer conhecer mais sobre a relação consumidor-distribuidora, acesse o menu “ Consumidores ” ; Já o menu “ Empreendedores ” é voltado para os agentes do setor elétrico. É onde ficam os avisos e assuntos técnicos. Se você é um empreendedor, é importante consultar também as “Centrais de Conteúdos”. É nela que você encontrará manuais, modelos, instruções, relatórios, procedimentos regulatórios, entre outros; O item “ Acesso à Informação ” permanece com a mesma composição do site anterior, em atendimento às diretrizes da Lei nº 12.527/2011. Na página inicial, há acesso rápido às principais notícias e serviços da Agência, como Processo Eletrônico, Reuniões Públicas, Biblioteca Virtual, Participação Social (audiências e consultas públicas), entre outros.",False,404,2026-09-21 20:23
